{
  "electrons": {
    "particle_cpu": 0.0,
    "particle_id": 2147516416.0,
    "particle_momentum_x": 7.517481917937245e-21,
    "particle_momentum_y": 3.896955095181759e-21,
    "particle_momentum_z": 1.7807680056139682e-16,
    "particle_position_x": 405588.5826369648,
    "particle_position_y": 20127109.08237198,
    "particle_weight": 6.917460794691972e+17
  },
  "ions": {
     "particle_cpu": 0.0,
     "particle_id": 6442483712.0,
     "particle_momentum_x": 2.6093555711476015e-18,
     "particle_momentum_y": 2.6179624992626143e-18,
     "particle_momentum_z": 3.2697610954306833e-13,
     "particle_position_x": 405588.43858521566,
     "particle_position_y": 20127109.123472013,
     "particle_weight": 6.917460794691972e+17
  },
 "lev=0": {
    "Bx": 0.0,
    "By": 0.0,
    "Bz": 0.0,
    "Ex": 0.0,
    "Ey": 0.0,
    "Ez": 0.0,
    "jx": 0.0,
    "jy": 0.0,
    "jz": 0.0
    }
  }
