{
  "electrons": {
    "particle_momentum_x": 7.68203189224468e-22,
    "particle_momentum_y": 7.790694236545759e-22,
    "particle_momentum_z": 8.903825726864705e-17,
    "particle_position_x": 81920.22060630744,
    "particle_position_y": 81919.5862141829,
    "particle_position_z": 4859842.2500584535,
    "particle_weight": 8.465938144469544e+17
  },
  "ions": {
    "particle_momentum_x": 1.315100711300618e-18,
    "particle_momentum_y": 1.3043486939872222e-18,
    "particle_momentum_z": 1.6348805701080172e-13,
    "particle_position_x": 81920.24863538152,
    "particle_position_y": 81919.60417276036,
    "particle_position_z": 4859842.251721316,
    "particle_weight": 8.465938144469544e+17
  },
  "lev=0": {
    "Bx": 0.003065529663856482,
    "By": 0.003128474422296177,
    "Bz": 0.0020318868508058304,
    "Ex": 1015051.2393758895,
    "Ey": 962257.7318234849,
    "Ez": 85850.49908322783,
    "jx": 868.49711435885,
    "jy": 934.4643389319831,
    "jz": 13927.302944911089
  }
}