{
  "lev=0": {
    "Bx": 0.0022323256780789518,
    "By": 0.004459932871839305,
    "Bz": 0.00637457898127472,
    "Ex": 1416337.6708504227,
    "Ey": 2097441.8575269715,
    "Ez": 322659.2529140208,
    "jx": 434.80521090428647,
    "jy": 844.9945365202174,
    "jz": 5016.671926537131
  },
  "electrons": {
    "x": 405588.6263336367,
    "y": 0.0,
    "z": 20127109.123049334,
    "ux": 9.882355393942063,
    "uy": 8.635601874932437,
    "uz": 652074.9600443201,
    "w": 6.917460794691972e+17
  },
  "ions": {
    "x": 405588.6872874654,
    "y": 0.0,
    "z": 20127109.122936208,
    "ux": 5.258602664490241,
    "uy": 5.236002869603918,
    "uz": 652074.974836413,
    "w": 6.917460794691972e+17
  }
}
