{
  "electrons": {
    "particle_cpu": 0.0,
    "particle_id": 2147516416.0,
    "particle_momentum_x": 7.839221492619444e-21,
    "particle_momentum_y": 2.7004558341834347e-21,
    "particle_momentum_z": 1.7807679253301424e-16,
    "particle_position_x": 405588.5591398962,
    "particle_position_y": 20127109.071436103,
    "particle_weight": 6.917460794691972e+17
  },
  "ions": {
    "particle_cpu": 0.0,
    "particle_id": 6442483712.0,
    "particle_momentum_x": 2.6093438822255472e-18,
    "particle_momentum_y": 2.6179458148483648e-18,
    "particle_momentum_z": 3.269760998813916e-13,
    "particle_position_x": 405588.43859727494,
    "particle_position_y": 20127109.117509525,
    "particle_weight": 6.917460794691972e+17
  },
  "lev=0": {
    "Bx": 0.002755867270854128,
    "By": 0.0015080468556337785,
    "Bz": 0.0077858714279581895,
    "Ex": 464246.90398531477,
    "Ey": 2550565.4777627503,
    "Ez": 43834.358121301164,
    "jx": 221.6215655937063,
    "jy": 993.358078038227,
    "jz": 4650.141880050647
  }
}