{
  "electrons": {
    "particle_cpu": 0.0,
    "particle_id": 536887296.0,
    "particle_momentum_x": 3.1129132496015666e-20,
    "particle_momentum_y": 3.0017627740521483e-20,
    "particle_momentum_z": 8.904171965856788e-17,
    "particle_position_x": 158433.3693892244,
    "particle_position_y": 158432.16743352715,
    "particle_position_z": 15724303.927902682,
    "particle_weight": 4.082754265421834e+18
  },
  "ions": {
    "particle_cpu": 0.0,
    "particle_id": 1610629120.0,
    "particle_momentum_x": 1.3144073041863281e-18,
    "particle_momentum_y": 1.3115588299779562e-18,
    "particle_momentum_z": 1.6348803504860865e-13,
    "particle_position_x": 158433.36794743096,
    "particle_position_y": 158432.13055422663,
    "particle_position_z": 15724303.986784957,
    "particle_weight": 4.082754265421834e+18
  },
  "lev=0": {
    "Bx": 0.056921656761459924,
    "By": 0.058934240410496434,
    "Bz": 0.5206831875786353,
    "Ex": 171806975.3287552,
    "Ey": 164770789.98409316,
    "Ez": 1036142.4032854013,
    "jx": 76766.28402952384,
    "jy": 75076.8695684449,
    "jz": 20606.225852789266
  }
}