{
  "electrons": {
    "particle_cpu": 32768.0,
    "particle_id": 1073774592.0,
    "particle_momentum_x": 2.6987960602750912e-21,
    "particle_momentum_y": 2.3583158815448188e-21,
    "particle_momentum_z": 1.7807675042654014e-16,
    "particle_position_x": 405588.6263336367,
    "particle_position_y": 20127109.123049334,
    "particle_weight": 6.917460794691972e+17
  },
  "ions": {
    "particle_cpu": 32768.0,
    "particle_id": 3221258240.0,
    "particle_momentum_x": 2.6368707637661792e-18,
    "particle_momentum_y": 2.6255383353049537e-18,
    "particle_momentum_z": 3.2697610879044984e-13,
    "particle_position_x": 405588.6872874654,
    "particle_position_y": 20127109.122936208,
    "particle_weight": 6.917460794691972e+17
  },
  "lev=0": {
    "Bx": 0.002232320213633506,
    "By": 0.004459938776538334,
    "Bz": 0.006374599526320067,
    "Ex": 1416337.8255897765,
    "Ey": 2097441.857526919,
    "Ez": 322659.2369253079,
    "jx": 434.8052109005167,
    "jy": 844.9945365202007,
    "jz": 5016.6719265439715
  }
}