{
  "electrons": {
    "particle_cpu": 0.0,
    "particle_id": 536887296.0,
    "particle_momentum_x": 3.235370594842269e-20,
    "particle_momentum_y": 3.116556644010673e-20,
    "particle_momentum_z": 8.904212408978889e-17,
    "particle_position_x": 158433.3678817281,
    "particle_position_y": 158432.165536343,
    "particle_position_z": 15724303.92031937,
    "particle_weight": 4.082754265421834e+18
  },
  "ions": {
    "particle_cpu": 0.0,
    "particle_id": 1610629120.0,
    "particle_momentum_x": 1.314439943956008e-18,
    "particle_momentum_y": 1.311628100016085e-18,
    "particle_momentum_z": 1.6348803463772493e-13,
    "particle_position_x": 158433.36794743972,
    "particle_position_y": 158432.1305546865,
    "particle_position_z": 15724303.986768533,
    "particle_weight": 4.082754265421834e+18
  },
  "lev=0": {
    "Bx": 0.06085014302192544,
    "By": 0.0629280293306694,
    "Bz": 0.5674918973594997,
    "Ex": 183829738.031337,
    "Ey": 176127082.12742153,
    "Ez": 1031944.8742862595,
    "jx": 72051.25977794768,
    "jy": 69843.47286996675,
    "jz": 21538.61066907263
  }
}
