{
  "electrons": {
    "particle_momentum_x": 2.699537402367086e-21,
    "particle_momentum_y": 2.360019270692638e-21,
    "particle_momentum_z": 1.780767510883242e-16,
    "particle_position_x": 405588.6263336367,
    "particle_position_y": 20127109.123049334,
    "particle_weight": 6.917460794691972e+17
  },
  "ions": {
    "particle_momentum_x": 2.6368707637661792e-18,
    "particle_momentum_y": 2.625538343907723e-18,
    "particle_momentum_z": 3.2697610879044984e-13,
    "particle_position_x": 405588.6872874654,
    "particle_position_y": 20127109.122936208,
    "particle_weight": 6.917460794691972e+17
  },
  "lev=0": {
    "Bx": 2.234765767599257e-03,
    "By": 4.462001842258744e-03,
    "Bz": 6.381690961970809e-03,
    "Ex": 1.416992773122968e+06,
    "Ey": 2.099798645881705e+06,
    "Ez": 3.228119949045398e+05,
    "jx": 4.349734911337562e+02,
    "jy": 8.458001863765897e+02,
    "jz": 5.019025457043359e+03
  }
}