{
  "electrons": {
    "particle_momentum_x": 7.541286177708906e-22,
    "particle_momentum_y": 7.659210933457820e-22,
    "particle_momentum_z": 8.903837743806713e-17,
    "particle_position_x": 8.192020005688485e+04,
    "particle_position_y": 81919.57574159632,
    "particle_position_z": 4859842.25173892,
    "particle_weight": 8.465938144469544e+17
  },
  "ions": {
    "particle_momentum_x": 1.315066152528604e-18,
    "particle_momentum_y": 1.304308609680759e-18,
    "particle_momentum_z": 1.6348805688929498e-13,
    "particle_position_x": 81920.24864627604,
    "particle_position_y": 81919.60417848203,
    "particle_position_z": 4859842.251720389,
    "particle_weight": 8.465938144469544e+17
  },
  "lev=0": {
    "Bx": 1.309435551744617e-03,
    "By": 1.301878970561325e-03,
    "Bz": 1.136586234785266e-03,
    "Ex": 4.840457155429390e+05,
    "Ey": 4.776331306372285e+05,
    "Ez": 5.917578918138787e+04,
    "jx": 5.183750981708264e+02,
    "jy": 5.182362689679306e+02,
    "jz": 1.251031485266083e+04
  }
}