{
  "electrons": {
    "particle_cpu": 0.0,
    "particle_id": 536887296.0,
    "particle_momentum_x": 3.094828314000131e-20,
    "particle_momentum_y": 2.986276244935509e-20,
    "particle_momentum_z": 8.904170376087041e-17,
    "particle_position_x": 158433.3737028487,
    "particle_position_y": 158432.1663227203,
    "particle_position_z": 15724303.92810403,
    "particle_weight": 4.082754265421834e+18
  },
  "ions": {
    "particle_cpu": 0.0,
    "particle_id": 1610629120.0,
    "particle_momentum_x": 1.3143999865320922e-18,
    "particle_momentum_y": 1.3115489851341607e-18,
    "particle_momentum_z": 1.6348803506523476e-13,
    "particle_position_x": 158433.36794520426,
    "particle_position_y": 158432.13055551145,
    "particle_position_z": 15724303.986785894,
    "particle_weight": 4.082754265421834e+18
  },
  "lev=0": {
    "Bx": 0.056130529683723604,
    "By": 0.05812528370481717,
    "Bz": 0.5178262645776277,
    "Ex": 171598317.0963192,
    "Ey": 164544282.67461893,
    "Ez": 1006956.810225577,
    "jx": 76053.34653818703,
    "jy": 74549.16508051571,
    "jz": 20570.512532683482
  }
}