{
  "electrons": {
    "particle_cpu": 16384.0,
    "particle_id": 268451840.0,
    "particle_momentum_x": 7.541293474047602e-22,
    "particle_momentum_y": 7.659237311038949e-22,
    "particle_momentum_z": 8.903837825813545e-17,
    "particle_position_x": 81920.19983311385,
    "particle_position_y": 81919.57574159632,
    "particle_position_z": 4859842.25173892,
    "particle_weight": 8.465938144469544e+17
  },
  "ions": {
    "particle_cpu": 16384.0,
    "particle_id": 805322752.0,
    "particle_momentum_x": 1.3150661471416006e-18,
    "particle_momentum_y": 1.3043086023289102e-18,
    "particle_momentum_z": 1.6348805688929498e-13,
    "particle_position_x": 81920.24864627604,
    "particle_position_y": 81919.60417848203,
    "particle_position_z": 4859842.251720389,
    "particle_weight": 8.465938144469544e+17
  },
  "lev=0": {
    "Bx": 0.0013098871638097358,
    "By": 0.0013022560350337753,
    "Bz": 0.0011362439560486531,
    "Ex": 484163.6732625635,
    "Ey": 477718.00481193175,
    "Ez": 59111.02620595385,
    "jx": 518.3761051018562,
    "jy": 518.2049269419615,
    "jz": 12510.503007892248
  }
}