{
  "lev=0": {
    "Bx": 0.0028367979635338485,
    "By": 0.0015871101421988444,
    "Bz": 0.007993802082803092,
    "Ex": 483043.6110403653,
    "Ey": 2565122.701641556,
    "Ez": 44625.5490021275,
    "jx": 219.64580002381945,
    "jy": 985.4589204209219,
    "jz": 4147.941958824648
  },
  "electrons": {
    "x": 405588.589066115,
    "y": 0.0,
    "z": 20127109.119097948,
    "ux": 9.27294181179652,
    "uy": 9.886615008493164,
    "uz": 652075.0064141722,
    "w": 6.917460794691972e+17
  },
  "ions": {
    "x": 405588.4386175681,
    "y": 0.0,
    "z": 20127109.117484942,
    "ux": 5.203768518790983,
    "uy": 5.2208651999114855,
    "uz": 652074.9571255194,
    "w": 6.917460794691972e+17
  }
}
