{
  "electrons": {
    "particle_momentum_x": 2.532370425299364e-21,
    "particle_momentum_y": 2.699959945265511e-21,
    "particle_momentum_z": 1.7807676308672323e-16,
    "particle_position_x": 405588.5890661151,
    "particle_position_y": 20127109.119097948,
    "particle_weight": 6.917460794691972e+17
  },
  "ions": {
    "particle_momentum_x": 2.6093747608241028e-18,
    "particle_momentum_y": 2.617947710713471e-18,
    "particle_momentum_z": 3.269760999095121e-13,
    "particle_position_x": 405588.4386175681,
    "particle_position_y": 20127109.117484942,
    "particle_weight": 6.917460794691972e+17
  },
  "lev=0": {
    "Bx": 0.002836797963533812,
    "By": 0.0015871101422500937,
    "Bz": 0.007993802082802991,
    "Ex": 483043.6110477062,
    "Ey": 2565122.7016415303,
    "Ez": 44625.54901861734,
    "jx": 219.64580002836755,
    "jy": 985.4589204209067,
    "jz": 4147.941958882783
  }
}