{
  "electrons": {
    "particle_cpu": 0.0,
    "particle_id": 536887296.0,
    "particle_momentum_x": 3.117054851234775e-20,
    "particle_momentum_y": 3.001845173438456e-20,
    "particle_momentum_z": 8.904171749910479e-17,
    "particle_position_x": 1.584333739520989e+05,
    "particle_position_y": 1.584321655637412e+05,
    "particle_position_z": 1.572430392795919e+07,
    "particle_weight": 4.082754265421834e+18
  },
  "ions": {
    "particle_cpu": 0.0,
    "particle_id": 1610629120.0,
    "particle_momentum_x": 1.314407370782951e-18,
    "particle_momentum_y": 1.311561124973636e-18,
    "particle_momentum_z": 1.634880350514676e-13,
    "particle_position_x": 158433.36778651696,
    "particle_position_y": 158432.13062157098,
    "particle_position_z": 15724303.986645736,
    "particle_weight": 4.082754265421834e+18
  },
  "lev=0": {
    "Bx": 5.639726794292435e-02,
    "By": 5.861688449583680e-02,
    "Bz": 5.178221291338453e-01,
    "Ex": 1.716286020271324e+08,
    "Ey": 1.645738821764305e+08,
    "Ez": 1.048428229036270e+06,
    "jx": 7.730234355345333e+04,
    "jy": 7.543253496555597e+04,
    "jz": 2.058740672058835e+04
  }
}