{
  "lev=0": {
    "Bx": 0.0013098871638574157,
    "By": 0.0013022560350685452,
    "Bz": 0.0011362439560486152,
    "Ex": 484163.6732738542,
    "Ey": 477718.0048192754,
    "Ez": 59111.02621342249,
    "jx": 518.3761051023898,
    "jy": 518.2049269399783,
    "jz": 12510.50300789953
  },
  "electrons": {
    "x": 81920.19983311385,
    "y": 81919.57574159632,
    "z": 4859842.25173892,
    "ux": 2.761443382695494,
    "uy": 2.8046316274315695,
    "uz": 326037.4911718255,
    "w": 8.465938144469544e+17
  },
  "ions": {
    "x": 81920.24864627604,
    "y": 81919.60417848203,
    "z": 4859842.251720389,
    "ux": 2.6225822063199744,
    "uy": 2.601128878157909,
    "uz": 326037.4923920275,
    "w": 8.465938144469544e+17
  }
}
