{
  "electrons": {
    "particle_cpu": 0.0,
    "particle_id": 2147516416.0,
    "particle_momentum_x": 1.7811492579894284e-21,
    "particle_momentum_y": 3.701125004953832e-21,
    "particle_momentum_z": 1.780767609912991e-16,
    "particle_position_x": 405588.6357717975,
    "particle_position_y": 20127109.120672293,
    "particle_weight": 6.917460794691972e+17
  },
  "ions": {
    "particle_cpu": 0.0,
    "particle_id": 6442483712.0,
    "particle_momentum_x": 2.6093580801651347e-18,
    "particle_momentum_y": 2.6179613459873272e-18,
    "particle_momentum_z": 3.2697610957913e-13,
    "particle_position_x": 405588.4385707254,
    "particle_position_y": 20127109.123452574,
    "particle_weight": 6.917460794691972e+17
  },
  "lev=0": {
    "Bx": 0.004764046654527804,
    "By": 0.0033952201204980603,
    "Bz": 0.013365957110371444,
    "Ex": 868919.3256494626,
    "Ey": 4290291.934498462,
    "Ez": 506718.32657757506,
    "jx": 229.4568776966188,
    "jy": 1167.2729519973009,
    "jz": 13476.477504422168
  }
}