{
  "electrons": {
    "particle_cpu": 16384.0,
    "particle_id": 268451840.0,
    "particle_momentum_x": 7.7995251289822435e-22,
    "particle_momentum_y": 8.074330186995838e-22,
    "particle_momentum_z": 8.903825514493788e-17,
    "particle_position_x": 81920.18918871933,
    "particle_position_y": 81919.5831219329,
    "particle_position_z": 4859842.244479183,
    "particle_weight": 8.465938144469544e+17
  },
  "ions": {
    "particle_cpu": 16384.0,
    "particle_id": 805322752.0,
    "particle_momentum_x": 1.3150933103656697e-18,
    "particle_momentum_y": 1.3043391649576861e-18,
    "particle_momentum_z": 1.6348805701235153e-13,
    "particle_position_x": 81920.24865227392,
    "particle_position_y": 81919.60417444627,
    "particle_position_z": 4859842.251724299,
    "particle_weight": 8.465938144469544e+17
  },
  "lev=0": {
    "Bx": 0.005929477058201302,
    "By": 0.0058055237342976886,
    "Bz": 0.0022697891456179655,
    "Ex": 1828885.9364566712,
    "Ey": 1829511.8536826828,
    "Ez": 155005.33713359718,
    "jx": 906.797388659391,
    "jy": 888.6688570480621,
    "jz": 33676.961281065196
  }
}