{
  "electrons": {
    "particle_cpu": 0.0,
    "particle_id": 536887296.0,
    "particle_momentum_x": 3.069060217914455e-20,
    "particle_momentum_y": 2.955864813654792e-20,
    "particle_momentum_z": 8.904171964713278e-17,
    "particle_position_x": 158433.3693892244,
    "particle_position_y": 158432.16743352715,
    "particle_position_z": 15724303.927902682,
    "particle_weight": 4.082754265421834e+18
  },
  "ions": {
    "particle_cpu": 0.0,
    "particle_id": 1610629120.0,
    "particle_momentum_x": 1.3143704893850579e-18,
    "particle_momentum_y": 1.311559649208915e-18,
    "particle_momentum_z": 1.6348803504847822e-13,
    "particle_position_x": 158433.36794743096,
    "particle_position_y": 158432.13055422663,
    "particle_position_z": 15724303.986784957,
    "particle_weight": 4.082754265421834e+18
  },
  "lev=0": {
    "Bx": 0.05811677943915807,
    "By": 0.06003789952009811,
    "Bz": 0.53300620716022,
    "Ex": 173236565.20945996,
    "Ey": 165890551.4406476,
    "Ez": 1037164.1567886411,
    "jx": 76766.28402952384,
    "jy": 75076.8695684449,
    "jz": 20606.225852789266
  }
}