{
  "electrons": {
    "particle_cpu": 32768.0,
    "particle_id": 1073774592.0,
    "particle_momentum_x": 0.0000000000000000000027067711416319661298,
    "particle_momentum_y": 0.0000000000000000000023192826970892967066,
    "particle_momentum_z": 0.0000000000000001780767577176298062065619,
    "particle_position_x": 405588.6300079636,
    "particle_position_y": 20127109.122946262,
    "particle_weight": 6.917460794691972e+17
  },
  "ions": {
    "particle_cpu": 32768.0,
    "particle_id": 3221258240.0,
    "particle_momentum_x": 0.0000000000000000026368627902851399193077,
    "particle_momentum_y": 0.0000000000000000026255378476061007641539,
    "particle_momentum_z": 3.2697610878128845e-13,
    "particle_position_x": 405588.6872870345,
    "particle_position_y": 20127109.122934863,
    "particle_weight": 6.917460794691972e+17
  },
  "lev=0": {
    "Bx": 0.0021750219725046983712535286770162201719,
    "By": 0.0153695865205019169263955802762211533263,
    "Bz": 0.0062702908217601412491082335520786728011,
    "Ex": 4611570.46855561621487140655517578125,
    "Ey": 2050686.317634549923241138458251953125,
    "Ez": 370909.6632977725821547210216522216796875,
    "jx": 443.0222925727769620607432443648576736450195,
    "jy": 827.7301581415854343504179269075393676757812,
    "jz": 69658.17052680559572763741016387939453125
  }
}