{
  "electrons": {
    "particle_cpu": 0.0,
    "particle_id": 536887296.0,
    "particle_momentum_x": 3.069066887870782e-20,
    "particle_momentum_y": 2.955868732965196e-20,
    "particle_momentum_z": 8.904171962692539e-17,
    "particle_position_x": 158433.36933129688,
    "particle_position_y": 158432.16741072622,
    "particle_position_z": 15724303.927909398,
    "particle_weight": 4.082754265421834e+18
  },
  "ions": {
    "particle_cpu": 0.0,
    "particle_id": 1610629120.0,
    "particle_momentum_x": 1.3143704917651427e-18,
    "particle_momentum_y": 1.311559655775167e-18,
    "particle_momentum_z": 1.634880350484984e-13,
    "particle_position_x": 158433.36794746263,
    "particle_position_y": 158432.1305542388,
    "particle_position_z": 15724303.986784955,
    "particle_weight": 4.082754265421834e+18
  },
  "lev=0": {
    "Bx": 0.05811669259974796,
    "By": 0.060038193625308225,
    "Bz": 0.5330066895019151,
    "Ex": 173236993.99209645,
    "Ey": 165890918.76597726,
    "Ez": 1037163.568418787,
    "jx": 76766.28613665656,
    "jy": 75076.87556036397,
    "jz": 20606.604129965246
  }
}