{
  "electrons": {
    "particle_cpu": 0.0,
    "particle_id": 536887296.0,
    "particle_momentum_x": 0.0000000000000000000399982470246202037161,
    "particle_momentum_y": 0.0000000000000000000386113384929071190250,
    "particle_momentum_z": 0.0000000000000000890433096004829440916891,
    "particle_position_x": 158433.34185647778213024139404296875,
    "particle_position_y": 158432.19251306564547121524810791015625,
    "particle_position_z": 15724303.898790203,
    "particle_weight": 4.082754265421834e+18
  },
  "ions": {
    "particle_cpu": 0.0,
    "particle_id": 1610629120.0,
    "particle_momentum_x": 0.0000000000000000013146930164193454618120,
    "particle_momentum_y": 0.0000000000000000013118657873053520877918,
    "particle_momentum_z": 1.6348803284082346e-13,
    "particle_position_x": 158433.36778651696,
    "particle_position_y": 158432.13062157098,
    "particle_position_z": 15724303.986645736,
    "particle_weight": 4.082754265421834e+18
  },
  "lev=0": {
    "Bx": 0.1104019107655950238111586259037721902132,
    "By": 0.1115454080817533111247286115030874498188,
    "Bz": 0.5913687388876153194772200549778062850237,
    "Ex": 197565218.6151742041110992431640625,
    "Ey": 189512194.440352261066436767578125,
    "Ez": 3223189.384710990823805332183837890625,
    "jx": 86329.4155752902734093368053436279296875,
    "jy": 84303.3667399210971780121326446533203125,
    "jz": 351680.429900969495065510272979736328125
  }
}