{
  "electrons": {
    "particle_cpu": 0.0,
    "particle_id": 2147516416.0,
    "particle_momentum_x": 2.836621098701473e-29,
    "particle_momentum_y": 0.0,
    "particle_momentum_z": 1.780767522665555e-16,
    "particle_position_x": 405589.1967999996,
    "particle_position_y": 29911821.1109623,
    "particle_weight": 6.917460794691972e+17
  },
  "ions": {
     "particle_cpu": 0.0,
     "particle_id": 6442483712.0,
     "particle_momentum_x": 2.8366210987003924e-29,
     "particle_momentum_y": 0.0,
     "particle_momentum_z": 3.269761047517472e-13,
     "particle_position_x": 405589.19680000003,
     "particle_position_y": 29911821.110962756,
     "particle_weight": 6.917460794691972e+17
  },
 "lev=0": {
    "Bx": 0.0,
    "By": 0.0,
    "Bz": 0.0,
    "Ex": 0.0,
    "Ey": 0.0,
    "Ez": 0.0,
    "jx": 0.0,
    "jy": 0.0,
    "jz": 0.0
    }
  }
