{
  "electrons": {
    "particle_cpu": 0.0,
    "particle_id": 536887296.0,
    "particle_momentum_x": 8.002437183330537e-20,
    "particle_momentum_y": 7.672515522663102e-20,
    "particle_momentum_z": 8.904688039604054e-17,
    "particle_position_x": 158433.36254419986,
    "particle_position_y": 158432.16837705474,
    "particle_position_z": 15724303.82906969,
    "particle_weight": 4.082754265421834e+18
  },
  "ions": {
    "particle_cpu": 0.0,
    "particle_id": 1610629120.0,
    "particle_momentum_x": 1.3163749473558702e-18,
    "particle_momentum_y": 1.3138339567796405e-18,
    "particle_momentum_z": 1.634880298085359e-13,
    "particle_position_x": 158433.36795188638,
    "particle_position_y": 158432.1305524771,
    "particle_position_z": 15724303.98658167,
    "particle_weight": 4.082754265421834e+18
  },
  "lev=0": {
    "Bx": 0.16918659894795107,
    "By": 0.17499752599159363,
    "Bz": 1.756153225819938,
    "Ex": 590981261.9109162,
    "Ey": 565685987.5601585,
    "Ez": 1487570.2761376745,
    "jx": 140387.25526081224,
    "jy": 135060.7623629708,
    "jz": 76434.46649486969
  }
}