{
  "lev=0": {
    "Bx": 0.0030655296638013307,
    "By": 0.003128474422165827,
    "Bz": 0.0020318868508122064,
    "Ex": 1015051.2393366811,
    "Ey": 962257.731805041,
    "Ez": 85850.49907821717,
    "jx": 868.4971143612598,
    "jy": 934.4643389285055,
    "jz": 13927.30294488438
  },
  "electrons": {
    "x": 81920.22060630744,
    "y": 81919.5862141829,
    "z": 4859842.2500584535,
    "ux": 2.812978464173039,
    "uy": 2.8527680457143627,
    "uz": 326037.0481369227,
    "w": 8.465938144469544e+17
  },
  "ions": {
    "x": 81920.24863538152,
    "y": 81919.60417276036,
    "z": 4859842.251721316,
    "ux": 2.6226511361974656,
    "uy": 2.601208831299383,
    "uz": 326037.49263434345,
    "w": 8.465938144469544e+17
  }
}
