{
  "electrons": {
    "particle_cpu": 32768.0,
    "particle_id": 1073774592.0,
    "particle_momentum_x": 2.699537402352830e-21,
    "particle_momentum_y": 2.360019270692609e-21,
    "particle_momentum_z": 1.780767510883242e-16,
    "particle_position_x": 405588.6263336367,
    "particle_position_y": 20127109.123049334,
    "particle_weight": 6.917460794691972e+17
  },
  "ions": {
    "particle_cpu": 32768.0,
    "particle_id": 3221258240.0,
    "particle_momentum_x": 2.6368707637661792e-18,
    "particle_momentum_y": 2.625538343907723e-18,
    "particle_momentum_z": 3.2697610879044984e-13,
    "particle_position_x": 405588.6872874654,
    "particle_position_y": 20127109.122936208,
    "particle_weight": 6.917460794691972e+17
  },
  "lev=0": {
    "Bx": 2.234765767599227e-03,
    "By": 4.462001842059481e-03,
    "Bz": 6.381690961970713e-03,
    "Ex": 1.416992773065254e+06,
    "Ey": 2.099798645881665e+06,
    "Ez": 3.228119948846154e+05,
    "jx": 4.349734911218055e+02,
    "jy": 8.458001863765760e+02,
    "jz": 5.019025457031599e+03
  }
}