{
  "electrons": {
    "particle_cpu": 32768.0,
    "particle_id": 1073774592.0,
    "particle_momentum_x": 2.6991465744589784e-21,
    "particle_momentum_y": 2.3548757050745318e-21,
    "particle_momentum_z": 1.7807675042822086e-16,
    "particle_position_x": 405588.6263336367,
    "particle_position_y": 20127109.123049334,
    "particle_weight": 6.917460794691972e+17
  },
  "ions": {
    "particle_cpu": 32768.0,
    "particle_id": 3221258240.0,
    "particle_momentum_x": 2.6368707684152848e-18,
    "particle_momentum_y": 2.6255385742132203e-18,
    "particle_momentum_z": 3.269761087904483e-13,
    "particle_position_x": 405588.6872874654,
    "particle_position_y": 20127109.122936208,
    "particle_weight": 6.917460794691972e+17
  },
  "lev=0": {
    "Bx": 0.002203710933841355,
    "By": 0.004460064079572663,
    "Bz": 0.00636094468142458,
    "Ex": 1416289.0559212451,
    "Ey": 2097441.857526919,
    "Ez": 322604.31292830594,
    "jx": 434.8052109005167,
    "jy": 844.9945365202007,
    "jz": 5016.6719265439715
  }
}