{
  "electrons": {
    "particle_cpu": 32768.0,
    "particle_id": 1073774592.0,
    "particle_momentum_x": 2.536545749751066e-21,
    "particle_momentum_y": 2.319385154154662e-21,
    "particle_momentum_z": 1.780767490583690e-16,
    "particle_position_x": 4.055886268879363e+05,
    "particle_position_y": 20127109.122946262,
    "particle_weight": 6.917460794691972e+17
  },
  "ions": {
    "particle_cpu": 32768.0,
    "particle_id": 3221258240.0,
    "particle_momentum_x": 2.636872135250588e-18,
    "particle_momentum_y": 0.0000000000000000026255378476061007641539,
    "particle_momentum_z": 3.2697610878128845e-13,
    "particle_position_x": 405588.6872870345,
    "particle_position_y": 20127109.122934863,
    "particle_weight": 6.917460794691972e+17
  },
  "lev=0": {
    "Bx": 2.175011046427959e-03,
    "By": 4.266805709342342e-03,
    "Bz": 6.270221899052489e-03,
    "Ex": 1.349143996690643e+06,
    "Ey": 2.050680645320129e+06,
    "Ez": 3.129726089208451e+05,
    "jx": 4.201767091834130e+02,
    "jy": 8.277034827619018e+02,
    "jz": 4.888702193282594e+03
  }
}