{
  "electrons": {
    "particle_cpu": 0.0,
    "particle_id": 536887296.0,
    "particle_momentum_x": 3.112886349974141e-20,
    "particle_momentum_y": 3.001745110121494e-20,
    "particle_momentum_z": 8.904171949388484e-17,
    "particle_position_x": 158433.36942903936,
    "particle_position_y": 158432.1674667017,
    "particle_position_z": 15724303.927905817,
    "particle_weight": 4.082754265421834e+18
  },
  "ions": {
    "particle_cpu": 0.0,
    "particle_id": 1610629120.0,
    "particle_momentum_x": 1.3144072148986449e-18,
    "particle_momentum_y": 1.3115589043641326e-18,
    "particle_momentum_z": 1.634880350487756e-13,
    "particle_position_x": 158433.36794740998,
    "particle_position_y": 158432.13055420568,
    "particle_position_z": 15724303.986784963,
    "particle_weight": 4.082754265421834e+18
  },
  "lev=0": {
    "Bx": 0.056922453387107136,
    "By": 0.05893474049267511,
    "Bz": 0.5206743011546614,
    "Ex": 171803210.08556962,
    "Ey": 164766933.47741693,
    "Ez": 1036219.7979573745,
    "jx": 76766.49276863945,
    "jy": 75077.79853466895,
    "jz": 20605.592758231796
  }
}