{
  "electrons": {
    "particle_cpu": 187518.0,
    "particle_id": 58269281905.0,
    "particle_momentum_x": 1.011638818579948e-18,
    "particle_momentum_y": 2.819742987610991e-19,
    "particle_momentum_z": 2.809194032686416e-19,
    "particle_position_x": 17136.0186544969,
    "particle_position_y": 936.3651769904283,
    "particle_weight": 61113170379.63868
  },
  "he_ions": {
    "particle_cpu": 262836.0,
    "particle_id": 206754755365.0,
    "particle_momentum_x": 2.883077691926682e-18,
    "particle_momentum_y": 2.195706192591097e-18,
    "particle_momentum_z": 2.198217877500162e-18,
    "particle_position_x": 17607.42545807472,
    "particle_position_y": 1100.024786059285,
    "particle_weight": 71976747650.1465
  },
  "lev=0": {
    "rho_electrons": 0.03566284217155322,
    "rho_he_ions": 0.04192588072776678
  }
}