{
  "electrons": {
    "particle_momentum_x": 1.0114377818220718e-18,
    "particle_momentum_y": 2.8184898646509405e-19,
    "particle_momentum_z": 2.810005821001351e-19,
    "particle_position_x": 17134.123449403327,
    "particle_position_y": 935.6698625905589,
    "particle_weight": 61112621534.71875
  },
  "he_ions": {
    "particle_momentum_x": 2.8825928799866215e-18,
    "particle_momentum_y": 2.1960207749440838e-18,
    "particle_momentum_z": 2.198234141518127e-18,
    "particle_position_x": 17605.832952557976,
    "particle_position_y": 1099.9805177808296,
    "particle_weight": 71973184795.40625
  },
  "lev=0": {
    "rho_electrons": 0.03566096817628402,
    "rho_he_ions": 0.04192385953761396
  }
}