{
  "electrons": {
    "particle_cpu": 187506.0,
    "particle_id": 58260371529.0,
    "particle_momentum_x": 1.011437761051452e-18,
    "particle_momentum_y": 2.818489820307945e-19,
    "particle_momentum_z": 2.810005779603514e-19,
    "particle_position_x": 17134.12316775415,
    "particle_position_y": 935.6698541530053,
    "particle_weight": 61112621534.71875
  },
  "he_ions": {
    "particle_cpu": 262803.0,
    "particle_id": 206741084466.0,
    "particle_momentum_x": 2.882594194576035e-18,
    "particle_momentum_y": 2.19602229398326e-18,
    "particle_momentum_z": 2.198235662538558e-18,
    "particle_position_x": 17605.83295227928,
    "particle_position_y": 1099.980517380142,
    "particle_weight": 71973184795.40625
  },
  "lev=0": {
    "rho_electrons": 0.03566096918916276,
    "rho_he_ions": 0.04192386049475352
  }
}