{
  "electrons": {
    "particle_cpu": 190779.0,
    "particle_id": 58601190019.0,
    "particle_momentum_x": 1.0092174129359132e-18,
    "particle_momentum_y": 2.798197721674582e-19,
    "particle_momentum_z": 2.7918855061656006e-19,
    "particle_position_x": 17158.82346463087,
    "particle_position_y": 940.6491756398195,
    "particle_weight": 61529356353.75977
  },
  "he_ions": {
    "particle_cpu": 262710.0,
    "particle_id": 206654646420.0,
    "particle_momentum_x": 2.8436171937086223e-18,
    "particle_momentum_y": 2.2070009363379298e-18,
    "particle_momentum_z": 2.2068169518963396e-18,
    "particle_position_x": 17598.881030368113,
    "particle_position_y": 1099.6350929376022,
    "particle_weight": 71950992889.40431
  },
  "lev=0": {
    "rho_electrons": 0.03590671492530087,
    "rho_he_ions": 0.041910820805226054
  }
}