{
  "lev=0": {
    "rho_electrons": 0.035585467958880256,
    "rho_he_ions": 0.04176038296311555
  },
  "electrons": {
    "x": 17134.123449898325,
    "y": 0.0,
    "z": 935.6698666088197,
    "ux": 3703.646157852276,
    "uy": 1032.064388682509,
    "uz": 1028.957740243028,
    "w": 61112621534.71875
  },
  "he_ions": {
    "x": 17605.832952560857,
    "y": 0.0,
    "z": 1099.9805176648345,
    "ux": 1.4466755588487683,
    "uy": 1.1021083149567135,
    "uz": 1.1032191286404511,
    "w": 71973184795.40625
  }
}
