{
  "electrons": {
    "particle_cpu": 190700.0,
    "particle_id": 58608906771.0,
    "particle_momentum_x": 1.008747465656768e-18,
    "particle_momentum_y": 2.799754668819323e-19,
    "particle_momentum_z": 2.792680383829936e-19,
    "particle_position_x": 17152.56985654575,
    "particle_position_y": 940.4994608652297,
    "particle_weight": 61519629821.77735
  },
  "he_ions": {
    "particle_cpu": 262717.0,
    "particle_id": 206662492683.0,
    "particle_momentum_x": 2.8437571739251242e-18,
    "particle_momentum_y": 2.207047146518265e-18,
    "particle_momentum_z": 2.20705737761419e-18,
    "particle_position_x": 17600.029140077717,
    "particle_position_y": 1099.7492783317027,
    "particle_weight": 71953047790.52736
  },
  "lev=0": {
    "rho_electrons": 0.035900234973394604,
    "rho_he_ions": 0.041911968250211346
  }
}