{
  "lev=0": {
    "rho_electrons": 0.03558889419571634,
    "rho_he_ions": 0.041762340951114876
  },
  "electrons": {
    "x": 17136.01865472989,
    "y": 0.0,
    "z": 936.365176990128,
    "ux": 3704.382187796657,
    "uy": 1032.5232190573593,
    "uz": 1028.6604411577882,
    "w": 61113170379.63868
  },
  "he_ions": {
    "x": 17607.425457521727,
    "y": 0.0,
    "z": 1100.0247860591523,
    "ux": 1.4469181947032297,
    "uy": 1.1019496639872215,
    "uz": 1.1032101925363067,
    "w": 71976747650.1465
  }
}
