{
  "electrons": {
    "particle_cpu": 187423.0,
    "particle_id": 58197118305.0,
    "particle_momentum_x": 1.0140742531770398e-18,
    "particle_momentum_y": 2.8054163496165873e-19,
    "particle_momentum_z": 2.804588319381771e-19,
    "particle_position_x": 17133.04831377083,
    "particle_position_y": 933.4674652003413,
    "particle_weight": 61108238616.94337
  },
  "he_ions": {
    "particle_cpu": 262805.0,
    "particle_id": 206717935752.0,
    "particle_momentum_x": 2.887994040439197e-18,
    "particle_momentum_y": 2.1948742029424094e-18,
    "particle_momentum_z": 2.1983073540590623e-18,
    "particle_position_x": 17605.540714901254,
    "particle_position_y": 1099.9016016176438,
    "particle_weight": 71967021118.16408
  },
  "lev=0": {
    "rho_electrons": 0.035658313671782085,
    "rho_he_ions": 0.04192029695761095
  }
}