{
  "electrons": {
    "particle_momentum_x": 1.0116388186647586e-18,
    "particle_momentum_y": 2.8197429874443205e-19,
    "particle_momentum_z": 2.809194032519318e-19,
    "particle_position_x": 17136.01865460215,
    "particle_position_y": 936.3651769897449,
    "particle_weight": 61113170379.63868
  },
  "he_ions": {
    "particle_momentum_x": 2.8830766335132965e-18,
    "particle_momentum_y": 2.1957048705835945e-18,
    "particle_momentum_z": 2.198216553980008e-18,
    "particle_position_x": 17607.425457521826,
    "particle_position_y": 1100.0247860591508,
    "particle_weight": 71976747650.1465
  },
  "lev=0": {
    "rho_electrons": 0.035662842171864814,
    "rho_he_ions": 0.041925880726395526
  }
}