{
  "electrons": {
    "particle_momentum_x": 9.70060341908995e-19,
    "particle_momentum_y": 2.781646528343973e-19,
    "particle_momentum_z": 2.781957771457919e-19,
    "particle_position_x": 17070.54873877364,
    "particle_position_y": 932.7482445151257,
    "particle_weight": 60881514526.3672
  },
  "he_ions": {
    "particle_momentum_x": 2.899208414315734e-18,
    "particle_momentum_y": 2.194996403886929e-18,
    "particle_momentum_z": 2.198077506930339e-18,
    "particle_position_x": 17598.2097170726,
    "particle_position_y": 1099.61340347482,
    "particle_weight": 71946746093.75002
  },
  "lev=0": {
    "rho_electrons": 0.03546571362340893,
    "rho_he_ions": 0.04174632080662884
  }
}