{
  "electrons": {
    "particle_cpu": 187556.0,
    "particle_id": 58205638433.0,
    "particle_momentum_x": 9.944902011868423e-19,
    "particle_momentum_y": 2.972030027476131e-19,
    "particle_momentum_z": 2.9583069015435545e-19,
    "particle_position_x": 17110.681985449046,
    "particle_position_y": 935.5349253044653,
    "particle_weight": 61123991987.4375
  },
  "he_ions": {
    "particle_cpu": 262768.0,
    "particle_id": 206706695496.0,
    "particle_momentum_x": 2.86821164654044e-18,
    "particle_momentum_y": 2.196763251906396e-18,
    "particle_momentum_z": 2.199312752871736e-18,
    "particle_position_x": 17604.007444146726,
    "particle_position_y": 1099.87040726909,
    "particle_weight": 71964006237.1875
  },
  "lev=0": {
    "rho_electrons": 0.03566924895230637,
    "rho_he_ions": 0.0419186228507325
  }
}