{
  "Dplus": {
    "particle_momentum_x": 4.472374588520013e-16,
    "particle_momentum_y": 4.455688265245858e-16,
    "particle_momentum_z": 2.481497488062839e-12,
    "particle_position_x": 2.5601613417364644,
    "particle_position_y": 2.560082464065993,
    "particle_position_z": 2.5600018477161024,
    "particle_weight": 800000000.0
  },
  "D2plus": {
    "particle_momentum_x": 4.472374588520013e-16,
    "particle_momentum_y": 4.455688265245858e-16,
    "particle_momentum_z": 2.481497488062839e-12,
    "particle_position_x": 2.5601613417364644,
    "particle_position_y": 2.560082464065993,
    "particle_position_z": 2.5600018477161024,
    "particle_weight": 800000000.0
  },
  "lev=0": {
    "rho": 8203144366.079958,
    "rho_Dplus": 8203144366.079958,
    "rho_D2plus": 8203144366.079958
  }
}
