{
  "lev=0": {
    "Bx": 958613893612.4355,
    "By": 958606286084.2804,
    "Bz": 50291310.73170665,
    "Ex": 2.873993867215236e+20,
    "Ey": 2.8740263458334176e+20,
    "Ez": 1.3469564521662371e+17,
    "rho_beam1": 7.96926761425663e+16,
    "rho_beam2": 7.969234189119718e+16,
    "rho_ele1": 325562788515568.7,
    "rho_ele2": 301373974746269.7,
    "rho_pos1": 314013278169396.75,
    "rho_pos2": 311298336003435.56
  },
  "beam1": {
    "particle_opticalDepthQSR": 104848.69019384333,
    "particle_position_x": 0.0015001641452988207,
    "particle_position_y": 0.0015001296473841738,
    "particle_position_z": 0.004965480036291212,
    "particle_momentum_x": 6.203657034942546e-15,
    "particle_momentum_y": 6.161790111190829e-15,
    "particle_momentum_z": 6.806194292286189e-12,
    "particle_weight": 635868088.3867786
  },
  "beam2": {
    "particle_opticalDepthQSR": 104197.28107371755,
    "particle_position_x": 0.0015001452558405398,
    "particle_position_y": 0.0015001281739351966,
    "particle_position_z": 0.0049656445643994716,
    "particle_momentum_x": 6.202758467582172e-15,
    "particle_momentum_y": 6.18910011814166e-15,
    "particle_momentum_z": 6.7994521022372906e-12,
    "particle_weight": 635874794.3085052
  },
  "ele1": {
    "particle_opticalDepthQSR": 398.7154177999122,
    "particle_position_x": 5.2166787076833645e-06,
    "particle_position_y": 5.005755590473258e-06,
    "particle_position_z": 1.856829463647771e-05,
    "particle_momentum_x": 6.0736878569270085e-18,
    "particle_momentum_y": 5.735020185191748e-18,
    "particle_momentum_z": 2.827581034346608e-15,
    "particle_weight": 2602683.4209351614
  },
  "ele2": {
    "particle_opticalDepthQSR": 328.6975869797729,
    "particle_position_x": 4.984003903707884e-06,
    "particle_position_y": 4.695016970410262e-06,
    "particle_position_z": 1.606918799511055e-05,
    "particle_momentum_x": 4.524294388810778e-18,
    "particle_momentum_y": 4.193609622515901e-18,
    "particle_momentum_z": 2.624217472737641e-15,
    "particle_weight": 2432495.8168380223
  },
  "pho1": {
    "particle_opticalDepthBW": 10028.214317531058,
    "particle_position_x": 0.00014200324200040716,
    "particle_position_y": 0.00014310262095706036,
    "particle_position_z": 0.00047470309948487784,
    "particle_momentum_x": 0.0,
    "particle_momentum_y": 0.0,
    "particle_momentum_z": 0.0,
    "particle_weight": 61455533.15171491
  },
  "pho2": {
    "particle_opticalDepthBW": 10261.48950301913,
    "particle_position_x": 0.0001465092909391631,
    "particle_position_y": 0.00014555115652303745,
    "particle_position_z": 0.00048686081947093,
    "particle_momentum_x": 0.0,
    "particle_momentum_y": 0.0,
    "particle_momentum_z": 0.0,
    "particle_weight": 61924991.09906147
  },
  "pos1": {
    "particle_opticalDepthQSR": 380.4787933889546,
    "particle_position_x": 5.59226140958729e-06,
    "particle_position_y": 5.199149983019462e-06,
    "particle_position_z": 1.7261766049926983e-05,
    "particle_momentum_x": 5.182944941041321e-18,
    "particle_momentum_y": 4.665394338329992e-18,
    "particle_momentum_z": 2.565450485567441e-15,
    "particle_weight": 2523696.1743423166
  },
  "pos2": {
    "particle_opticalDepthQSR": 378.7526306435402,
    "particle_position_x": 4.812490588954386e-06,
    "particle_position_y": 4.351750384371962e-06,
    "particle_position_z": 1.7621416174292307e-05,
    "particle_momentum_x": 4.979887438720444e-18,
    "particle_momentum_y": 4.8215630209506066e-18,
    "particle_momentum_z": 2.193964301475807e-15,
    "particle_weight": 2513162.277112609
  }
}