{
  "lev=0": {
    "Bx": 971135657171.612,
    "By": 971078812454.5405,
    "Bz": 20140193.235893946,
    "Ex": 2.9111756162943966e+20,
    "Ey": 2.9113725115697712e+20,
    "Ez": 1.0213536367191107e+17,
    "rho_beam1": 7.970337929028706e+16,
    "rho_beam2": 7.969213804851568e+16,
    "rho_ele1": 343600677331163.7,
    "rho_ele2": 302746939366837.25,
    "rho_pos1": 333855946230626.06,
    "rho_pos2": 310879461124837.44
  },
  "beam1": {
    "particle_opticalDepthQSR": 104909.59461909423,
    "particle_position_x": 0.001500222221634118,
    "particle_position_y": 0.0015002445303035634,
    "particle_position_z": 0.0049656251227976015,
    "particle_momentum_x": 6.205341799808723e-15,
    "particle_momentum_y": 6.1592257603817594e-15,
    "particle_momentum_z": 6.806886719670214e-12,
    "particle_weight": 635949610.5135971
  },
  "beam2": {
    "particle_opticalDepthQSR": 104164.848014815,
    "particle_position_x": 0.0015001011957527532,
    "particle_position_y": 0.001500139975740741,
    "particle_position_z": 0.004965479176845744,
    "particle_momentum_x": 6.200690794877584e-15,
    "particle_momentum_y": 6.186048913459861e-15,
    "particle_momentum_z": 6.7990490255176515e-12,
    "particle_weight": 635863144.251134
  },
  "ele1": {
    "particle_opticalDepthQSR": 435.73003117907257,
    "particle_position_x": 4.882183530045367e-06,
    "particle_position_y": 4.841391483672882e-06,
    "particle_position_z": 1.8449175055560687e-05,
    "particle_momentum_x": 5.6656608489971696e-18,
    "particle_momentum_y": 5.724425295258085e-18,
    "particle_momentum_z": 2.6277553331470036e-15,
    "particle_weight": 2696555.9200674472
  },
  "ele2": {
    "particle_opticalDepthQSR": 340.82229684726735,
    "particle_position_x": 5.233059654483856e-06,
    "particle_position_y": 4.781569085220371e-06,
    "particle_position_z": 1.6293559425324337e-05,
    "particle_momentum_x": 4.802611971470525e-18,
    "particle_momentum_y": 4.3556825243407754e-18,
    "particle_momentum_z": 2.41587659230925e-15,
    "particle_weight": 2481137.860727036
  },
  "pho1": {
    "particle_opticalDepthBW": 9894.64959724129,
    "particle_position_x": 0.00014191369823397644,
    "particle_position_y": 0.00014347545392717968,
    "particle_position_z": 0.00047442826029322116,
    "particle_momentum_x": 0.0,
    "particle_momentum_y": 0.0,
    "particle_momentum_z": 0.0,
    "particle_weight": 61063948.68610941
  },
  "pho2": {
    "particle_opticalDepthBW": 10292.1955840901,
    "particle_position_x": 0.00014731892710321073,
    "particle_position_y": 0.00014515617182809124,
    "particle_position_z": 0.00048756513452074315,
    "particle_momentum_x": 0.0,
    "particle_momentum_y": 0.0,
    "particle_momentum_z": 0.0,
    "particle_weight": 62299636.622087024
  },
  "pos1": {
    "particle_opticalDepthQSR": 387.7441392212553,
    "particle_position_x": 5.1462880118803425e-06,
    "particle_position_y": 5.2613832293016684e-06,
    "particle_position_z": 1.7054223425917483e-05,
    "particle_momentum_x": 4.6437665862693495e-18,
    "particle_momentum_y": 4.761862836969051e-18,
    "particle_momentum_z": 2.3776996599289627e-15,
    "particle_weight": 2625121.7841375084
  },
  "pos2": {
    "particle_opticalDepthQSR": 361.943365907597,
    "particle_position_x": 4.969019565031149e-06,
    "particle_position_y": 4.361394970806125e-06,
    "particle_position_z": 1.7413304358612675e-05,
    "particle_momentum_x": 5.6348322786528905e-18,
    "particle_momentum_y": 4.8171439953214205e-18,
    "particle_momentum_z": 2.1937254860708963e-15,
    "particle_weight": 2529794.7740602638
  }
}
