{
  "lev=0": {
    "Bx": 970657510366.6864,
    "By": 970616084291.5999,
    "Bz": 31811647.29794056,
    "Ex": 2.9101079830039894e+20,
    "Ey": 2.910225438740697e+20,
    "Ez": 1.1018420662438138e+17,
    "rho_beam1": 7.969589429008706e+16,
    "rho_beam2": 7.969261694011082e+16,
    "rho_ele1": 279363066610949.88,
    "rho_ele2": 292455027283658.0,
    "rho_pos1": 273997102368327.72,
    "rho_pos2": 298708381895174.56
  },
  "beam1": {
    "particle_opticalDepthQSR": 104854.22747624305,
    "particle_position_x": 0.0015002152500249873,
    "particle_position_y": 0.0015002253859733158,
    "particle_position_z": 0.004965616008291195,
    "particle_momentum_x": 6.2081697907558685e-15,
    "particle_momentum_y": 6.164185849396337e-15,
    "particle_momentum_z": 6.806919536239073e-12,
    "particle_weight": 635894928.7801809
  },
  "beam2": {
    "particle_opticalDepthQSR": 104157.85227862887,
    "particle_position_x": 0.0015001338731474294,
    "particle_position_y": 0.001500167865236725,
    "particle_position_z": 0.00496550130257822,
    "particle_momentum_x": 6.2031995430331934e-15,
    "particle_momentum_y": 6.191531863356078e-15,
    "particle_momentum_z": 6.798687778588033e-12,
    "particle_weight": 635866821.9486864
  },
  "ele1": {
    "particle_opticalDepthQSR": 415.4233136407406,
    "particle_position_x": 5.201917659689756e-06,
    "particle_position_y": 5.415911616605382e-06,
    "particle_position_z": 1.8769582519669507e-05,
    "particle_momentum_x": 5.340952924836118e-18,
    "particle_momentum_y": 5.312106463182331e-18,
    "particle_momentum_z": 2.497080119419264e-15,
    "particle_weight": 2212854.7954354063
  },
  "ele2": {
    "particle_opticalDepthQSR": 343.6271504974385,
    "particle_position_x": 5.069499404254441e-06,
    "particle_position_y": 4.9784428929938295e-06,
    "particle_position_z": 1.5997841288017043e-05,
    "particle_momentum_x": 4.325950783622351e-18,
    "particle_momentum_y": 4.430236938400823e-18,
    "particle_momentum_z": 2.3963313190107694e-15,
    "particle_weight": 2286822.0996145885
  },
  "pho1": {
    "particle_opticalDepthBW": 9940.462808278058,
    "particle_position_x": 0.00014218014815359236,
    "particle_position_y": 0.00014291255568525175,
    "particle_position_z": 0.00047390476392745334,
    "particle_momentum_x": 0.0,
    "particle_momentum_y": 0.0,
    "particle_momentum_z": 0.0,
    "particle_weight": 60889585.379570425
  },
  "pho2": {
    "particle_opticalDepthBW": 10198.933815345803,
    "particle_position_x": 0.00014600338610231154,
    "particle_position_y": 0.0001444771956245457,
    "particle_position_z": 0.000485925175367835,
    "particle_momentum_x": 0.0,
    "particle_momentum_y": 0.0,
    "particle_momentum_z": 0.0,
    "particle_weight": 62224982.69315678
  },
  "pos1": {
    "particle_opticalDepthQSR": 347.54338674919927,
    "particle_position_x": 5.442659316755965e-06,
    "particle_position_y": 5.696400704419894e-06,
    "particle_position_z": 1.7277943178953278e-05,
    "particle_momentum_x": 4.987153690397687e-18,
    "particle_momentum_y": 5.0670082836356395e-18,
    "particle_momentum_z": 2.8306668750564056e-15,
    "particle_weight": 2201346.0495983944
  },
  "pos2": {
    "particle_opticalDepthQSR": 366.6684925040943,
    "particle_position_x": 4.80202239993873e-06,
    "particle_position_y": 4.65180957168951e-06,
    "particle_position_z": 1.7239832169488648e-05,
    "particle_momentum_x": 5.287204173391292e-18,
    "particle_momentum_y": 5.0342118518185026e-18,
    "particle_momentum_z": 2.50117311575147e-15,
    "particle_weight": 2340285.7906044484
  }
}