{
  "lev=0": {
    "Bx": 970573570349.2142,
    "By": 970493693614.8823,
    "Bz": 18743533.08373785,
    "Ex": 2.9100804648817213e+20,
    "Ey": 2.910188719414779e+20,
    "Ez": 1.309938057448976e+17,
    "rho_beam1": 7.969171294602906e+16,
    "rho_beam2": 7.969079911431987e+16,
    "rho_ele1": 234837475722889.97,
    "rho_ele2": 277285508564124.12,
    "rho_pos1": 229824415763789.62,
    "rho_pos2": 286513388076434.4
  },
  "beam1": {
    "particle_opticalDepthQSR": 104947.58821047074,
    "particle_position_x": 0.0015001846430437182,
    "particle_position_y": 0.0015002200838688795,
    "particle_position_z": 0.004965556992831605,
    "particle_momentum_x": 6.207861637949496e-15,
    "particle_momentum_y": 6.16591876835476e-15,
    "particle_momentum_z": 6.806755306915448e-12,
    "particle_weight": 635859587.7915188
  },
  "beam2": {
    "particle_opticalDepthQSR": 104180.42997257302,
    "particle_position_x": 0.0015001132145418016,
    "particle_position_y": 0.001500162338878405,
    "particle_position_z": 0.004965528365042041,
    "particle_momentum_x": 6.201791193788119e-15,
    "particle_momentum_y": 6.188946480983165e-15,
    "particle_momentum_z": 6.796967564632488e-12,
    "particle_weight": 635853166.1373858
  },
  "ele1": {
    "particle_opticalDepthQSR": 385.3959944370225,
    "particle_position_x": 5.063867198487091e-06,
    "particle_position_y": 5.323267522706671e-06,
    "particle_position_z": 1.81974337459613e-05,
    "particle_momentum_x": 5.220808698440275e-18,
    "particle_momentum_y": 5.2833645967924376e-18,
    "particle_momentum_z": 2.4960852396311436e-15,
    "particle_weight": 1883777.3071500752
  },
  "ele2": {
    "particle_opticalDepthQSR": 391.0032239817431,
    "particle_position_x": 5.442400321293304e-06,
    "particle_position_y": 5.3621200149906786e-06,
    "particle_position_z": 1.716649458876156e-05,
    "particle_momentum_x": 4.7056270741663116e-18,
    "particle_momentum_y": 4.414438514376292e-18,
    "particle_momentum_z": 2.3816287305827113e-15,
    "particle_weight": 2255238.1204111334
  },
  "pho1": {
    "particle_opticalDepthBW": 9912.332305353064,
    "particle_position_x": 0.0001424857999095925,
    "particle_position_y": 0.00014366766674682975,
    "particle_position_z": 0.0004764478273708734,
    "particle_momentum_x": 0.0,
    "particle_momentum_y": 0.0,
    "particle_momentum_z": 0.0,
    "particle_weight": 61671336.44071695
  },
  "pho2": {
    "particle_opticalDepthBW": 10361.142481614075,
    "particle_position_x": 0.00014718841339786984,
    "particle_position_y": 0.00014538267635727008,
    "particle_position_z": 0.00048768591004702896,
    "particle_momentum_x": 0.0,
    "particle_momentum_y": 0.0,
    "particle_momentum_z": 0.0,
    "particle_weight": 61889405.34553001
  },
  "pos1": {
    "particle_opticalDepthQSR": 343.0370605565725,
    "particle_position_x": 5.41949101836001e-06,
    "particle_position_y": 5.5292865311090835e-06,
    "particle_position_z": 1.7063207973991194e-05,
    "particle_momentum_x": 4.76704175252458e-18,
    "particle_momentum_y": 5.049007427826035e-18,
    "particle_momentum_z": 2.533578387785534e-15,
    "particle_weight": 1821809.4309160584
  },
  "pos2": {
    "particle_opticalDepthQSR": 390.0211924195479,
    "particle_position_x": 5.053169658257247e-06,
    "particle_position_y": 5.039302796539821e-06,
    "particle_position_z": 1.8526669235892217e-05,
    "particle_momentum_x": 5.755216173987019e-18,
    "particle_momentum_y": 5.056618594918483e-18,
    "particle_momentum_z": 2.52324147594341e-15,
    "particle_weight": 2328558.5523011778
  }
}