{
  "electron": {
    "particle_Bx": 0.0,
    "particle_By": 1.9043507547185993e-19,
    "particle_Bz": 0.0,
    "particle_Ex": 1.235067153470628e-09,
    "particle_Ey": 0.0,
    "particle_Ez": 0.0,
    "particle_cpu": 0.0,
    "particle_id": 1.0,
    "particle_momentum_x": 0.027309245307378237,
    "particle_momentum_y": 0.0,
    "particle_momentum_z": 1.2693369400596442e-38,
    "particle_position_x": 0.8320502943378437,
    "particle_position_y": 0.0,
    "particle_weight": 1.0
  },
  "lev=0": {
    "Bx": 0.0,
    "By": 4.570441811324637e-18,
    "Bz": 0.0,
    "Ex": 1.0037371152015263e-08,
    "Ey": 0.0,
    "Ez": 0.0,
    "jx": 3.202136475046842e-11,
    "jy": 0.0,
    "jz": 0.0
  }
}