{
  "lev=0": {
    "Bx": 0.0,
    "By": 4.570441811324638e-18,
    "Bz": 0.0,
    "Ex": 1.0037371152015261e-08,
    "Ey": 0.0,
    "Ez": 0.0,
    "jx": 3.202136475046842e-11,
    "jy": 0.0,
    "jz": 0.0
  },
  "electron": {
    "x": 0.8320502943378437,
    "y": 0.0,
    "z": 0.0,
    "ux": 1.0000000000000002e+20,
    "uy": 0.0,
    "uz": 4.648011784187618e-17,
    "w": 1.0
  }
}
