{
  "lev=0": {
    "Br": 1.8705552174367742e-08,
    "Bt": 2380179.567792259,
    "Bz": 2.4079075035536954e-08,
    "Er": 497571119514841.25,
    "Et": 7.048225282653208,
    "Ez": 137058870936728.17,
    "jr": 0.0,
    "jt": 0.0,
    "jz": 0.0
  }
}
