{
  "lev=0": {
    "Br": 3.7409650980341014e-08,
    "Bt": 4760359.135584517,
    "Bz": 4.815911185630247e-08,
    "Er": 995142239029682.1,
    "Et": 14.096440113011349,
    "Ez": 274117741873455.88,
    "jr": 0.0,
    "jt": 0.0,
    "jz": 0.0
  }
}
