{
  "lev=0": {
    "Br": 1.8705552264208163e-08,
    "Bt": 2380179.5677922587,
    "Bz": 2.4079077116116535e-08,
    "Er": 497571119514841.25,
    "Et": 7.048225464720808,
    "Ez": 137058870936728.28,
    "jr": 0.0,
    "jt": 0.0,
    "jz": 0.0
  }
}