{
  "lev=0": {
    "Bx": 0.0,
    "By": 0.0,
    "Bz": 0.0,
    "Ex": 0.0,
    "Ey": 0.0,
    "Ez": 0.0,
    "jx": 0.0,
    "jy": 0.0,
    "jz": 0.0
  },
  "electron": {
    "particle_momentum_x": 3.578935809964031e-19,
    "particle_momentum_y": 3.5778028343192025e-19,
    "particle_momentum_z": 3.579884355240226e-19,
    "particle_position_x": 1.0241442531780067,
    "particle_position_y": 1.0238915904698023,
    "particle_position_z": 1.024005350488445,
    "particle_weight": 714240000000.0
  }
}
