{
  "lev=0": {
    "Bx": 0.0,
    "By": 0.0,
    "Bz": 0.0,
    "Ex": 0.0,
    "Ey": 0.0,
    "Ez": 0.0,
    "jx": 0.0,
    "jy": 0.0,
    "jz": 0.0
  },
  "ions": {
    "particle_momentum_x": 3.4283649966834414e-16,
    "particle_momentum_y": 3.4358954060667462e-16,
    "particle_momentum_z": 5.530678357178482e-16,
    "particle_position_x": 719.9215445002424,
    "particle_weight": 1.1000000000001e+24
  }
}
