{
  "lev=0": {
    "Bx": 0.0,
    "By": 0.0,
    "Bz": 0.0,
    "Ex": 0.0,
    "Ey": 0.0,
    "Ez": 0.0
  },
<<<<<<< HEAD
  "ion": {
    "particle_momentum_x": 2.5066842316209183e-19,
    "particle_momentum_y": 2.2863311215256246e-19,
    "particle_momentum_z": 2.2682377973998022e-19,
    "particle_position_x": 2656041.6379113654,
    "particle_position_y": 2669548.664572591,
=======
  "electron": {
    "particle_momentum_x": 1.0618161248852065e-19,
    "particle_momentum_y": 1.0331186403486995e-19,
    "particle_momentum_z": 1.0375409035525537e-19,
    "particle_position_x": 2652982.459206423,
    "particle_position_y": 2666143.423827109,
    "particle_weight": 1.7256099431746894e+26
  },
  "ion": {
    "particle_momentum_x": 2.4479519290734797e-19,
    "particle_momentum_y": 2.231346031294279e-19,
    "particle_momentum_z": 2.207395147436148e-19,
    "particle_position_x": 2666525.886108603,
    "particle_position_y": 2666683.404051777,
>>>>>>> b6390f0ea (updating checksums)
    "particle_weight": 1.7256099431746894e+26
  }
}
