{
  "lev=0": {
    "Bx": 0.0,
    "By": 0.0,
    "Bz": 0.0,
    "Ex": 0.0,
    "Ey": 0.0,
    "Ez": 0.0,
    "jx": 0.0,
    "jy": 0.0,
    "jz": 0.0
  },
  "electron": {
    "particle_momentum_x": 3.5790777034053853e-19,
    "particle_momentum_y": 3.5815348106229496e-19,
    "particle_momentum_z": 3.577963316718249e-19,
    "particle_position_x": 1.024180253191667,
    "particle_position_y": 1.023919590453571,
    "particle_position_z": 1.0240653505082926,
    "particle_weight": 714240000000.0
  }
}
