{
  "lev=0": {
    "Bx": 0.0,
    "By": 0.0,
    "Bz": 0.0,
    "Ex": 0.0,
    "Ey": 0.0,
    "Ez": 0.0,
    "jx": 0.0,
    "jy": 0.0,
    "jz": 0.0
  },
  "ions": {
    "particle_momentum_x": 3.425400072687143e-16,
    "particle_momentum_y": 3.421937133999805e-16,
    "particle_momentum_z": 5.522701882677923e-16,
    "particle_position_x": 720.0011611411148,
    "particle_weight": 1.0999999999999999e+24
  }
}
