{
  "lev=0": {
    "Bx": 0.0,
    "By": 0.0,
    "Bz": 0.0,
    "Ex": 0.0,
    "Ey": 0.0,
    "Ez": 0.0,
    "jx": 0.0,
    "jy": 0.0,
    "jz": 0.0
  },
  "electron": {
    "particle_momentum_x": 3.5856774369040155e-19,
    "particle_momentum_y": 3.5832349891760786e-19,
    "particle_momentum_z": 3.5757013442445486e-19,
    "particle_position_x": 1.0241562532152744,
    "particle_position_y": 1.0238555904782611,
    "particle_position_z": 1.0240053504978093,
    "particle_weight": 714240000000.0
  }
}