{
  "electron": {
    "particle_momentum_x": 3.580416603982501e-19,
    "particle_momentum_y": 3.582294429621192e-19,
    "particle_momentum_z": 3.586630746735477e-19,
    "particle_position_x": 1.0241429526637755,
    "particle_position_y": 1.023854699604473,
    "particle_position_z": 1.0240038645087932,
    "particle_weight": 714240000000.0
  },
  "lev=0": {
    "Bx": 0.0,
    "By": 0.0,
    "Bz": 0.0,
    "Ex": 0.0,
    "Ey": 0.0,
    "Ez": 0.0,
    "jx": 0.0,
    "jy": 0.0,
    "jz": 0.0
  }
}