{
  "lev=0": {
    "Bx": 0.0,
    "By": 0.0,
    "Bz": 0.0,
    "Ex": 0.0,
    "Ey": 0.0,
    "Ez": 0.0,
    "jx": 0.0,
    "jy": 0.0,
    "jz": 0.0,
    "rho": 0.0,
    "rho_beam_e": 9.613059803999999e-19,
    "rho_beam_p": 9.613059803999999e-19
  },
  "beam_e": {
    "opticalDepthQSR": 9.767741201839083,
    "x": 8.5,
    "y": 8.5,
    "z": 7.5,
    "ux": 0.6000000000000001,
    "uy": 0.8,
    "uz": 10.400000000000002,
    "w": 6.0
  },
  "beam_p": {
    "opticalDepthQSR": 8.773870620305825,
    "x": 8.5,
    "y": 8.5,
    "z": 7.5,
    "ux": 0.6000000000000001,
    "uy": 0.8,
    "uz": 10.400000000000002,
    "w": 6.0
  },
  "pho": {
    "x": 0.0,
    "y": 0.0,
    "z": 0.0,
    "ux": 0.0,
    "uy": 0.0,
    "uz": 0.0,
    "w": 0.0
  }
}
