{
  "lev=0": {
    "Bx": 0.0,
    "By": 0.0,
    "Bz": 0.0,
    "Ex": 0.0,
    "Ey": 0.0,
    "Ez": 0.0,
    "T_electron": 351982.0169218243,
    "T_ion": 349599.6939052666
  },
  "electron": {
    "particle_momentum_x": 8.359982321196841e-19,
    "particle_momentum_y": 8.192841151167721e-19,
    "particle_momentum_z": 8.182985690701241e-19,
    "particle_position_x": 21255110.08090505,
    "particle_position_y": 21303488.6242626,
    "particle_position_z": 21238676.122703437,
    "particle_weight": 7.168263344048695e+28
  },
  "ion": {
    "particle_momentum_x": 2.0034830240966893e-18,
    "particle_momentum_y": 1.8323959076577197e-18,
    "particle_momentum_z": 1.827953230828629e-18,
    "particle_position_x": 21246214.748882487,
    "particle_position_y": 21280709.710960124,
    "particle_position_z": 21206153.002106402,
    "particle_weight": 7.168263344048695e+28
  }
}
