{
  "lev=0": {
    "Bx": 0.0,
    "By": 0.0,
    "Bz": 0.0,
    "Ex": 0.0,
    "Ey": 0.0,
    "Ez": 0.0,
    "T_electron": 362230.52300397365,
    "T_ion": 338312.83502136066
  }
}
