{
  "lev=0": {
    "Bx": 0.0,
    "By": 0.0,
    "Bz": 0.0,
    "Ex": 0.0,
    "Ey": 0.0,
    "Ez": 0.0,
    "jx": 0.0,
    "jy": 0.0,
    "jz": 0.0
  },
  "electron": {
    "particle_momentum_x": 3.579130200773753e-19,
    "particle_momentum_y": 3.5788119408700804e-19,
    "particle_momentum_z": 3.584163522201744e-19,
    "particle_position_x": 1.024188253213835,
    "particle_position_y": 1.0238795904737117,
    "particle_position_z": 1.02399735048655,
    "particle_weight": 714240000000.0
  }
}
