{
  "lev=0": {
    "Bx": 0.0,
    "By": 0.0,
    "Bz": 0.0,
    "Ex": 0.0,
    "Ey": 0.0,
    "Ez": 0.0
  },
  "ion": {
    "particle_momentum_x": 2.458306853810186e-19,
    "particle_momentum_y": 2.272685285153902e-19,
    "particle_momentum_z": 2.281205462681013e-19,
    "particle_position_x": 2645436.647039526,
    "particle_position_y": 2672571.48688055,
    "particle_weight": 1.7256099431746894e+26
  },
  "electron": {
    "particle_momentum_x": 1.0454942263455085e-19,
    "particle_momentum_y": 1.0323735347957779e-19,
    "particle_momentum_z": 1.0199134968670343e-19,
    "particle_position_x": 2681776.3648108337,
    "particle_position_y": 2663907.8843079703,
    "particle_weight": 1.7256099431746894e+26
  }
}
