{
  "lev=0": {
    "Bx": 0.0,
    "By": 0.0,
    "Bz": 0.0,
    "Ex": 0.0,
    "Ey": 0.0,
    "Ez": 0.0,
    "T_electron": 353384.4616461907,
    "T_ion": 348277.2774202612
  }
}
