{
  "lev=0": {
    "Bx": 0.0,
    "By": 0.0,
    "Bz": 0.0,
    "Ex": 0.0,
    "Ey": 0.0,
    "Ez": 0.0
  },
  "ion": {
    "particle_momentum_x": 2.4932317055825563e-19,
    "particle_momentum_y": 2.274916403334278e-19,
    "particle_momentum_z": 2.2528161767665816e-19,
    "particle_position_x": 2648815.601036139,
    "particle_position_y": 2662836.7581390506,
    "particle_weight": 1.7256099431746894e+26
  },
  "electron": {
    "particle_momentum_x": 1.0489203687862582e-19,
    "particle_momentum_y": 1.0209657029567292e-19,
    "particle_momentum_z": 1.0248962872393911e-19,
    "particle_position_x": 2657004.8285825616,
    "particle_position_y": 2670174.272797987,
    "particle_weight": 1.7256099431746894e+26
  }
}
