{
  "lev=0": {
    "Bx": 0.0,
    "By": 0.0,
    "Bz": 0.0,
    "Ex": 0.0,
    "Ey": 0.0,
    "Ez": 0.0
  },
  "ion": {
    "particle_momentum_x": 2.5066842316209183e-19,
    "particle_momentum_y": 2.2863311215256246e-19,
    "particle_momentum_z": 2.2682377973998022e-19,
    "particle_position_x": 2656041.6379113654,
    "particle_position_y": 2669548.664572591,
    "particle_weight": 1.7256099431746894e+26
  }
}
