{
  "lev=0": {
    "Bx": 0.0,
    "By": 0.0,
    "Bz": 0.0,
    "Ex": 0.0,
    "Ey": 0.0,
    "Ez": 0.0,
    "jx": 36263687291.179794,
    "jy": 21197593312.93355,
    "jz": 21980852261.12548
  }
}
