{
  "lev=0": {
    "Bx": 0.0,
    "By": 0.0,
    "Bz": 0.0,
    "Ex": 0.0,
    "Ey": 0.0,
    "Ez": 0.0
  },
  "electron": {
    "particle_momentum_x": 1.0618161248729303e-19,
    "particle_momentum_y": 1.0331186403682394e-19,
    "particle_momentum_z": 1.0375409035564829e-19,
    "particle_position_x": 2652982.4592067804,
    "particle_position_y": 2666143.4238272114,
    "particle_weight": 1.7256099431746894e+26
  },
  "ion": {
    "particle_momentum_x": 2.4479519290953386e-19,
    "particle_momentum_y": 2.2313460312794214e-19,
    "particle_momentum_z": 2.207395147435577e-19,
    "particle_position_x": 2666525.886108531,
    "particle_position_y": 2666683.4040517565,
    "particle_weight": 1.7256099431746894e+26
  }
}
