{
  "lev=0": {
    "Bx": 0.0,
    "By": 0.0,
    "Bz": 0.0,
    "Ex": 0.0,
    "Ey": 0.0,
    "Ez": 0.0
  },
  "ion": {
    "particle_momentum_x": 2.5057703758686855e-19,
    "particle_momentum_y": 2.2923783859031756e-19,
    "particle_momentum_z": 2.287625547039933e-19,
    "particle_position_x": 2668340.55946334,
    "particle_position_y": 2656508.8960297015,
    "particle_weight": 1.7256099431746894e+26
  },
  "electron": {
    "particle_momentum_x": 1.0375566570110091e-19,
    "particle_momentum_y": 1.0149787104927666e-19,
    "particle_momentum_z": 1.014560693540464e-19,
    "particle_position_x": 2649873.564016985,
    "particle_position_y": 2662401.3054512525,
    "particle_weight": 1.7256099431746894e+26
  }
}
