{
  "lev=0": {
    "Bx": 0.0,
    "By": 0.0,
    "Bz": 0.0,
    "Ex": 0.0,
    "Ey": 0.0,
    "Ez": 0.0,
    "T_electron": 353604.6247926339,
    "T_ion": 347976.6168136309
  },
  "electron": {
    "particle_momentum_x": 8.370755929299189e-19,
    "particle_momentum_y": 8.228112213603589e-19,
    "particle_momentum_z": 8.204295817378347e-19,
    "particle_position_x": 21284971.94721422,
    "particle_position_y": 21212829.42991966,
    "particle_position_z": 21214774.536558084,
    "particle_weight": 7.168263344048695e+28
  },
  "ion": {
    "particle_momentum_x": 2.0074097598289766e-18,
    "particle_momentum_y": 1.8203553942782305e-18,
    "particle_momentum_z": 1.823420185235695e-18,
    "particle_position_x": 21227192.857240494,
    "particle_position_y": 21286501.692027714,
    "particle_position_z": 21245587.6706009,
    "particle_weight": 7.168263344048695e+28
  }
}
