{
  "lev=0": {
    "Bx": 0.0,
    "By": 0.0,
    "Bz": 0.0,
    "Ex": 0.0,
    "Ey": 0.0,
    "Ez": 0.0,
    "jx": 0.0,
    "jy": 0.0,
    "jz": 0.0
  },
  "electron": {
    "x": 1.024116253197213,
    "y": 1.023863590462093,
    "z": 1.024013350512178,
    "ux": 1310.7840393008655,
    "uy": 1310.943348595476,
    "uz": 1311.094916439751,
    "w": 714240000000.0
  }
}
