{
  "lev=0": {
    "Bx": 0.0,
    "By": 0.0,
    "Bz": 0.0,
    "Ex": 0.0,
    "Ey": 0.0,
    "Ez": 0.0,
    "jx": 0.0,
    "jy": 0.0,
    "jz": 0.0
  },
  "electron": {
    "particle_momentum_x": 3.579989064013309e-19,
    "particle_momentum_y": 3.5822945977746767e-19,
    "particle_momentum_z": 3.579753452653627e-19,
    "particle_position_x": 1.0241322532163375,
    "particle_position_y": 1.0238995904625479,
    "particle_position_z": 1.02402135051502,
    "particle_weight": 714240000000.0
  }
}
