{
  "electron": {
    "particle_momentum_x": 3.5819185272846636e-19,
    "particle_momentum_y": 3.5863863634312593e-19,
    "particle_momentum_z": 3.5851967427086124e-19,
    "particle_position_x": 1.024099114246417,
    "particle_position_y": 1.023856067806294,
    "particle_position_z": 1.0241032762214912,
    "particle_weight": 714240000000.0
  },
  "lev=0": {
    "Bx": 0.0,
    "By": 0.0,
    "Bz": 0.0,
    "Ex": 0.0,
    "Ey": 0.0,
    "Ez": 0.0,
    "jx": 0.0,
    "jy": 0.0,
    "jz": 0.0
  }
}