{
  "lev=0": {
    "Bx": 0.0,
    "By": 0.0,
    "Bz": 0.0,
    "Ex": 0.0,
    "Ey": 0.0,
    "Ez": 0.0,
    "jx": 4780371137.929778,
    "jy": 2847519633.8881598,
    "jz": 4557342449.851267
  }
}
