{
  "electron": {
    "particle_momentum_x": 3.5796522874263304e-19,
    "particle_momentum_y": 3.580087349086981e-19,
    "particle_momentum_z": 3.5805012694309815e-19,
    "particle_position_x": 1.024116253197213,
    "particle_position_y": 1.0238635904620974,
    "particle_position_z": 1.0240133505121767,
    "particle_weight": 714240000000.0
  },
  "lev=0": {
    "Bx": 0.0,
    "By": 0.0,
    "Bz": 0.0,
    "Ex": 0.0,
    "Ey": 0.0,
    "Ez": 0.0,
    "jx": 0.0,
    "jy": 0.0,
    "jz": 0.0
  }
}