{
  "lev=0": {
    "Bx": 0.0,
    "By": 0.0,
    "Bz": 0.0,
    "Ex": 0.0,
    "Ey": 0.0,
    "Ez": 0.0,
    "jx": 0.0,
    "jy": 0.0,
    "jz": 0.0
  },
  "ions": {
    "particle_momentum_x": 3.427967883959658e-16,
    "particle_momentum_y": 3.4356969098723214e-16,
    "particle_momentum_z": 5.525919423123455e-16,
    "particle_position_x": 720.0513313558002,
    "particle_weight": 1.0999999999999996e+24
  }
}
