{
  "lev=0": {
    "Bx": 0.0,
    "By": 0.0,
    "Bz": 0.0,
    "Ex": 0.0,
    "Ey": 0.0,
    "Ez": 0.0,
    "T_electron": 381488.6528070591,
    "T_ion": 320091.2785835478
  },
  "electron": {
    "particle_momentum_x": 8.667025573698235e-19,
    "particle_momentum_y": 8.457499789250831e-19,
    "particle_momentum_z": 8.482438182280524e-19,
    "particle_position_x": 21262567.138872623,
    "particle_position_y": 21245135.070665065,
    "particle_position_z": 21232644.283726066,
    "particle_weight": 7.168263344048695e+28
  },
  "ion": {
    "particle_momentum_x": 1.9300495097720012e-18,
    "particle_momentum_y": 1.747257416857836e-18,
    "particle_momentum_z": 1.7510296287537058e-18,
    "particle_position_x": 21217348.883301035,
    "particle_position_y": 21300859.0630925,
    "particle_position_z": 21237901.246521123,
    "particle_weight": 7.168263344048695e+28
  }
}
