{
  "beam": {
    "particle_momentum_x": 6.875024052604206e-19,
    "particle_momentum_y": 4.375444487966637e-19,
    "particle_momentum_z": 6.432593176909762e-18,
    "particle_position_x": 0.0012933598223665212,
    "particle_position_y": 0.35872101659459354,
    "particle_weight": 3120754537230.3823
  },
  "electrons": {
    "particle_momentum_x": 7.058217306102507e-19,
    "particle_momentum_y": 2.2042314720139012e-18,
    "particle_momentum_z": 2.5305214299582585e-16,
    "particle_position_x": 1.5006580327952221,
    "particle_position_y": 16.454388306646475,
    "particle_weight": 1.234867020725368e+18
  },
  "ions": {
    "particle_momentum_x": 1.6150569264030943e-18,
    "particle_momentum_y": 2.2334239793537862e-18,
    "particle_momentum_z": 4.279249530683602e-13,
    "particle_position_x": 1.4883816864868449,
    "particle_position_y": 16.452386504130835,
    "particle_weight": 1.234867369440658e+18
  },
  "lev=0": {
    "Bx": 1118823.5061574595,
    "By": 3248957.084212374,
    "Bz": 280624.78102759377,
    "Ex": 975532719061463.4,
    "Ey": 402851207946673.1,
    "Ez": 159049601047523.06,
    "jx": 2.9997052529118484e+16,
    "jy": 8.866616130905646e+16,
    "jz": 3.163974567840701e+17,
    "rho": 1059977703.1166165
  }
}