{
  "beam": {
    "particle_cpu": 0.0,
    "particle_id": 466643.0,
    "particle_momentum_x": 0.0000000000000000005940643790503620617444,
    "particle_momentum_y": 0.0000000000000000004207935220641095129183,
    "particle_momentum_z": 0.0000000000000000090690824780397199942459,
    "particle_position_x": 0.0013704760088849208231331910923245231970,
    "particle_position_y": 0.1486369608860869107047619763761758804321,
    "particle_weight": 2911663983235.947
  },
  "electrons": {
    "particle_cpu": 155246.0,
    "particle_id": 26701298988.0,
    "particle_momentum_x": 0.0000000000000000009186987708931365023716,
    "particle_momentum_y": 0.0000000000000000008099466808209477065805,
    "particle_momentum_z": 0.0000000000000005716177443199551787605836,
    "particle_position_x": 6.6343937669634316378619587339926511049271,
    "particle_position_y": 58.08977454115495,
    "particle_weight": 3.212795210423339e+18
  },
  "ions": {
    "particle_cpu": 155246.0,
    "particle_id": 26830093836.0,
    "particle_momentum_x": 0.0000000000000000020044237826247600848882,
    "particle_momentum_y": 0.0000000000000000008198157862412493956856,
    "particle_momentum_z": 1.0089822624453072e-12,
    "particle_position_x": 6.622297128431678,
    "particle_position_y": 58.08877603287398,
    "particle_weight": 3.212794492131793e+18
  },
  "lev=0": {
    "Bx": 1301466.3798134964890778064727783203125000000000,
    "By": 4006270.2276948434300720691680908203125000000000,
    "Bz": 203201.1633351982163731008768081665039062500000,
    "Ex": 1203026764868191.75,
    "Ey": 407303968803835.0625,
    "Ez": 217578142282980.46875,
    "jx": 35138099060953276.0,
    "jy": 23083112114752576.0,
    "jz": 413107254378017984.0,
    "rho": 1350522452.8903205394744873046875
  }
}