{
  "beam": {
    "particle_cpu": 0.0,
    "particle_id": 466643.0,
    "particle_momentum_x": 5.935248102846229e-19,
    "particle_momentum_y": 4.2079455139390086e-19,
    "particle_momentum_z": 9.069157096209629e-18,
    "particle_position_x": 0.0013709782662344476,
    "particle_position_y": 0.14863704108231895,
    "particle_weight": 2911663983235.947
  },
  "electrons": {
    "particle_cpu": 155246.0,
    "particle_id": 26701298988.0,
    "particle_momentum_x": 9.169991045389105e-19,
    "particle_momentum_y": 8.134032712971527e-19,
    "particle_momentum_z": 5.716870930487574e-16,
    "particle_position_x": 6.634385105820577,
    "particle_position_y": 58.08979694901561,
    "particle_weight": 3.212795210423339e+18
  },
  "ions": {
    "particle_cpu": 155246.0,
    "particle_id": 26830093836.0,
    "particle_momentum_x": 2.0028127909408492e-18,
    "particle_momentum_y": 8.233828374969269e-19,
    "particle_momentum_z": 1.0089821936116652e-12,
    "particle_position_x": 6.6222971327574776,
    "particle_position_y": 58.088776020644396,
    "particle_weight": 3.212794492131793e+18
  },
  "lev=0": {
    "Bx": 1305305.431740205,
    "By": 4004955.3295348613,
    "Bz": 203986.21157566475,
    "Ex": 1202527548976529.5,
    "Ey": 408729463466964.56,
    "Ez": 217606643896681.66,
    "jx": 3.5156420344831892e+16,
    "jy": 2.330006936826398e+16,
    "jz": 4.1305946927278195e+17,
    "rho": 1350581221.909034
  }
}