{
  "beam": {
    "particle_cpu": 0.0,
    "particle_id": 500500.0,
    "particle_momentum_x": 7.587449921798846e-19,
    "particle_momentum_y": 4.515786832176223e-19,
    "particle_momentum_z": 9.228375409541606e-18,
    "particle_position_x": 0.005388317800845895,
    "particle_position_y": 0.16843460846512465,
    "particle_weight": 3120754537230.3823
  },
  "electrons": {
    "particle_cpu": 155246.0,
    "particle_id": 26701298988.0,
    "particle_momentum_x": 9.197595900579815e-19,
    "particle_momentum_y": 8.111395743160647e-19,
    "particle_momentum_z": 5.717012342689313e-16,
    "particle_position_x": 6.634386766537618,
    "particle_position_y": 58.0897982192507,
    "particle_weight": 3.212795210423338e+18
  },
  "ions": {
    "particle_cpu": 155246.0,
    "particle_id": 26830093836.0,
    "particle_momentum_x": 2.005236974560188e-18,
    "particle_momentum_y": 8.21097164218749e-19,
    "particle_momentum_z": 1.0089821790887435e-12,
    "particle_position_x": 6.622297130412235,
    "particle_position_y": 58.08877602017003,
    "particle_weight": 3.212794492131793e+18
  },
  "lev=0": {
    "Bx": 1305297.485181685,
    "By": 4009300.5547388536,
    "Bz": 203715.3311601148,
    "Ex": 1203889033875429.0,
    "Ey": 408608837197114.75,
    "Ez": 217844729568617.62,
    "jx": 3.519739071285825e+16,
    "jy": 2.3146218523962868e+16,
    "jz": 4.137803403281171e+17,
    "rho": 1352926431.87181
  }
}