{
  "beam": {
    "particle_cpu": 0.0,
    "particle_id": 500500.0,
    "particle_momentum_x": 7.629577917311906e-19,
    "particle_momentum_y": 4.515784675877666e-19,
    "particle_momentum_z": 9.23786856152369e-18,
    "particle_position_x": 0.0053233946013304,
    "particle_position_y": 0.16831662073343018,
    "particle_weight": 3120754537230.3823
  },
  "electrons": {
    "particle_cpu": 155064.0,
    "particle_id": 26641388956.0,
    "particle_momentum_x": 9.198099167392571e-19,
    "particle_momentum_y": 8.01466846786698e-19,
    "particle_momentum_z": 5.709855386797889e-16,
    "particle_position_x": 6.626606325043414,
    "particle_position_y": 58.0498159784405,
    "particle_weight": 3.207244945571801e+18
  },
  "ions": {
    "particle_cpu": 155064.0,
    "particle_id": 26770116828.0,
    "particle_momentum_x": 2.0028257539383626e-18,
    "particle_momentum_y": 8.105458806709107e-19,
    "particle_momentum_z": 1.0077993581993198e-12,
    "particle_position_x": 6.614533763985113,
    "particle_position_y": 58.048771001772394,
    "particle_weight": 3.2072450820297876e+18
  },
  "lev=0": {
    "Bx": 1308098.5846263384,
    "By": 4007657.1673110533,
    "Bz": 204624.1113021927,
    "Ex": 1203445466537862.5,
    "Ey": 409141470699862.25,
    "Ez": 217330038685038.66,
    "jx": 3.5160528853925736e+16,
    "jy": 2.2668123867139576e+16,
    "jz": 4.1622814384573434e+17,
    "rho": 1358435306.156083
  }
}