{
  "beam": {
    "particle_cpu": 0.0,
    "particle_id": 500500.0,
    "particle_momentum_x": 7.664796367490246e-19,
    "particle_momentum_y": 4.515789974571725e-19,
    "particle_momentum_z": 9.219642022953058e-18,
    "particle_position_x": 0.00544486975465588,
    "particle_position_y": 0.1684617934850459,
    "particle_weight": 3120754537230.3823
  },
  "electrons": {
    "particle_cpu": 155246.0,
    "particle_id": 26701298988.0,
    "particle_momentum_x": 9.136383211404986e-19,
    "particle_momentum_y": 8.101601399976596e-19,
    "particle_momentum_z": 5.717059776538689e-16,
    "particle_position_x": 6.634364766505349,
    "particle_position_y": 58.08983230909047,
    "particle_weight": 3.212794520240557e+18
  },
  "ions": {
    "particle_cpu": 155246.0,
    "particle_id": 26830093836.0,
    "particle_momentum_x": 1.996033716831053e-18,
    "particle_momentum_y": 8.201232317358422e-19,
    "particle_momentum_z": 1.008982179039123e-12,
    "particle_position_x": 6.622297069965442,
    "particle_position_y": 58.08877602017003,
    "particle_weight": 3.212794492131793e+18
  },
  "lev=0": {
    "Bx": 1304526.851838164,
    "By": 4001075.844980609,
    "Bz": 203861.1536195573,
    "Ex": 1201499532225996.0,
    "Ey": 408343920385792.8,
    "Ez": 217279159850185.0,
    "jx": 3.511015401204926e+16,
    "jy": 2.309927280600993e+16,
    "jz": 4.090299985201231e+17,
    "rho": 1338012413.738342
  }
}