{
  "beam": {
    "particle_cpu": 0.0,
    "particle_id": 466643.0,
    "particle_momentum_x": 5.9412655400697425e-19,
    "particle_momentum_y": 4.2079277409692354e-19,
    "particle_momentum_z": 9.069326487230642e-18,
    "particle_position_x": 0.0013704026432938836,
    "particle_position_y": 0.14863693502202852,
    "particle_weight": 2911663983235.947
  },
  "electrons": {
    "particle_cpu": 155246.0,
    "particle_id": 26701298988.0,
    "particle_momentum_x": 9.187015830864461e-19,
    "particle_momentum_y": 8.099264984923782e-19,
    "particle_momentum_z": 5.716180412531198e-16,
    "particle_position_x": 6.634393845168809,
    "particle_position_y": 58.08977454115495,
    "particle_weight": 3.212795210423339e+18
  },
  "ions": {
    "particle_cpu": 155246.0,
    "particle_id": 26830093836.0,
    "particle_momentum_x": 2.0044234712622248e-18,
    "particle_momentum_y": 8.197960287574731e-19,
    "particle_momentum_z": 1.0089822624453072e-12,
    "particle_position_x": 6.622297128431678,
    "particle_position_y": 58.08877603287398,
    "particle_weight": 3.212794492131793e+18
  },
  "lev=0": {
    "Bx": 1301454.4704659446,
    "By": 4006246.3097266722,
    "Bz": 203187.9759392533,
    "Ex": 1203019275346943.8,
    "Ey": 407301005006001.3,
    "Ez": 217578664296718.34,
    "jx": 3.5138380865245516e+16,
    "jy": 2.308237971134435e+16,
    "jz": 4.1310239752617536e+17,
    "rho": 1350509119.2828336
  }
}