{
  "beam": {
    "particle_cpu": 0.0,
    "particle_id": 500500.0,
    "particle_momentum_x": 7.563066430240103e-19,
    "particle_momentum_y": 4.375673067987335e-19,
    "particle_momentum_z": 9.209804731214944e-18,
    "particle_position_x": 0.004921158713228969,
    "particle_position_y": 0.166800695179479,
    "particle_weight": 3120754537230.3823
  },
  "electrons": {
    "particle_cpu": 155246.0,
    "particle_id": 26701298988.0,
    "particle_momentum_x": 9.138382757187134e-19,
    "particle_momentum_y": 8.102352146596644e-19,
    "particle_momentum_z": 5.717081627874409e-16,
    "particle_position_x": 6.63436641815958,
    "particle_position_y": 58.08983230909047,
    "particle_weight": 3.212794520240557e+18
  },
  "ions": {
    "particle_cpu": 155246.0,
    "particle_id": 26830093836.0,
    "particle_momentum_x": 1.995914762995399e-18,
    "particle_momentum_y": 8.202097696570524e-19,
    "particle_momentum_z": 1.008982176537234e-12,
    "particle_position_x": 6.622297069965442,
    "particle_position_y": 58.08877602017003,
    "particle_weight": 3.212794492131793e+18
  },
  "lev=0": {
    "Bx": 1304551.76017722,
    "By": 4001809.462013564,
    "Bz": 203861.0471774578,
    "Ex": 1201723647048811.0,
    "Ey": 408363329945885.8,
    "Ez": 217289865973087.3,
    "jx": 3.511742519412693e+16,
    "jy": 2.310538585094334e+16,
    "jz": 4.090401768405855e+17,
    "rho": 1338040452.163162
  }
}