{
  "beam": {
    "particle_cpu": 0.0,
    "particle_id": 500500.0,
    "particle_momentum_x": 7.669759108861468e-19,
    "particle_momentum_y": 4.515790444343171e-19,
    "particle_momentum_z": 9.219229554676293e-18,
    "particle_position_x": 5.445041966361118e-03,
    "particle_position_y": 1.684630856935410e-01,
    "particle_weight": 3120754537230.3823
  },
  "electrons": {
    "particle_cpu": 155246.0,
    "particle_id": 26701298988.0,
    "particle_momentum_x": 9.135952262251187e-19,
    "particle_momentum_y": 8.101493264523045e-19,
    "particle_momentum_z": 5.717044508550590e-16,
    "particle_position_x": 6.634363959599270e+00,
    "particle_position_y": 5.808983230909047e+01,
    "particle_weight": 3.212794520240557e+18
  },
  "ions": {
    "particle_cpu": 155246.0,
    "particle_id": 26830093836.0,
    "particle_momentum_x": 1.995930325404687e-18,
    "particle_momentum_y": 8.201095553290320e-19,
    "particle_momentum_z": 1.008982180697422e-12,
    "particle_position_x": 6.622297069965442e+00,
    "particle_position_y": 58.08877602017003,
    "particle_weight": 3.212794492131793e+18
  },
  "lev=0": {
    "Bx": 1.304503610434902e+06,
    "By": 4.000855494548894e+06,
    "Bz": 2.038590450884660e+05,
    "Ex": 1.201433342910536e+15,
    "Ey": 4.083364320293471e+14,
    "Ez": 2.172708166452597e+14,
    "jx": 3.510846458609173e+16,
    "jy": 2.309903352881767e+16,
    "jz": 4.090085617016862e+17,
    "rho": 1.337939566692242e+09
  }
}