{
  "beam": {
    "particle_cpu": 0.0,
    "particle_id": 500500.0,
    "particle_momentum_x": 7.603219096480503e-19,
    "particle_momentum_y": 4.515788467906698e-19,
    "particle_momentum_z": 9.251438237172646e-18,
    "particle_position_x": 0.005194426273517291,
    "particle_position_y": 0.16821063508559372,
    "particle_weight": 3120754537230.3823
  },
  "electrons": {
    "particle_cpu": 155064.0,
    "particle_id": 26641388956.0,
    "particle_momentum_x": 9.118806891029484e-19,
    "particle_momentum_y": 8.024709271385959e-19,
    "particle_momentum_z": 5.709918896487742e-16,
    "particle_position_x": 6.626638620742277,
    "particle_position_y": 58.04979070326607,
    "particle_weight": 3.2072448231718543e+18
  },
  "ions": {
    "particle_cpu": 155064.0,
    "particle_id": 26770116828.0,
    "particle_momentum_x": 1.9969176019672667e-18,
    "particle_momentum_y": 8.115464689876084e-19,
    "particle_momentum_z": 1.0077993504861916e-12,
    "particle_position_x": 6.614533782295469,
    "particle_position_y": 58.04877100782858,
    "particle_weight": 3.2072450820297876e+18
  },
  "lev=0": {
    "Bx": 1308615.9630701963,
    "By": 4001870.815625281,
    "Bz": 204219.6987364004,
    "Ex": 1201706531835784.2,
    "Ey": 409313405842806.44,
    "Ez": 216703715445361.0,
    "jx": 3.5032798321775628e+16,
    "jy": 2.2713912552862916e+16,
    "jz": 4.0842828436243034e+17,
    "rho": 1337100119.669648
  }
}
