{
  "beam": {
    "particle_cpu": 0.0,
    "particle_id": 500500.0,
    "particle_momentum_x": 6.908048548008327e-19,
    "particle_momentum_y": 4.375388007121479e-19,
    "particle_momentum_z": 6.425331770864911e-18,
    "particle_position_x": 1.294490194537805e-03,
    "particle_position_y": 3.587212659414640e-01,
    "particle_weight": 3120754537230.3823
  },
  "electrons": {
    "particle_cpu": 6.596800000000000e+04,
    "particle_id": 6.104975576000000e+09,
    "particle_momentum_x": 7.037094162013838e-19,
    "particle_momentum_y": 2.205223727583870e-18,
    "particle_momentum_z": 2.534718326041411e-16,
    "particle_position_x": 1.503477014281835e+00,
    "particle_position_y": 1.650643908439910e+01,
    "particle_weight": 1.237233115616234e+18
  },
  "ions": {
    "particle_cpu": 6.596800000000000e+04,
    "particle_id": 6.121863384000000e+09,
    "particle_momentum_x": 1.614909223635599e-18,
    "particle_momentum_y": 2.233793497251167e-18,
    "particle_momentum_z": 4.287308902695165e-13,
    "particle_position_x": 1.491184576084333e+00,
    "particle_position_y": 1.650444400636357e+01,
    "particle_weight": 1.237233488417416e+18
  },
  "lev=0": {
    "Bx": 1.119428883934432e+06,
    "By": 3.254745746872413e+06,
    "Bz": 2.808770020415855e+05,
    "Ex": 9.772750948490669e+14,
    "Ey": 4.031008265066674e+14,
    "Ez": 1.587397924001068e+14,
    "jx": 2.990746184529068e+16,
    "jy": 8.872436234044910e+16,
    "jz": 3.169290239023944e+17,
    "rho": 1.061774778022005e+09
  }
}
