{
  "beam": {
    "particle_cpu": 0.0,
    "particle_id": 500500.0,
    "particle_momentum_x": 7.628372112814827e-19,
    "particle_momentum_y": 4.51578484137122e-19,
    "particle_momentum_z": 9.237545309303486e-18,
    "particle_position_x": 0.005323632156265544,
    "particle_position_y": 0.1683179013713748,
    "particle_weight": 3120754537230.3823
  },
  "electrons": {
    "particle_cpu": 155064.0,
    "particle_id": 26641388956.0,
    "particle_momentum_x": 9.197670774611056e-19,
    "particle_momentum_y": 8.0145186603775735e-19,
    "particle_momentum_z": 5.709840137416556e-16,
    "particle_position_x": 6.626605514736807,
    "particle_position_y": 58.049815939950975,
    "particle_weight": 3.207244945571801e+18
  },
  "ions": {
    "particle_cpu": 155064.0,
    "particle_id": 26770116828.0,
    "particle_momentum_x": 2.0027220453477795e-18,
    "particle_momentum_y": 8.105304355984878e-19,
    "particle_momentum_z": 1.0077993598564508e-12,
    "particle_position_x": 6.614533760026419,
    "particle_position_y": 58.04877100219655,
    "particle_weight": 3.2072450820297876e+18
  },
  "lev=0": {
    "Bx": 1308077.3032634605,
    "By": 4007436.701909205,
    "Bz": 204622.24904159672,
    "Ex": 1203379230904796.8,
    "Ey": 409135011728570.56,
    "Ez": 217321709060510.53,
    "jx": 3.515885108083111e+16,
    "jy": 2.2668153454601196e+16,
    "jz": 4.162067963986265e+17,
    "rho": 1358362902.6200342
  }
}