{
  "lev=0": {
    "Bx": 1118823.5061574504,
    "By": 3248957.084212206,
    "Bz": 280624.78102759324,
    "Ex": 975532719061413.4,
    "Ey": 402851207946668.94,
    "Ez": 159049601047524.06,
    "jx": 2.9997052529118676e+16,
    "jy": 8.866616130905491e+16,
    "jz": 3.1639745678404506e+17,
    "rho": 1059977703.1165332
  },
  "beam": {
    "x": 0.0012933598223665679,
    "y": 0.0,
    "z": 0.3587210165945936,
    "ux": 2517.4712721726564,
    "uy": 1602.1843294162754,
    "uz": 23554.635452235856,
    "w": 3120754537230.3823
  },
  "electrons": {
    "x": 1.5006580327952213,
    "y": 0.0,
    "z": 16.454388306646475,
    "ux": 2584.552310640246,
    "uy": 8071.37453709988,
    "uz": 926617.1223247133,
    "w": 1.234867020725368e+18
  },
  "ions": {
    "x": 1.4883816864868449,
    "y": 0.0,
    "z": 16.452386504130835,
    "ux": 3.220841450892061,
    "uy": 4.454025373668768,
    "uz": 853393.0935692698,
    "w": 1.234867369440658e+18
  }
}
