{
  "beam": {
    "particle_cpu": 0.0,
    "particle_id": 479117.0,
    "particle_momentum_x": 7.691450915076847e-19,
    "particle_momentum_y": 4.3128816149368133e-19,
    "particle_momentum_z": 9.576505579739551e-18,
    "particle_position_x": 0.002089523815977281,
    "particle_position_y": 0.1565090522884175,
    "particle_weight": 2980320583055.015
  },
  "electrons": {
    "particle_cpu": 152926.0,
    "particle_id": 26384080515.0,
    "particle_momentum_x": 1.2623400687843979e-17,
    "particle_momentum_y": 8.160692801950463e-19,
    "particle_momentum_z": 5.29516898906563e-16,
    "particle_position_x": 6.511904812192908,
    "particle_position_y": 56.88690637841706,
    "particle_weight": 3.1456706220733307e+18
  },
  "ions": {
    "particle_cpu": 155246.0,
    "particle_id": 26830093836.0,
    "particle_momentum_x": 2.674695992286711e-17,
    "particle_momentum_y": 8.272255220103753e-19,
    "particle_momentum_z": 1.0089989742426839e-12,
    "particle_position_x": 6.622206576658815,
    "particle_position_y": 58.08878479316476,
    "particle_weight": 3.212794492131793e+18
  },
  "lev=0": {
    "Bx": 1305802.1946041887,
    "By": 26473840.943903416,
    "Bz": 202909.13862793546,
    "Ex": 7897146449025142.0,
    "Ey": 409220744887256.2,
    "Ez": 973317462623009.8,
    "jx": 3.453628572288483e+17,
    "jy": 2.399663638079102e+16,
    "jz": 3.829848734870462e+18,
    "rho": 12534559703.14471
  }
}