{
  "lev=0": {
    "rho": 0.0
  },
  "deuterium_1": {
    "x": 40960140.72983793,
    "y": 40959772.69310104,
    "z": 81919021.52308556,
    "ux": 0.0,
    "uy": 0.0,
    "uz": 287995.3661197176,
    "w": 1024.000000000021
  },
  "deuterium_2": {
    "x": 4095630.698135355,
    "y": 4096073.5517983637,
    "z": 8191737.5566503005,
    "ux": 0.0,
    "uy": 0.0,
    "uz": 33479.20994960781,
    "w": 1.0227810240779905e+29
  },
  "helium4_1": {
    "x": 154379.32401483235,
    "y": 152618.63815943015,
    "z": 325970.4138010667,
    "ux": 879.2547628283742,
    "uy": 879.4340704885828,
    "uz": 877.2731502143746,
    "w": 4.421535775967805e-28
  },
  "helium4_2": {
    "x": 137011.89739173267,
    "y": 136605.24328988983,
    "z": 290143.4673994485,
    "ux": 769.4076544385314,
    "uy": 769.2837384288343,
    "uz": 885.0820194198272,
    "w": 5.756530048087129e+18
  },
  "neutron_1": {
    "x": 154379.32401483235,
    "y": 152618.63815943015,
    "z": 325970.4138010667,
    "ux": 3489.0754295736288,
    "uy": 3489.786961632387,
    "uz": 3481.2119568069893,
    "w": 4.421535775967805e-28
  },
  "neutron_2": {
    "x": 137011.89739173267,
    "y": 136605.24328988983,
    "z": 290143.4673994485,
    "ux": 3053.1780502295223,
    "uy": 3052.68632436912,
    "uz": 3085.4462047035,
    "w": 5.756530048087129e+18
  },
  "tritium_1": {
    "x": 40958301.591654316,
    "y": 40961136.14476712,
    "z": 81920546.19181262,
    "ux": 0.0,
    "uy": 0.0,
    "uz": 192321.7844092793,
    "w": 1024.000000000021
  },
  "tritium_2": {
    "x": 409798.0158217681,
    "y": 409670.9858143465,
    "z": 819255.8152412223,
    "ux": 0.0,
    "uy": 0.0,
    "uz": 0.0,
    "w": 1.0239999999424347e+29
  }
}
