{
  "lev=0": {
    "rho": 0.0
  },
  "deuterium_1": {
    "theta": 32166860.23003994,
    "x": 26073611.98620714,
    "y": 26079838.159287732,
    "z": 81919224.48541151,
    "ux": 183394.28480730345,
    "uy": 183300.3480240438,
    "uz": 0.0,
    "w": 3216.984554806547
  },
  "deuterium_2": {
    "theta": 3216444.348910214,
    "x": 2609016.9598748162,
    "y": 2606172.5285569998,
    "z": 8192069.080030457,
    "ux": 0.0,
    "uy": 0.0,
    "uz": 33275.31883316831,
    "w": 3.1898417901971444e+29
  },
  "helium4_1": {
    "theta": 120064.13771707338,
    "x": 96885.52074138097,
    "y": 97766.65017454905,
    "z": 323733.9138644398,
    "ux": 932.5292042456676,
    "uy": 941.8592477848904,
    "uz": 858.1119427486856,
    "w": 1.603083276067953e-27
  },
  "helium4_2": {
    "theta": 107912.20520382549,
    "x": 87028.69187867432,
    "y": 87353.27541536198,
    "z": 286903.30393175944,
    "ux": 762.5855137948246,
    "uy": 764.9945548809458,
    "uz": 886.0374484318056,
    "w": 2.0862696876352987e+19
  },
  "neutron_1": {
    "theta": 120064.13771707338,
    "x": 96885.52074138097,
    "y": 97766.65017454905,
    "z": 323733.9138644398,
    "ux": 3417.571127401095,
    "uy": 3416.39246625505,
    "uz": 3405.1760898479743,
    "w": 1.603083276067953e-27
  },
  "neutron_2": {
    "theta": 107912.20520382549,
    "x": 87028.69187867432,
    "y": 87353.27541536198,
    "z": 286903.30393175944,
    "ux": 3026.1063023091774,
    "uy": 3035.6659048473325,
    "uz": 3079.5395166728536,
    "w": 2.0862696876352987e+19
  },
  "tritium_1": {
    "theta": 32163925.891884565,
    "x": 26072170.66476998,
    "y": 26080336.733205147,
    "z": 81919046.8061561,
    "ux": 122446.76718091831,
    "uy": 122426.35474987574,
    "uz": 0.0,
    "w": 3217.0912552970394
  },
  "tritium_2": {
    "theta": 321974.4557387621,
    "x": 261716.69751256416,
    "y": 260164.72793570225,
    "z": 819237.3558155322,
    "ux": 0.0,
    "uy": 0.0,
    "uz": 0.0,
    "w": 3.218514276139388e+29
  }
}
