{
  "lev=0": {
    "rho": 0.0
  },
  "deuterium_1": {
    "x": 40960140.72983793,
    "y": 40959772.69310104,
    "z": 81919021.52308556,
    "ux": 0.0,
    "uy": 0.0,
    "uz": 262991.5527352336,
    "w": 1024.000000000021
  },
  "helium3_1": {
    "x": 151779.74563236872,
    "y": 152858.5501479658,
    "z": 322785.7613257161,
    "ux": 565.6193532827336,
    "uy": 566.6531661276882,
    "uz": 566.1397441176252,
    "w": 2.7065032055210726e-28
  },
  "hydrogen2_1": {
    "x": 40958301.591654316,
    "y": 40961136.14476712,
    "z": 81920546.19181262,
    "ux": 0.0,
    "uy": 0.0,
    "uz": 262991.5527352336,
    "w": 1024.000000000021
  },
  "neutron_1": {
    "x": 151779.74563236872,
    "y": 152858.5501479658,
    "z": 322785.7613257161,
    "ux": 1691.2698424866583,
    "uy": 1694.3610671367683,
    "uz": 1692.825873623589,
    "w": 2.7065032055210726e-28
  }
}
