{
  "deuterium": {
    "particle_momentum_x": 1.3370046499332103e-14,
    "particle_momentum_y": 1.3364310231320824e-14,
    "particle_momentum_z": 1.3372728873714894e-14,
    "particle_position_x": 2560.1613417364665,
    "particle_position_y": 2560.082464065988,
    "particle_position_z": 2560.0018477161034,
    "particle_weight": 7.999999989895393e+17
  },
  "helium3": {
    "particle_momentum_x": 2.2800935865848323e-15,
    "particle_momentum_y": 2.2864983116288316e-15,
    "particle_momentum_z": 2.290487090201156e-15,
    "particle_position_x": 62.07326392385665,
    "particle_position_y": 62.074468969610855,
    "particle_position_z": 62.07087662970013,
    "particle_weight": 505230602.2536906
  },
  "lev=0": {
    "rho": 0.0,
    "rho_deuterium": 8203144355.71876,
    "rho_helium3": 10.36119892112141
  },
  "neutron": {
    "particle_momentum_x": 2.2625878931428226e-15,
    "particle_momentum_y": 2.2652096393691827e-15,
    "particle_momentum_z": 2.27105060559148e-15,
    "particle_position_x": 62.07326392385665,
    "particle_position_y": 62.074468969610855,
    "particle_position_z": 62.07087662970013,
    "particle_weight": 505230602.2536906
  }
}