{
  "deuterium1": {
    "particle_cpu": 5120000.0,
    "particle_id": 26214405120000.0,
    "particle_momentum_x": 0.0,
    "particle_momentum_y": 0.0,
    "particle_momentum_z": 2.8875978729147693e-13,
    "particle_position_x": 40960140.72983793,
    "particle_position_y": 40959772.69310104,
    "particle_position_z": 81919021.52308556,
    "particle_weight": 1024.000000000021
  },
  "deuterium2": {
    "particle_cpu": 512000.0,
    "particle_id": 10747904512000.0,
    "particle_momentum_x": 0.0,
    "particle_momentum_y": 0.0,
    "particle_momentum_z": 3.356807324363973e-14,
    "particle_position_x": 4095630.698135355,
    "particle_position_y": 4096073.5517983637,
    "particle_position_z": 8191737.5566503005,
    "particle_weight": 1.0227810240779905e+29
  },
  "helium1": {
    "particle_cpu": 20564.0,
    "particle_id": 414455929591.0,
    "particle_momentum_x": 1.7519716491839538e-15,
    "particle_momentum_y": 1.7523289312260283e-15,
    "particle_momentum_z": 1.7480231586369996e-15,
    "particle_position_x": 154379.32401483235,
    "particle_position_y": 152618.63815943015,
    "particle_position_z": 325970.4138010667,
    "particle_weight": 4.421535775967805e-28
  },
  "helium2": {
    "particle_cpu": 18146.0,
    "particle_id": 370840895571.0,
    "particle_momentum_x": 1.5330942227771018e-15,
    "particle_momentum_y": 1.5328473121602395e-15,
    "particle_momentum_z": 1.7635828326228758e-15,
    "particle_position_x": 137011.89739173267,
    "particle_position_y": 136605.24328988983,
    "particle_position_z": 290143.4673994485,
    "particle_weight": 5.756530048087129e+18
  },
  "lev=0": {
    "rho": 0.0
  },
  "neutron1": {
    "particle_cpu": 20564.0,
    "particle_id": 415194438443.0,
    "particle_momentum_x": 1.7519716491839538e-15,
    "particle_momentum_y": 1.7523289312260283e-15,
    "particle_momentum_z": 1.7480231586369996e-15,
    "particle_position_x": 154379.32401483235,
    "particle_position_y": 152618.63815943015,
    "particle_position_z": 325970.4138010667,
    "particle_weight": 4.421535775967805e-28
  },
  "neutron2": {
    "particle_cpu": 18146.0,
    "particle_id": 371427197911.0,
    "particle_momentum_x": 1.5330942227771018e-15,
    "particle_momentum_y": 1.5328473121602395e-15,
    "particle_momentum_z": 1.549297051563983e-15,
    "particle_position_x": 137011.89739173267,
    "particle_position_y": 136605.24328988983,
    "particle_position_z": 290143.4673994485,
    "particle_weight": 5.756530048087129e+18
  },
  "tritium1": {
    "particle_cpu": 5120000.0,
    "particle_id": 78643205120000.0,
    "particle_momentum_x": 0.0,
    "particle_momentum_y": 0.0,
    "particle_momentum_z": 2.8875978729147693e-13,
    "particle_position_x": 40958301.591654316,
    "particle_position_y": 40961136.14476712,
    "particle_position_z": 81920546.19181262,
    "particle_weight": 1024.000000000021
  },
  "tritium2": {
    "particle_cpu": 51200.0,
    "particle_id": 1103626291200.0,
    "particle_momentum_x": 0.0,
    "particle_momentum_y": 0.0,
    "particle_momentum_z": 0.0,
    "particle_position_x": 409798.0158217681,
    "particle_position_y": 409670.9858143465,
    "particle_position_z": 819255.8152412223,
    "particle_weight": 1.0239999999424347e+29
  }
}