{
  "lev=0": {
    "rho": 0.0,
    "rho_deuterium": 8203144355.71876,
    "rho_helium3": 10.36119892112141
  },
  "deuterium": {
    "x": 2560.1613417364665,
    "y": 2560.082464065988,
    "z": 2560.0018477161034,
    "ux": 13334.652559243033,
    "uy": 13328.93147660349,
    "uz": 13337.327832693316,
    "w": 7.999999989895393e+17
  },
  "helium3": {
    "x": 62.07326392385665,
    "y": 62.074468969610855,
    "z": 62.07087662970013,
    "ux": 1518.6136997944295,
    "uy": 1522.879447153424,
    "uz": 1525.5360985387078,
    "w": 505230602.2536906
  },
  "neutron": {
    "x": 62.07326392385665,
    "y": 62.074468969610855,
    "z": 62.07087662970013,
    "ux": 4505.97464227944,
    "uy": 4511.195885639873,
    "uz": 4522.828249520122,
    "w": 505230602.2536906
  }
}
