{
  "deuterium_1": {
    "particle_momentum_x": 1.8388106511899905e-13,
    "particle_momentum_y": 1.837868790009435e-13,
    "particle_momentum_z": 0.0,
    "particle_position_x": 40959919.499819286,
    "particle_position_y": 81919224.48541151,
    "particle_theta": 32166860.23003994,
    "particle_weight": 3216.984554806547
  },
  "deuterium_2": {
    "particle_momentum_x": 0.0,
    "particle_momentum_y": 0.0,
    "particle_momentum_z": 3.336364094249911e-14,
    "particle_position_x": 4095908.9083809257,
    "particle_position_y": 8192069.080030457,
    "particle_theta": 3216444.348910214,
    "particle_weight": 3.1898417901971444e+29
  },
  "helium4_1": {
    "particle_momentum_x": 1.858124399143442e-15,
    "particle_momentum_y": 1.876715110797694e-15,
    "particle_momentum_z": 1.7098432207359157e-15,
    "particle_position_x": 152920.23233108618,
    "particle_position_y": 323733.9138644398,
    "particle_theta": 120064.13771707338,
    "particle_weight": 1.603083276067953e-27
  },
  "helium4_2": {
    "particle_momentum_x": 1.5195006688950936e-15,
    "particle_momentum_y": 1.52430083815551e-15,
    "particle_momentum_z": 1.7654865863613367e-15,
    "particle_position_x": 136867.63803188328,
    "particle_position_y": 286903.30393175944,
    "particle_theta": 107912.20520382549,
    "particle_weight": 2.0862696876352987e+19
  },
  "lev=0": {
    "rho": 0.0
  },
  "neutron_1": {
    "particle_momentum_x": 1.7160671487712845e-15,
    "particle_momentum_y": 1.7154753069055672e-15,
    "particle_momentum_z": 1.7098432207359157e-15,
    "particle_position_x": 152920.23233108618,
    "particle_position_y": 323733.9138644398,
    "particle_theta": 120064.13771707338,
    "particle_weight": 1.603083276067953e-27
  },
  "neutron_2": {
    "particle_momentum_x": 1.5195006688950936e-15,
    "particle_momentum_y": 1.52430083815551e-15,
    "particle_momentum_z": 1.5463311225724366e-15,
    "particle_position_x": 136867.63803188328,
    "particle_position_y": 286903.30393175944,
    "particle_theta": 107912.20520382549,
    "particle_weight": 2.0862696876352987e+19
  },
  "tritium_1": {
    "particle_momentum_x": 1.8384658063720362e-13,
    "particle_momentum_y": 1.8381593257898129e-13,
    "particle_momentum_z": 0.0,
    "particle_position_x": 40961278.052658774,
    "particle_position_y": 81919046.8061561,
    "particle_theta": 32163925.891884565,
    "particle_weight": 3217.0912552970394
  },
  "tritium_2": {
    "particle_momentum_x": 0.0,
    "particle_momentum_y": 0.0,
    "particle_momentum_z": 0.0,
    "particle_position_x": 409793.9651940968,
    "particle_position_y": 819237.3558155322,
    "particle_theta": 321974.4557387621,
    "particle_weight": 3.218514276139388e+29
  }
}
