{
  "lev=0": {
    "rho": 0.0,
    "rho_deuterium": 8203144355.616676,
    "rho_helium3": 10.463281344141109
  },
  "neutron": {
    "particle_momentum_x": 2.2591401355460135e-15,
    "particle_momentum_y": 2.256961438879473e-15,
    "particle_momentum_z": 2.2653544822252808e-15,
    "particle_position_x": 62.00907037409836,
    "particle_position_y": 62.23961727951054,
    "particle_position_z": 62.20628469379921,
    "particle_weight": 510208323.8913497
  },
  "deuterium": {
    "particle_momentum_x": 1.3370046499332103e-14,
    "particle_momentum_y": 1.3364310231320824e-14,
    "particle_momentum_z": 1.3372728873714894e-14,
    "particle_position_x": 2560.1613417364665,
    "particle_position_y": 2560.082464065988,
    "particle_position_z": 2560.0018477161034,
    "particle_weight": 7.999999989795828e+17
  },
  "helium3": {
    "particle_momentum_x": 2.278765848392376e-15,
    "particle_momentum_y": 2.2788932060865207e-15,
    "particle_momentum_z": 2.2859200664075675e-15,
    "particle_position_x": 62.00907037409836,
    "particle_position_y": 62.23961727951054,
    "particle_position_z": 62.20628469379921,
    "particle_weight": 510208323.8913497
  }
}
