{
  "deuterium_1": {
    "particle_momentum_x": 0.0,
    "particle_momentum_y": 0.0,
    "particle_momentum_z": 2.63689606713025e-13,
    "particle_position_x": 40960140.72983793,
    "particle_position_y": 40959772.69310104,
    "particle_position_z": 81919021.52308556,
    "particle_weight": 1024.000000000021
  },
  "helium3_1": {
    "particle_momentum_x": 8.492383942294212e-16,
    "particle_momentum_y": 8.507905928154269e-16,
    "particle_momentum_z": 8.500197251270117e-16,
    "particle_position_x": 151779.74563236872,
    "particle_position_y": 152858.5501479658,
    "particle_position_z": 322785.7613257161,
    "particle_weight": 2.7065032055210726e-28
  },
  "hydrogen2_1": {
    "particle_momentum_x": 0.0,
    "particle_momentum_y": 0.0,
    "particle_momentum_z": 2.63689606713025e-13,
    "particle_position_x": 40958301.591654316,
    "particle_position_y": 40961136.14476712,
    "particle_position_z": 81920546.19181262,
    "particle_weight": 1024.000000000021
  },
  "lev=0": {
    "rho": 0.0
  },
  "neutron_1": {
    "particle_momentum_x": 8.492383942294212e-16,
    "particle_momentum_y": 8.507905928154269e-16,
    "particle_momentum_z": 8.500197251270117e-16,
    "particle_position_x": 151779.74563236872,
    "particle_position_y": 152858.5501479658,
    "particle_position_z": 322785.7613257161,
    "particle_weight": 2.7065032055210726e-28
  }
}