{
  "lev=0": {
    "rho": 0.0
  },
  "neutron_1": {
    "particle_momentum_x": 1.7519716491839538e-15,
    "particle_momentum_y": 1.7523289312260283e-15,
    "particle_momentum_z": 1.7480231586369996e-15,
    "particle_position_x": 154379.32401483235,
    "particle_position_y": 152618.63815943015,
    "particle_position_z": 325970.4138010667,
    "particle_weight": 4.421535775967805e-28
  },
  "tritium_1": {
    "particle_momentum_x": 0.0,
    "particle_momentum_y": 0.0,
    "particle_momentum_z": 2.8875978729147693e-13,
    "particle_position_x": 40958301.591654316,
    "particle_position_y": 40961136.14476712,
    "particle_position_z": 81920546.19181262,
    "particle_weight": 1024.000000000021
  },
  "deuterium_2": {
    "particle_momentum_x": 0.0,
    "particle_momentum_y": 0.0,
    "particle_momentum_z": 3.356220762633467e-14,
    "particle_position_x": 4095630.698135355,
    "particle_position_y": 4096073.5517983637,
    "particle_position_z": 8191737.5566503,
    "particle_weight": 1.0240001137713503e+30
  },
    "helium4_1": {
    "particle_momentum_x": 1.7519716491839538e-15,
    "particle_momentum_y": 1.7523289312260283e-15,
    "particle_momentum_z": 1.7480231586369996e-15,
    "particle_position_x": 154379.32401483235,
    "particle_position_y": 152618.63815943015,
    "particle_position_z": 325970.4138010667,
    "particle_weight": 4.421535775967805e-28
  },
  "deuterium_1": {
    "particle_momentum_x": 0.0,
    "particle_momentum_y": 0.0,
    "particle_momentum_z": 2.8875978729147693e-13,
    "particle_position_x": 40960140.72983793,
    "particle_position_y": 40959772.69310104,
    "particle_position_z": 81919021.52308556,
    "particle_weight": 1024.000000000021
  },
  "neutron_2": {
    "particle_momentum_x": 1.538345593941914e-15,
    "particle_momentum_y": 1.536969107959402e-15,
    "particle_momentum_z": 1.5535605933245691e-15,
    "particle_position_x": 137088.2335716813,
    "particle_position_y": 136370.55273167047,
    "particle_position_z": 290148.26756873244,
    "particle_weight": 6.427760042646557e+18
  },
    "helium4_2": {
    "particle_momentum_x": 1.538345593941914e-15,
    "particle_momentum_y": 1.536969107959402e-15,
    "particle_momentum_z": 1.769309377628039e-15,
    "particle_position_x": 137088.2335716813,
    "particle_position_y": 136370.55273167047,
    "particle_position_z": 290148.26756873244,
    "particle_weight": 6.427760042646557e+18
  },
  "tritium_2": {
    "particle_momentum_x": 0.0,
    "particle_momentum_y": 0.0,
    "particle_momentum_z": 0.0,
    "particle_position_x": 409798.0158217681,
    "particle_position_y": 409670.9858143465,
    "particle_position_z": 819255.8152412223,
    "particle_weight": 1.0239999999357226e+29
  }
}
