{
  "lev=0": {
      "rho_beam1": 10994013582437.193,
      "rho_beam2": 10994013582437.193
  },
  "beam1": {
    "particle_momentum_x": 5.701277606050295e-19,
    "particle_momentum_y": 3.6504516641520437e-19,
    "particle_momentum_z": 1.145432768297242e-10,
    "particle_position_x": 17.314086912497864,
    "particle_position_y": 0.2583691267187796,
    "particle_position_z": 10066.329600000008,
    "particle_weight": 19969036501.910976
  },
  "beam2": {
    "particle_momentum_x": 5.701277606050295e-19,
    "particle_momentum_y": 3.6504516641520437e-19,
    "particle_momentum_z": 1.145432768297242e-10,
    "particle_position_x": 17.314086912497864,
    "particle_position_y": 0.2583691267187796,
    "particle_position_z": 10066.329600000008,
    "particle_weight": 19969036501.910976
  }
}
