{
  "lev=0": {
    "Bx": 30097235.639798,
    "By": 30097235.639798,
    "Bz": 30097235.639797997,
    "Ex": 85691790117336.69,
    "Ey": 85691790117336.66,
    "Ez": 85691790117417.66,
    "G": 7405816305342647.0,
    "divB": 6929630268355.146,
    "divE": 60875033.56079486
  }
}
