{
  "lev=0": {
    "Bx": 30128649.582633037,
    "By": 30128649.58263304,
    "Bz": 30128649.582633033,
    "Ex": 137776481658696.53,
    "Ey": 137776481658695.72,
    "Ez": 137776481658736.47,
    "G": 7382627392167406.0,
    "divB": 6914882882637.787,
    "divE": 60880563.38401385
  }
}