{
  "lev=0": {
    "Bx": 30110529.73244452,
    "By": 30110529.732444517,
    "Bz": 30110529.73244452,
    "Ex": 137103615680453.66,
    "Ey": 137103615680454.56,
    "Ez": 137103615680494.5,
    "G": 0.08248210392635753,
    "divB": 6944252335584.074,
    "divE": 60881293.88523142
  }
}
