{
  "lev=0": {
    "Bx": 30110529.73244452,
    "By": 30110529.732444517,
    "Bz": 30110529.73244452,
    "Ex": 137103615680453.66,
    "Ey": 137103615680454.56,
    "Ez": 137103615680494.5,
    "G": 7413121805692223.0,
    "divB": 6944252335584.074,
    "divE": 60882624.59445304
  }
}