{
  "lev=0": {
    "Bx": 30128649.58263304,
    "By": 30128649.58263304,
    "Bz": 30128649.582633037,
    "Ex": 137776481658696.53,
    "Ey": 137776481658695.73,
    "Ez": 137776481658736.48,
    "G": 7382627392167406.0,
    "divB": 6914882882637.787,
    "divE": 60880563.38401384
  },
  "beam": {
    "x": 0.0,
    "y": 0.0,
    "z": 0.0,
    "ux": 0.0,
    "uy": 0.0,
    "uz": 0.0,
    "w": 0.0
  }
}
