{
  "lev=0": {
    "Bx": 0.0,
    "By": 1.2286794953440962e-20,
    "Bz": 0.0,
    "Ex": 8214.626526700173,
    "Ey": 0.0,
    "Ez": 8214.876065863818,
    "jx": 0.0,
    "jy": 0.0,
    "jz": 0.0
  },
  "beam": {
    "x": 0.0319918174870481,
    "y": 0.0,
    "z": 0.03196785829873647,
    "ux": 5.272998511978758e-65,
    "uy": 0.0,
    "uz": 5.256649007332762e-65,
    "w": 31207.545372303823
  }
}
