{
  "lev=0": {
    "Bx": 0.0,
    "By": 1.2286794953440962e-20,
    "Bz": 0.0,
    "Ex": 8214.62652670017,
    "Ey": 0.0,
    "Ez": 8214.876065863818,
    "jx": 0.0,
    "jy": 0.0,
    "jz": 0.0
  },
  "beam": {
    "particle_momentum_x": 1.5808051849364547e-26,
    "particle_momentum_y": 0.0,
    "particle_momentum_z": 1.575903726751549e-26,
    "particle_position_x": 0.0319918174870481,
    "particle_position_y": 0.03196785829873647,
    "particle_weight": 31207.545372303823
  }
}
