{
  "beam": {
    "particle_Bx": 1.6547943661629038e-20,
    "particle_By": 1.7166945226626064e-20,
    "particle_Bz": 1.851357799836734e-20,
    "particle_Ex": 39363.91309372786,
    "particle_Ey": 39331.17437154593,
    "particle_Ez": 39396.18209787599,
    "particle_momentum_x": 1.700384472207379e-27,
    "particle_momentum_y": 1.69889110346099e-27,
    "particle_momentum_z": 1.7017928140329036e-27,
    "particle_position_x": 0.031880969779242374,
    "particle_position_y": 0.03175704658379704,
    "particle_position_z": 0.03183674192208247,
    "particle_weight": 0.06241509074460764
  },
  "lev=0": {
    "Bx": 2.2090009624207165e-20,
    "By": 2.2307246822783936e-20,
    "Bz": 2.1967888687392684e-20,
    "Ex": 8888.956516621029,
    "Ey": 8838.45337149105,
    "Ez": 8837.421045658291,
    "jx": 0.0,
    "jy": 0.0,
    "jz": 0.0
  }
}