{
  "driver": {
    "particle_cpu": 0.0,
    "particle_id": 5000050000.0,
    "particle_momentum_x": 1.2374387020978248e-16,
    "particle_momentum_y": 8.813229820244503e-17,
    "particle_momentum_z": 1.7906270421440985e-15,
    "particle_position_x": 0.48227657796587964,
    "particle_position_y": 105.70986051709353,
    "particle_weight": 124830181489215.27
  },
  "lev=0": {
    "Bx": 8.80600726558763e-14,
    "By": 939487.3884767864,
    "Bz": 3.797529124217803e-12,
    "Ex": 282304254670369.1,
    "Ey": 0.0007573713213196319,
    "Ez": 28323525977199.023,
    "jx": 2819614097648059.0,
    "jy": 0.049237512676084574,
    "jz": 7.563843135381774e+16,
    "rho": 253189613.94485417,
    "rho_plasma_e": 2115214165.9594588
  },
  "plasma_e": {
    "particle_cpu": 52901.0,
    "particle_id": 4062346733.0,
    "particle_momentum_x": 1.0964559564341238e-18,
    "particle_momentum_y": 2.0293536038530212e-36,
    "particle_momentum_z": 1.5159118785593594e-16,
    "particle_position_x": 4.799438616396167,
    "particle_position_y": 55.77092337208863,
    "particle_weight": 1.4815350948722455e+18
  },
  "plasma_p": {
    "particle_cpu": 52900.0,
    "particle_id": 4086868850.0,
    "particle_momentum_x": 2.2459677298560086e-18,
    "particle_momentum_y": 1.8027939906062823e-36,
    "particle_momentum_z": 2.639196013015475e-13,
    "particle_position_x": 4.752764710134404,
    "particle_position_y": 55.76421904155696,
    "particle_weight": 1.4815070890671593e+18
  }
}