{
  "lev=0": {
    "Er": 8497.669853733625,
    "phi": 2035.6618484451055
  },
  "lev=1": {
    "Er": 19546.08010855407,
    "phi": 3290.7266050322164
  }
}