{
  "lev=0": {
    "Er": 8487.661571739109,
    "phi": 2036.0428085225362
  },
  "lev=1": {
    "Er": 19519.172334977942,
    "phi": 3291.0262856782897
  }
}
