{
  "lev=0": {
    "Ex": 6.504757806138166,
    "Ey": 6.504757806138167,
    "Ez": 6.501489620648249,
    "rho": 2.609256800833379e-10
  },
  "electron": {
    "x": 518.4112403470117,
    "y": 518.4112403470117,
    "z": 520.2110302538686,
    "ux": 0.03692373859227489,
    "uy": 0.0369237385922749,
    "uz": 0.03720274879944478,
    "w": 6212.501525878906
  }
}
