{
  "lev=0": {
    "Er": 0.11588932103656224,
    "Et": 0.0,
    "Ez": 0.11483033274834441,
    "rho": 9.716216490680392e-12
  },
  "electron": {
    "particle_momentum_x": 4.54997005723341e-25,
    "particle_momentum_y": 4.434893182689167e-25,
    "particle_momentum_z": 6.989989085028144e-25,
    "particle_position_x": 35.73642348640023,
    "particle_position_y": 35.69851886414351,
    "particle_theta": 823.0413054971611,
    "particle_weight": 6406.017620347038
  }
}
