{
  "lev=0": {
    "Ex": 8497.669853733625,
    "phi": 1235.6618484451053
  },
  "lev=1": {
    "Ex": 19546.08010855407,
    "phi": 1690.40853286864
  }
}