{
  "lev=0": {
    "Ex": 7.110909624093144,
    "Ey": 7.110909624093145,
    "Ez": 7.110909624093143,
    "rho": 0.0
  },
  "lev=1": {
    "Ex": 14.281015560380963,
    "Ey": 14.281015560380965,
    "Ez": 14.281015560380965,
    "rho": 2.6092568008333786e-10
  },
  "electron": {
    "particle_momentum_x": 1.80842228672388e-24,
    "particle_momentum_y": 1.8084222867238806e-24,
    "particle_momentum_z": 1.7598771525647628e-24,
    "particle_position_x": 327.46875,
    "particle_position_y": 327.46875,
    "particle_position_z": 327.46875,
    "particle_weight": 6212.501525878906
  }
}