{
  "electron": {
    "particle_cpu": 0.0,
    "particle_id": 9168752916.0,
    "particle_momentum_x": 1.0475215560938395e-23,
    "particle_momentum_y": 1.0475215560942127e-23,
    "particle_momentum_z": 1.0475215560950524e-23,
    "particle_position_x": 524.906527421018,
    "particle_position_y": 524.9065274210888,
    "particle_position_z": 524.9065274212362,
    "particle_weight": 6212.501525878906
  },
  "lev=0": {
    "Ex": 6.525895284178821,
    "Ey": 6.525895284179916,
    "Ez": 6.5258952841836555,
    "rho": 2.6092568008333797e-10
  },
  "nbody": {
    "particle_cpu": 0.0,
    "particle_id": 9168752916.0,
    "particle_momentum_x": 1.0475215560938395e-23,
    "particle_momentum_y": 1.0475215560942127e-23,
    "particle_momentum_z": 1.0475215560950524e-23,
    "particle_position_x": 524.906527421018,
    "particle_position_y": 524.9065274210888,
    "particle_position_z": 524.9065274212362,
    "particle_weight": 6212.501525878906
  }
}