{
  "lev=0": {
    "Ex": 93202.36016254006,
    "Ey": 93202.36016254005,
    "Ez": 93202.36016254005,
    "phi": 21758.890981358934,
    "rho": 0.0
  }
}