{
  "lev=0": {
    "Ex": 8497.669853722688,
    "phi": 2035.6618484435153
  }
}