{
  "lev=0": {
    "Ex": 277943.2629517972,
    "Ey": 277943.2629517972,
    "Ez": 277943.26295179717,
    "phi": 56106.09774654215,
    "rho": 0.0
  }
}