{
  "lev=0": {
    "Er": 8487.661571739109,
    "phi": 2036.0428085225362
  },
  "lev=1": {
    "Er": 9563.742949788306,
    "phi": 3290.9609834276607
  }
}