{
  "lev=0": {
    "Ex": 283813.7210786634,
    "Ey": 276797.73520225764,
    "Ez": 269948.47265632026,
    "phi": 58143.83034821785,
    "rho": 0.0
  }
}