{
  "lev=0": {
    "Ex": 277943.2629548584,
    "Ey": 277943.2629548584,
    "Ez": 277943.2629548584,
    "phi": 85529.09775065957,
    "rho": 0.0
  }
}