{
  "lev=0": {
    "Ex": 377516.27292315144,
    "Ey": 226043.3936195203,
    "Ez": 135194.57566843418,
    "phi": 91969.21822440247,
    "rho": 0.0
  }
}