{
  "lev=0": {
    "Er": 8487.661571728835,
    "phi": 2036.0428085209824
  }
}
