{
  "lev=0": {
    "Ex": 6.504586436288052,
    "Ey": 6.504586436288051,
    "Ez": 6.501896077968277,
    "rho": 2.6092568008333797e-10
  },
  "electron": {
    "particle_momentum_x": 9.881704085619681e-24,
    "particle_momentum_y": 9.881704085619682e-24,
    "particle_momentum_z": 9.969862126470096e-24,
    "particle_position_x": 513.5147715983729,
    "particle_position_y": 513.5147715983729,
    "particle_position_z": 515.4187595183639,
    "particle_weight": 6212.501525878906
  }
}
