{
  "lev=0": {
    "Ex": 8497.669853722688,
    "phi": 1235.661848443515
  }
}
