{
  "lev=0": {
    "Bx": 3.769898030127477e-18,
    "By": 0.006628374119786834,
    "Bz": 0.006628374119786834,
    "Ex": 5102618.4711524295,
    "Ey": 6.323755130400527e-05,
    "Ez": 6.323755130400527e-05
  }
}