{
  "lev=0": {
    "Bx": 3.898540288712651e-18,
    "By": 0.005101824310293573,
    "Bz": 0.005101824310293573,
    "Ex": 4414725.184731114,
    "Ey": 6.323754812712063e-05,
    "Ez": 6.323754812712063e-05
  }
}