{
  "ar_ions": {
    "particle_cpu": 31743.0,
    "particle_id": 3219974926.0,
    "particle_momentum_x": 2.673080656628151e-18,
    "particle_momentum_y": 2.6734826129917346e-18,
    "particle_momentum_z": 2.6677137825404595e-18,
    "particle_position_x": 3.174244144020173,
    "particle_position_y": 3.1742742523212426,
    "particle_weight": 988078308.1054688
  },
  "electrons": {
    "particle_cpu": 30723.0,
    "particle_id": 1040042009.0,
    "particle_momentum_x": 2.99271246971674e-20,
    "particle_momentum_y": 3.014893117483374e-20,
    "particle_momentum_z": 3.016015662279529e-20,
    "particle_position_x": 3.072306870914145,
    "particle_position_y": 3.072501289015288,
    "particle_weight": 956421203.6132812
  },
  "lev=0": {
    "phi": 56898.115832092146,
    "rho_ar_ions": 257.8023434408326,
    "rho_electrons": 250.15834020610757
  }
}