{
  "lev=0": {
    "Bx": 8.949499297060736e-05,
    "By": 0.0012339029977727672,
    "Bz": 0.0012339029977727674,
    "Ex": 5538900.045484711,
    "Ey": 216461.93007927085,
    "Ez": 216461.9300792709
  }
}