{
  "ar_ions": {
    "particle_cpu": 31740.0,
    "particle_id": 3219770578.0,
    "particle_momentum_x": 2.661336338950252e-18,
    "particle_momentum_y": 2.6487726691034234e-18,
    "particle_momentum_z": 2.6449623119855535e-18,
    "particle_position_x": 3.174118706593289,
    "particle_position_y": 3.1740743581654156,
    "particle_weight": 988031616.2109375
  },
  "electrons": {
    "particle_cpu": 30818.0,
    "particle_id": 1043751707.0,
    "particle_momentum_x": 3.017551119357267e-20,
    "particle_momentum_y": 3.025056074866246e-20,
    "particle_momentum_z": 3.024104452032198e-20,
    "particle_position_x": 3.083740307352296,
    "particle_position_y": 3.079299899333345,
    "particle_weight": 959378356.9335938
  },
  "lev=0": {
    "phi": 56899.11437487896,
    "rho_ar_ions": 257.78993404723474,
    "rho_electrons": 250.9776921289209
  }
}