{
  "lev=0": {
    "Bx": 1.957292211227794e-06,
    "By": 0.005048718127538432,
    "Bz": 0.005048717698299076,
    "Ex": 1014851.7973760992,
    "Ey": 3779.849432690832,
    "Ez": 3781.31111477556
  }
}

