{
  "lev=0": {
    "Bx": 0.0,
    "By": 0.0066283741197868335,
    "Bz": 0.006628374119786833,
    "Ex": 5102618.47115243,
    "Ey": 0.0,
    "Ez": 0.0
  }
}

