{
  "ar_ions": {
    "particle_cpu": 31740.0,
    "particle_id": 3219770578.0,
    "particle_momentum_x": 2.661332598290843e-18,
    "particle_momentum_y": 2.6484537197836753e-18,
    "particle_momentum_z": 2.6446763485694346e-18,
    "particle_position_x": 3.174118714858889,
    "particle_position_y": 3.174074331596828,
    "particle_weight": 988031616.2109375
  },
  "electrons": {
    "particle_cpu": 30737.0,
    "particle_id": 1041042475.0,
    "particle_momentum_x": 3.014851468379113e-20,
    "particle_momentum_y": 3.016132024233842e-20,
    "particle_momentum_z": 3.0169481587733156e-20,
    "particle_position_x": 3.0760407489559514,
    "particle_position_y": 3.072305059445631,
    "particle_weight": 956794738.7695312
  },
  "lev=0": {
    "phi": 56888.72655917703,
    "rho_ar_ions": 257.78992245244984,
    "rho_electrons": 250.2854445348176
  }
}