{
  "lev=0": {
    "Br": 2.36500502185933e-19,
    "Bt": 5.332138954087166e-05,
    "Bz": 1.3681164389396767e-19,
    "Er": 15888.580344130925,
    "Et": 7.78458942957868e-11,
    "Ez": 1407.4651369642006
  }
}