{
  "ar_ions": {
    "particle_momentum_x": 2.656937628868437e-18,
    "particle_momentum_y": 2.6462397149880108e-18,
    "particle_momentum_z": 2.653197184723758e-18,
    "particle_position_x": 3.174140583032092,
    "particle_position_y": 3.174226960143397,
    "particle_weight": 988047180.1757812
  },
  "electrons": {
    "particle_momentum_x": 3.017862149732503e-20,
    "particle_momentum_y": 3.016284742627221e-20,
    "particle_momentum_z": 3.026716864845998e-20,
    "particle_position_x": 3.077259990879374,
    "particle_position_y": 3.0760809372537063,
    "particle_weight": 957635192.8710938
  },
  "lev=0": {
    "phi": 56891.444043840616,
    "rho_ar_ions": 257.79395973399653,
    "rho_electrons": 250.42393788893844
  }
}