{
  "lev=0": {
    "Bx": 4.20930075273562e-18,
    "By": 0.005101824310293573,
    "Bz": 0.005101824310293573,
    "Ex": 4414725.184731115,
    "Ey": 6.32375413967707e-05,
    "Ez": 6.32375413967707e-05
  }
}
