{
  "lev=0": {
    "Bx": 0.0,
    "By": 0.00031905198933489135,
    "Bz": 0.0,
    "Ex": 8553.906698053022,
    "Ey": 0.0,
    "Ez": 0.0
  }
}

