{
  "lev=0": {
    "Bx": 0.0,
    "By": 0.005101824310293575,
    "Bz": 0.005101824310293573,
    "Ex": 4414725.184731115,
    "Ey": 0.0,
    "Ez": 0.0
  }
}