{
  "lev=0": {
    "Bx": 9.263694545408502e-05,
    "By": 0.00031905198933489135,
    "Bz": 7.328424783762596e-05,
    "Ex": 8553.90669805307,
    "Ey": 60867.04830538045,
    "Ez": 0.0
  }
}