{
  "electron": {
    "particle_momentum_x": 1.7856085576594427e-42,
    "particle_momentum_y": 1.7883824545080506e-42,
    "particle_momentum_z": 4.565443974152731e-41,
    "particle_position_x": 6992.343661648445,
    "particle_position_y": 2049.9517671725316,
    "particle_theta": 6536.38847902292,
    "particle_weight": 3.240227722540627e-08
  },
  "lev=0": {
    "Bz": 2.20886367779576e-47
  }
}
