{
  "electron": {
    "particle_momentum_x": 1.1192116199394354e-18,
    "particle_momentum_y": 2.238114590066897e-18,
    "particle_momentum_z": 1.1156457989239728e-18,
    "particle_position_x": 102495.14197173176,
    "particle_position_y": 34752.73800291744,
    "particle_position_z": 102423.13701045913,
    "particle_weight": 8.959999999999998e-07
  },
  "lev=0": {},
  "proton": {
    "particle_momentum_x": 3.835423016604918e-15,
    "particle_momentum_y": 2.0468371931479925e-15,
    "particle_momentum_z": 2.055186547721331e-15,
    "particle_position_x": 66743.84539580689,
    "particle_position_y": 102293.00576740496,
    "particle_position_z": 102314.93877691089,
    "particle_weight": 8.959999999999998e-07
  }
}