{
  "electron": {
    "particle_momentum_x": 7.188758901084318e-18,
    "particle_momentum_y": 7.025480500345257e-18,
    "particle_momentum_z": 9.938795560015066e-42,
    "particle_position_x": 6980.664813919117,
    "particle_position_y": 2043.26608718128,
    "particle_theta": 6446.70085866037,
    "particle_weight": 3.2252558532000935e-08
  },
  "lev=0": {
    "Bz": 9.502543338091615e-24
  }
}
