{
  "lev=0": {
    "rho_beam1": 5614426220722.643
  },
  "beam1": {
    "particle_position_x": 0.4114332218169596,
    "particle_position_y": 0.018529238051239932,
    "particle_position_z": 237.79522552026378,
    "particle_weight": 19920820000.0
  }
}

