{
  "lev=0": {
    "Bx": 1086729.9718613266,
    "By": 2886554.482275311,
    "Bz": 264259.55093734514,
    "Ex": 867387781289915.2,
    "Ey": 392666724461952.5,
    "Ez": 146897592531660.03,
    "jx": 2.702866174672266e+16,
    "jy": 8.615938361747776e+16,
    "jz": 2.7329155817806224e+17,
    "rho": 915945723.7934376
  },
  "ions": {
    "particle_momentum_x": 1.4394902513923003e-18,
    "particle_momentum_y": 1.5967629157922875e-18,
    "particle_momentum_z": 4.287340658051679e-13,
    "particle_position_x": 1.4911814217142487,
    "particle_position_y": 16.521964978771,
    "particle_weight": 1.2372405194129536e+18
  },
  "electrons": {
    "particle_momentum_x": 6.240933687389075e-19,
    "particle_momentum_y": 1.5790611427694247e-18,
    "particle_momentum_z": 2.5064357834741096e-16,
    "particle_position_x": 1.501413766926399,
    "particle_position_y": 16.523781713952324,
    "particle_weight": 1.2372401466086835e+18
  },
  "beam": {
    "particle_momentum_x": 7.000932845220306e-19,
    "particle_momentum_y": 4.374936866729326e-19,
    "particle_momentum_z": 6.194468548032543e-18,
    "particle_position_x": 0.0016030835496557787,
    "particle_position_y": 0.3589262705964349,
    "particle_weight": 3120754537230.3823
  }
}