{
  "beam": {
    "particle_cpu": 0.0,
    "particle_id": 500500.0,
    "particle_momentum_x": 7.692514554124849e-19,
    "particle_momentum_y": 4.515673851332331e-19,
    "particle_momentum_z": 8.396344422122648e-18,
    "particle_position_x": 0.006655537903596259,
    "particle_position_y": 0.1713722423714213,
    "particle_weight": 3120754537230.3823
  },
  "electrons": {
    "particle_cpu": 155201.0,
    "particle_id": 26661597952.0,
    "particle_momentum_x": 7.342664086666263e-19,
    "particle_momentum_y": 5.619231865661128e-19,
    "particle_momentum_z": 5.690506365705272e-16,
    "particle_position_x": 6.632083887749237,
    "particle_position_y": 58.17050572856002,
    "particle_weight": 3.210353945312602e+18
  },
  "ions": {
    "particle_cpu": 155246.0,
    "particle_id": 26754812994.0,
    "particle_momentum_x": 1.6700395483291885e-18,
    "particle_momentum_y": 5.687876090205661e-19,
    "particle_momentum_z": 1.008984945880995e-12,
    "particle_position_x": 6.6222866409804135,
    "particle_position_y": 58.20914261108795,
    "particle_weight": 3.2110765922183337e+18
  },
  "lev=0": {
    "Bx": 1227177.7929904577,
    "By": 3458686.698218477,
    "Bz": 195249.11487189482,
    "Ex": 1038313857153757.6,
    "Ey": 384835891718190.5,
    "Ez": 199818409065077.78,
    "jx": 3.0956437655007644e+16,
    "jy": 2.182971116701594e+16,
    "jz": 2.9237696541041075e+17,
    "rho": 994803358.5867257
  }
}