{
  "beam": {
    "particle_cpu": 0.0,
    "particle_id": 500500.0,
    "particle_momentum_x": 7.014911055568698e-19,
    "particle_momentum_y": 4.374990443003924e-19,
    "particle_momentum_z": 6.144839759536769e-18,
    "particle_position_x": 1.623893891495396e-03,
    "particle_position_y": 3.589438241178938e-01,
    "particle_weight": 3120754537230.3823
  },
  "electrons": {
    "particle_cpu": 6.609200000000000e+04,
    "particle_id": 6.107999254000000e+09,
    "particle_momentum_x": 6.169956515126386e-19,
    "particle_momentum_y": 1.583051027303753e-18,
    "particle_momentum_z": 2.511097403463241e-16,
    "particle_position_x": 1.504302633039738e+00,
    "particle_position_y": 1.657581368802835e+01,
    "particle_weight": 1.239606291193504e+18
  },
  "ions": {
    "particle_cpu": 6.609200000000000e+04,
    "particle_id": 6.124902934000000e+09,
    "particle_momentum_x": 1.432391082050426e-18,
    "particle_momentum_y": 1.601245030863376e-18,
    "particle_momentum_z": 4.295399524954519e-13,
    "particle_position_x": 1.493983946277303e+00,
    "particle_position_y": 1.657402249695651e+01,
    "particle_weight": 1.239606638389712e+18
  },
  "lev=0": {
    "Bx": 1.088581358097739e+06,
    "By": 2.889643558326487e+06,
    "Bz": 2.642398776547430e+05,
    "Ex": 8.682837571691724e+14,
    "Ey": 3.934387585819411e+14,
    "Ez": 1.457308307049998e+14,
    "jx": 2.671180534419889e+16,
    "jy": 8.642332131330187e+16,
    "jz": 2.735799445907443e+17,
    "rho": 9.169225052610879e+08
  }
}
