{
  "beam": {
    "particle_cpu": 0.0,
    "particle_id": 500500.0,
    "particle_momentum_x": 7.737565035974364e-19,
    "particle_momentum_y": 4.515676144239069e-19,
    "particle_momentum_z": 8.377536688859444e-18,
    "particle_position_x": 0.006727723523064862,
    "particle_position_y": 0.1715852623161534,
    "particle_weight": 3120754537230.3823
  },
  "electrons": {
    "particle_cpu": 155383.0,
    "particle_id": 26721507984.0,
    "particle_momentum_x": 7.340594651344889e-19,
    "particle_momentum_y": 5.668149904949897e-19,
    "particle_momentum_z": 5.697776631833102e-16,
    "particle_position_x": 6.639854165809502,
    "particle_position_y": 58.21052045369096,
    "particle_weight": 3.215903513895884e+18
  },
  "ions": {
    "particle_cpu": 155428.0,
    "particle_id": 26814790002.0,
    "particle_momentum_x": 1.670197843000786e-18,
    "particle_momentum_y": 5.734579164517326e-19,
    "particle_momentum_z": 1.01016775699214e-12,
    "particle_position_x": 6.630049987530896,
    "particle_position_y": 58.2491476194403,
    "particle_weight": 3.21662600232034e+18
  },
  "lev=0": {
    "Bx": 1224504.260832691,
    "By": 3460742.238999791,
    "Bz": 194465.3038202806,
    "Ex": 1038962178920274.0,
    "Ey": 384220032752765.2,
    "Ez": 200209748298923.3,
    "jx": 3.099162303698446e+16,
    "jy": 2.220829486118812e+16,
    "jz": 2.917014550012008e+17,
    "rho": 992631410.7042742
  }
}