{
  "beam": {
    "particle_cpu": 0.0,
    "particle_id": 500500.0,
    "particle_momentum_x": 7.692579550320004e-19,
    "particle_momentum_y": 4.515674114520783e-19,
    "particle_momentum_z": 8.395993761500854e-18,
    "particle_position_x": 0.00664980625266512,
    "particle_position_y": 0.17137664236232747,
    "particle_weight": 3120754537230.3823
  },
  "electrons": {
    "particle_cpu": 155201.0,
    "particle_id": 26661597952.0,
    "particle_momentum_x": 7.342290139611301e-19,
    "particle_momentum_y": 5.619105556159757e-19,
    "particle_momentum_z": 5.690493001306457e-16,
    "particle_position_x": 6.632083182682693,
    "particle_position_y": 58.17050568943701,
    "particle_weight": 3.210353945312602e+18
  },
  "ions": {
    "particle_cpu": 155246.0,
    "particle_id": 26754812994.0,
    "particle_momentum_x": 1.6699498589626251e-18,
    "particle_momentum_y": 5.687746421769581e-19,
    "particle_momentum_z": 1.0089849473201847e-12,
    "particle_position_x": 6.622286637544827,
    "particle_position_y": 58.20914261145529,
    "particle_weight": 3.2110765922183337e+18
  },
  "lev=0": {
    "Bx": 1227154.237429984,
    "By": 3458491.7689875155,
    "Bz": 195247.2427907102,
    "Ex": 1038255351821710.2,
    "Ey": 384828471712544.75,
    "Ez": 199810612396399.4,
    "jx": 3.0954988933838904e+16,
    "jy": 2.1829375755521064e+16,
    "jz": 2.923589924883715e+17,
    "rho": 994742632.3197951
  }
}