{
  "electrons": {
    "particle_cpu": 0.0,
    "particle_id": 540033024.0,
    "particle_momentum_x": 7.029574565441437e-22,
    "particle_momentum_y": 2.782897646050054e-22,
    "particle_momentum_z": 8.903838826050324e-17,
    "particle_position_x": 633734.0562003781,
    "particle_position_y": 7862151.998116323,
    "particle_theta": 51362.08704969425,
    "particle_weight": 1.0261080645329302e+20
  },
  "ions": {
    "particle_cpu": 0.0,
    "particle_id": 1630552064.0,
    "particle_momentum_x": 1.3125862354989376e-18,
    "particle_momentum_y": 2.777469640282917e-22,
    "particle_momentum_z": 1.63488045240704e-13,
    "particle_position_x": 633733.7423183201,
    "particle_position_y": 7862151.997142418,
    "particle_theta": 51470.93289780496,
    "particle_weight": 1.0261080645329302e+20
  },
  "lev=0": {
    "By": 0.0018845894257557797,
    "Ex": 568097.3936762384,
    "Ey": 117106.59461712065,
    "Ez": 40677.931625900936,
    "divE": 1279972.8188200132,
    "jx": 166.90821263709367,
    "jz": 50430.78344125539,
    "rho": 1.1333119733111504e-05
  }
}