{
  "beam": {
    "particle_cpu": 0.0,
    "particle_id": 500500.0,
    "particle_momentum_x": 6.97328947508489e-19,
    "particle_momentum_y": 4.375009234171145e-19,
    "particle_momentum_z": 6.153645142906282e-18,
    "particle_position_x": 0.0016163761072375818,
    "particle_position_y": 0.35892646120154137,
    "particle_weight": 3120754537230.3823
  },
  "electrons": {
    "particle_cpu": 65968.0,
    "particle_id": 6088087768.0,
    "particle_momentum_x": 6.188670717263122e-19,
    "particle_momentum_y": 1.5815167091528533e-18,
    "particle_momentum_z": 2.5068812946608423e-16,
    "particle_position_x": 1.501480281140583,
    "particle_position_y": 16.52376191494934,
    "particle_weight": 1.2372401466086835e+18
  },
  "ions": {
    "particle_cpu": 65968.0,
    "particle_id": 6104975576.0,
    "particle_momentum_x": 1.4325006334160432e-18,
    "particle_momentum_y": 1.5996551431385342e-18,
    "particle_momentum_z": 4.2873401613959033e-13,
    "particle_position_x": 1.4911810555953569,
    "particle_position_y": 16.521964995836314,
    "particle_weight": 1.2372405194129536e+18
  },
  "lev=0": {
    "Bx": 1087166.739121248,
    "By": 2884112.8417617697,
    "Bz": 264340.4113696969,
    "Ex": 866621051267102.1,
    "Ey": 392914135663207.0,
    "Ez": 145965410810851.56,
    "jx": 2.679310957762023e+16,
    "jy": 8.630859177279523e+16,
    "jz": 2.7307326582929523e+17,
    "rho": 915200562.8006762
  }
}