{
  "beam": {
    "particle_cpu": 0.0,
    "particle_id": 447573.0,
    "particle_momentum_x": 5.389906975730976e-19,
    "particle_momentum_y": 4.011350952443021e-19,
    "particle_momentum_z": 8.088485048828913e-18,
    "particle_position_x": 0.0014081774396376005,
    "particle_position_y": 0.1412193118093718,
    "particle_weight": 2780592292672.2705
  },
  "electrons": {
    "particle_cpu": 155383.0,
    "particle_id": 26721507984.0,
    "particle_momentum_x": 7.338476735668112e-19,
    "particle_momentum_y": 5.658212820503866e-19,
    "particle_momentum_z": 5.696860669281337e-16,
    "particle_position_x": 6.639871516463294,
    "particle_position_y": 58.21048773913985,
    "particle_weight": 3.2159037448973373e+18
  },
  "ions": {
    "particle_cpu": 155428.0,
    "particle_id": 26814790002.0,
    "particle_momentum_x": 1.6705682025694302e-18,
    "particle_momentum_y": 5.723976881914482e-19,
    "particle_momentum_z": 1.0101678467302113e-12,
    "particle_position_x": 6.630049969920412,
    "particle_position_y": 58.2491476342914,
    "particle_weight": 3.21662600232034e+18
  },
  "lev=0": {
    "Bx": 1220834.3602474984,
    "By": 3462824.600151069,
    "Bz": 194280.51489852107,
    "Ex": 1039574206585577.4,
    "Ey": 383018547917553.4,
    "Ez": 200106779561624.4,
    "jx": 3.097332988821218e+16,
    "jy": 2.2154636035361344e+16,
    "jz": 2.921753560471648e+17,
    "rho": 994167865.363261
  }
}