{
  "electrons": {
    "particle_momentum_x": 7.188262495831634e-22,
    "particle_momentum_y": 9.366670271146484e-24,
    "particle_momentum_z": 8.903838605112857e-17,
    "particle_position_x": 633733.1377069331,
    "particle_position_y": 7862152.008302979,
    "particle_theta": 51471.82060096203,
    "particle_weight": 1.0261080645329302e+20
  },
  "ions": {
    "particle_momentum_x": 1.313939911308472e-18,
    "particle_momentum_y": 9.365301690272647e-24,
    "particle_momentum_z": 1.6348806629857118e-13,
    "particle_position_x": 633733.1365353089,
    "particle_position_y": 7862152.007285856,
    "particle_theta": 51471.6099169301,
    "particle_weight": 1.0261080645329302e+20
  },
  "lev=0": {
    "Bt": 0.00014277516121786354,
    "Er": 42705.92838030475,
    "Et": 198517.8121599139,
    "Ez": 4124.5884683179265,
    "divE": 50681.52333032952,
    "jr": 7.076885517423081,
    "jz": 469.9328177616509,
    "rho": 4.488636600176557e-07
  }
}
