{
  "electrons": {
    "particle_cpu": 0.0,
    "particle_id": 536887296.0,
    "particle_momentum_x": 7.711091333291208e-22,
    "particle_momentum_y": 7.766279763773898e-22,
    "particle_momentum_z": 8.90383750986444e-17,
    "particle_position_x": 158433.3238610291,
    "particle_position_y": 158432.84317865185,
    "particle_position_z": 5891662.954892859,
    "particle_weight": 2.041377132710917e+18
  },
  "ions": {
    "particle_cpu": 0.0,
    "particle_id": 1610629120.0,
    "particle_momentum_x": 1.3137706814337926e-18,
    "particle_momentum_y": 1.3110285210773798e-18,
    "particle_momentum_z": 1.6348803844369067e-13,
    "particle_position_x": 158433.31297718664,
    "particle_position_y": 158432.84897274867,
    "particle_position_z": 5891662.9550994225,
    "particle_weight": 2.041377132710917e+18
  },
  "lev=0": {
    "Bx": 0.006046070460082905,
    "By": 0.006003081974407402,
    "Bz": 0.0006155823087616802,
    "Ex": 1810472.0469424776,
    "Ey": 1827154.1703772473,
    "Ez": 135573.18383823402,
    "jx": 491.54340916488076,
    "jy": 499.1716515141262,
    "jz": 16657.23345333249
  }
}
