{
  "electrons": {
    "particle_cpu": 0.0,
    "particle_id": 536887296.0,
    "particle_momentum_x": 7.768538631989314e-22,
    "particle_momentum_y": 7.844994340141792e-22,
    "particle_momentum_z": 8.903837510927089e-17,
    "particle_position_x": 158433.32170594894,
    "particle_position_y": 158432.8515695265,
    "particle_position_z": 5891662.9548929185,
    "particle_weight": 2.041377132710917e+18
  },
  "ions": {
    "particle_cpu": 0.0,
    "particle_id": 1610629120.0,
    "particle_momentum_x": 1.3137653484757431e-18,
    "particle_momentum_y": 1.3110225003256574e-18,
    "particle_momentum_z": 1.6348803844352492e-13,
    "particle_position_x": 158433.312978349,
    "particle_position_y": 158432.84896819026,
    "particle_position_z": 5891662.955099393,
    "particle_weight": 2.041377132710917e+18
  },
  "lev=0": {
    "Bx": 0.006449275564525033,
    "By": 0.0064783778061885235,
    "Bz": 0.0006158841538190647,
    "Ex": 1950801.24799352,
    "Ey": 1945623.9590479229,
    "Ez": 150385.8857169562,
    "divE": 6191274.556649665,
    "jx": 505.8903778073368,
    "jy": 510.11178001328403,
    "jz": 16346.473505698516,
    "rho": 5.481870772518483e-05
  }
}