{
  "beam": {
    "particle_cpu": 0.0,
    "particle_id": 500500.0,
    "particle_momentum_x": 7.781818973078852e-19,
    "particle_momentum_y": 4.515677165595182e-19,
    "particle_momentum_z": 8.375527032802002e-18,
    "particle_position_x": 0.006743036325434187,
    "particle_position_y": 0.1716091883553772,
    "particle_weight": 3120754537230.3823
  },
  "electrons": {
    "particle_cpu": 155383.0,
    "particle_id": 26721507984.0,
    "particle_momentum_x": 7.343166622433748e-19,
    "particle_momentum_y": 5.669478712783679e-19,
    "particle_momentum_z": 5.697759351248577e-16,
    "particle_position_x": 6.639863939125528,
    "particle_position_y": 58.2105156240904,
    "particle_weight": 3.215903744897337e+18
  },
  "ions": {
    "particle_cpu": 155428.0,
    "particle_id": 26814790002.0,
    "particle_momentum_x": 1.6709338576817887e-18,
    "particle_momentum_y": 5.73611349305925e-19,
    "particle_momentum_z": 1.010167756546284e-12,
    "particle_position_x": 6.63004997278591,
    "particle_position_y": 58.249147619440286,
    "particle_weight": 3.21662600232034e+18
  },
  "lev=0": {
    "Bx": 1225047.3704144938,
    "By": 3461610.5122063416,
    "Bz": 194622.52078763963,
    "Ex": 1039200462527705.4,
    "Ey": 384410222541170.8,
    "Ez": 200388928565719.44,
    "jx": 3.100345182047955e+16,
    "jy": 2.2227570738047532e+16,
    "jz": 2.9254388838934234e+17,
    "rho": 995460563.3392936
  }
}