{
  "electrons": {
    "particle_cpu": 0.0,
    "particle_id": 2160099328.0,
    "particle_momentum_x": 1.5358043112668561e-21,
    "particle_momentum_y": 0.0,
    "particle_momentum_z": 1.7807674945654753e-16,
    "particle_position_x": 1267465.7508212232,
    "particle_position_y": 15724304.003755461,
    "particle_weight": 1.6888332018290936e+18
  },
  "ions": {
    "particle_cpu": 0.0,
    "particle_id": 6522175488.0,
    "particle_momentum_x": 2.609386293820525e-18,
    "particle_momentum_y": 0.0,
    "particle_momentum_z": 3.2697610959027937e-13,
    "particle_position_x": 1267465.6476562119,
    "particle_position_y": 15724304.003483824,
    "particle_weight": 1.6888332018290936e+18
  },
  "lev=0": {
    "Bx": 0.0,
    "By": 0.004047775322144865,
    "Bz": 0.0,
    "Ex": 1221272.6912817394,
    "Ey": 0.0,
    "Ez": 69785.07120715926,
    "jx": 220.3060600646757,
    "jy": 0.0,
    "jz": 7391.41759599404
  }
}