{
  "electrons": {
    "particle_cpu": 0.0,
    "particle_id": 540033024.0,
    "particle_momentum_x": 7.036569201550279e-22,
    "particle_momentum_y": 2.793899497847637e-22,
    "particle_momentum_z": 8.903840099297628e-17,
    "particle_position_x": 633734.05750754,
    "particle_position_y": 7862152.002417763,
    "particle_theta": 51362.087731504886,
    "particle_weight": 1.0261080645329302e+20
  },
  "ions": {
    "particle_cpu": 0.0,
    "particle_id": 1630552064.0,
    "particle_momentum_x": 1.3125865468027496e-18,
    "particle_momentum_y": 2.7973553652944355e-22,
    "particle_momentum_z": 1.6348805947388629e-13,
    "particle_position_x": 633733.7423125396,
    "particle_position_y": 7862152.004008202,
    "particle_theta": 51470.9328987146,
    "particle_weight": 1.0261080645329302e+20
  },
  "lev=0": {
    "By": 0.0018580984062963768,
    "Ex": 559867.6116316387,
    "Ey": 131307.09706676172,
    "Ez": 39058.43730735371,
    "divE": 1270475.6165551757,
    "jx": 166.53608827990212,
    "jz": 50424.94919403208,
    "rho": 1.1249029720562342e-05
  }
}