{
  "electrons": {
    "particle_Bx": 8.686865792841713e-05,
    "particle_By": 0.0002939590693725135,
    "particle_Bz": 3.452350267327678e-05,
    "particle_Ex": 88208.54084575009,
    "particle_Ey": 28448.58165631292,
    "particle_Ez": 7238.699716136691,
    "particle_cpu": 0.0,
    "particle_id": 524800.0,
    "particle_momentum_x": 2.7514767750837127e-23,
    "particle_momentum_y": 2.3100769516972307e-23,
    "particle_momentum_z": 2.7824488315769355e-18,
    "particle_position_x": 4951.068658383481,
    "particle_position_y": 184114.46819780796,
    "particle_weight": 1.0555207511431835e+17
  },
  "ions": {
    "particle_Bx": 8.68715702754361e-05,
    "particle_By": 0.0002939977457230219,
    "particle_Bz": 3.452290180102611e-05,
    "particle_Ex": 88220.42522764044,
    "particle_Ey": 28448.864182536563,
    "particle_Ez": 7238.973235144771,
    "particle_cpu": 0.0,
    "particle_id": 1573376.0,
    "particle_momentum_x": 4.033320884535886e-20,
    "particle_momentum_y": 3.93869961640813e-20,
    "particle_momentum_z": 5.109003432590069e-15,
    "particle_position_x": 4951.081914414071,
    "particle_position_y": 184114.4681538281,
    "particle_weight": 1.0555207511431835e+17
  },
  "lev=0": {
    "Bx": 0.0,
    "By": 0.0,
    "Bz": 0.0,
    "Ex": 0.0,
    "Ey": 0.0,
    "Ez": 0.0,
    "jx": 0.0,
    "jy": 0.0,
    "jz": 0.0
  }
}