{
  "beam": {
    "particle_cpu": 0.0,
    "particle_id": 447573.0,
    "particle_momentum_x": 5.384525633353412e-19,
    "particle_momentum_y": 4.011357939321231e-19,
    "particle_momentum_z": 8.08848605215067e-18,
    "particle_position_x": 0.0014094341950741979,
    "particle_position_y": 0.1412193837490303,
    "particle_weight": 2780592292672.2705
  },
  "electrons": {
    "particle_cpu": 155383.0,
    "particle_id": 26721507984.0,
    "particle_momentum_x": 9.809438398217426e-19,
    "particle_momentum_y": 5.687153095622055e-19,
    "particle_momentum_z": 5.697506964559476e-16,
    "particle_position_x": 6.639908741842812,
    "particle_position_y": 58.210506112500646,
    "particle_weight": 3.215903744897337e+18
  },
  "ions": {
    "particle_cpu": 155428.0,
    "particle_id": 26814790002.0,
    "particle_momentum_x": 1.906616117322184e-18,
    "particle_momentum_y": 5.75419216528982e-19,
    "particle_momentum_z": 1.0101677927464587e-12,
    "particle_position_x": 6.630049949959092,
    "particle_position_y": 58.24914762101138,
    "particle_weight": 3.21662600232034e+18
  },
  "lev=0": {
    "Bx": 1225109.2628475595,
    "By": 3748536.8460838096,
    "Bz": 195216.2190878017,
    "Ex": 1092766647326914.6,
    "Ey": 384575347595082.3,
    "Ez": 343130879909148.75,
    "jx": 3.51564554699967e+16,
    "jy": 2.2405130712647624e+16,
    "jz": 3.0976785868961254e+17,
    "rho": 1054402097.6298534
  }
}