{
  "beam": {
    "particle_cpu": 0.0,
    "particle_id": 445160.0,
    "particle_momentum_x": 5.430834035225301e-19,
    "particle_momentum_y": 3.9842069158425636e-19,
    "particle_momentum_z": 8.084063041252451e-18,
    "particle_position_x": 0.001373742271887886,
    "particle_position_y": 0.14010474568397213,
    "particle_weight": 2761867765448.888
  },
  "electrons": {
    "particle_cpu": 155383.0,
    "particle_id": 26835869872.0,
    "particle_momentum_x": 7.384584964940151e-19,
    "particle_momentum_y": 5.668475917285874e-19,
    "particle_momentum_z": 5.697498214252073e-16,
    "particle_position_x": 6.6399009521226775,
    "particle_position_y": 58.21053755262918,
    "particle_weight": 3.2159040630929684e+18
  },
  "ions": {
    "particle_cpu": 155428.0,
    "particle_id": 26929185010.0,
    "particle_momentum_x": 1.675401940244253e-18,
    "particle_momentum_y": 5.735868875445285e-19,
    "particle_momentum_z": 1.0101677791766743e-12,
    "particle_position_x": 6.630050032809573,
    "particle_position_y": 58.249206333900666,
    "particle_weight": 3.2166263190283034e+18
  },
  "lev=0": {
    "Bx": 20131.264670464003,
    "By": 2693190.7875392917,
    "Bz": 6133.4413527520455,
    "Ex": 808615842182327.9,
    "Ey": 6954754365110.047,
    "Ez": 175135602051105.9,
    "jx": 2.6364701059199932e+16,
    "jy": 1328564455302094.0,
    "jz": 2.365952962292101e+17,
    "rho": 806491498.0710107
  }
}
