{
  "electrons": {
    "particle_cpu": 0.0,
    "particle_id": 540033024.0,
    "particle_momentum_x": 7.043225585505337e-22,
    "particle_momentum_y": 2.809548845143752e-22,
    "particle_momentum_z": 8.903838826207275e-17,
    "particle_position_x": 633734.0562112605,
    "particle_position_y": 7862151.998116621,
    "particle_theta": 51362.087830016804,
    "particle_weight": 1.0261080645329302e+20
  },
  "ions": {
    "particle_cpu": 0.0,
    "particle_id": 1630552064.0,
    "particle_momentum_x": 1.3125871812988242e-18,
    "particle_momentum_y": 2.8053964233878157e-22,
    "particle_momentum_z": 1.6348804524070253e-13,
    "particle_position_x": 633733.7423183097,
    "particle_position_y": 7862151.997142417,
    "particle_theta": 51470.93289806633,
    "particle_weight": 1.0261080645329302e+20
  },
  "lev=0": {
    "By": 0.0018845897905120875,
    "Ex": 568097.483503956,
    "Ey": 130003.26201794606,
    "Ez": 40677.99022514904,
    "divE": 1279972.8318505273,
    "jx": 166.90827030470052,
    "jz": 50430.77823601886,
    "rho": 1.1333119848485656e-05
  }
}