{
  "electrons": {
    "particle_momentum_x": 7.188262495831869e-22,
    "particle_momentum_y": 9.366670272998972e-24,
    "particle_momentum_z": 8.903838605112867e-17,
    "particle_position_x": 633733.1377069331,
    "particle_position_y": 7862152.008302979,
    "particle_theta": 51471.82060096203,
    "particle_weight": 1.0261080645329302e+20
  },
  "ions": {
    "particle_momentum_x": 1.3139399113084718e-18,
    "particle_momentum_y": 9.36530169181897e-24,
    "particle_momentum_z": 1.6348806629857118e-13,
    "particle_position_x": 633733.1365353089,
    "particle_position_y": 7862152.007285856,
    "particle_theta": 51471.6099169301,
    "particle_weight": 1.0261080645329302e+20
  },
  "lev=0": {
    "Bt": 0.00014277516113528766,
    "Er": 42705.928351478186,
    "Et": 198517.8121599189,
    "Ez": 4124.588451444761,
    "divE": 50681.52326965637,
    "jr": 7.0768855187909985,
    "jz": 469.9328176825038,
    "rho": 4.488636594800136e-07
  }
}
