{
  "electrons": {
    "particle_momentum_x": 7.188314912300234e-22,
    "particle_momentum_y": 1.0394436737288987e-23,
    "particle_momentum_z": 8.903837852634527e-17,
    "particle_position_x": 633733.136187464,
    "particle_position_y": 7862152.0078902915,
    "particle_theta": 51471.82060104632,
    "particle_weight": 1.0261080645329302e+20
  },
  "ions": {
    "particle_momentum_x": 1.3139399186198985e-18,
    "particle_momentum_y": 1.0393368162404926e-23,
    "particle_momentum_z": 1.6348806630609593e-13,
    "particle_position_x": 633733.1365361367,
    "particle_position_y": 7862152.007286081,
    "particle_theta": 51471.609916929985,
    "particle_weight": 1.0261080645329302e+20
  },
  "lev=0": {
    "Bt": 0.00015467138145729178,
    "Er": 46302.55104771345,
    "Et": 198512.61435989104,
    "Ez": 4269.500411629442,
    "divE": 56473.85900924703,
    "jr": 5.550691097640847,
    "jz": 149.74203244538995,
    "rho": 5.000301541815611e-07
  }
}
