{
  "electrons": {
    "particle_momentum_x": 7.8224474453759e-22,
    "particle_momentum_y": 7.881551991186718e-22,
    "particle_momentum_z": 8.903837962240334e-17,
    "particle_position_x": 158433.4748739359,
    "particle_position_y": 158432.72331317188,
    "particle_position_z": 5891662.962208379,
    "particle_weight": 2.041377132710917e+18
  },
  "ions": {
    "particle_momentum_x": 1.3150840705006872e-18,
    "particle_momentum_y": 1.3043326369180308e-18,
    "particle_momentum_z": 1.6348805688701685e-13,
    "particle_position_x": 158433.58057662577,
    "particle_position_y": 158432.80157455913,
    "particle_position_z": 5891662.961766554,
    "particle_weight": 2.041377132710917e+18
  },
  "lev=0": {
    "Bx": 0.006709341515495925,
    "By": 0.006512861312146984,
    "Bz": 0.0005748642906155977,
    "Ex": 1963014.2177237389,
    "Ey": 2023635.4855849762,
    "Ez": 137784.96865855978,
    "jx": 487.10745207420564,
    "jy": 489.93324482137865,
    "jz": 17815.16304064486
  }
}