{
  "electrons": {
    "particle_cpu": 0.0,
    "particle_id": 2160099328.0,
    "particle_momentum_x": 1.5446768224262931e-21,
    "particle_momentum_y": 0.0,
    "particle_momentum_z": 1.7807675479103523e-16,
    "particle_position_x": 1267465.6959779875,
    "particle_position_y": 15724303.998550693,
    "particle_weight": 1.6888332018290936e+18
  },
  "ions": {
    "particle_cpu": 0.0,
    "particle_id": 6522175488.0,
    "particle_momentum_x": 2.609389259207186e-18,
    "particle_momentum_y": 0.0,
    "particle_momentum_z": 3.269760999127174e-13,
    "particle_position_x": 1267465.6476913819,
    "particle_position_y": 15724303.99882355,
    "particle_weight": 1.6888332018290936e+18
  },
  "lev=0": {
    "Bx": 0.0,
    "By": 0.002955847949540036,
    "Bz": 0.0,
    "Ex": 893534.7419589404,
    "Ey": 0.0,
    "Ez": 65657.88089087335,
    "divE": 1689738.9457807848,
    "jx": 219.89616041000212,
    "jy": 0.0,
    "jz": 4459.160944658457,
    "rho": 1.4961265980553603e-05
  }
}