{
  "electrons": {
    "particle_momentum_x": 7.040321706649852e-22,
    "particle_momentum_y": 2.6350019627856963e-22,
    "particle_momentum_z": 8.903841205118235e-17,
    "particle_position_x": 633733.2382222114,
    "particle_position_y": 7862152.022952429,
    "particle_theta": 51150.20809917081,
    "particle_weight": 1.0261080645329302e+20
  },
  "ions": {
    "particle_momentum_x": 1.309068869366174e-18,
    "particle_momentum_y": 2.6235118222356472e-22,
    "particle_momentum_z": 1.6348804184310653e-13,
    "particle_position_x": 633733.1816905431,
    "particle_position_y": 7862151.995500945,
    "particle_theta": 51448.117157711284,
    "particle_weight": 1.0261080645329302e+20
  },
  "lev=0": {
    "By": 0.0017182252289440264,
    "Ex": 518347.23478549306,
    "Ey": 137106.07262027927,
    "Ez": 35918.446653926556,
    "divE": 1227626.4690642208,
    "jx": 159.1245447865701,
    "jz": 49252.95943703725,
    "rho": 1.0869618748586227e-05
  }
}