{
  "electrons": {
    "particle_momentum_x": 7.191153611209755e-22,
    "particle_momentum_y": 1.0257805633486908e-23,
    "particle_momentum_z": 8.903837290860272e-17,
    "particle_position_x": 633733.1370495192,
    "particle_position_y": 7862151.998806793,
    "particle_theta": 51471.87947250268,
    "particle_weight": 1.0261080645329302e+20
  },
  "ions": {
    "particle_momentum_x": 1.315262005404354e-18,
    "particle_momentum_y": 1.0257793720700797e-23,
    "particle_momentum_z": 1.6348804786358645e-13,
    "particle_position_x": 633733.1373065955,
    "particle_position_y": 7862151.998394713,
    "particle_theta": 51471.996328257424,
    "particle_weight": 1.0261080645329302e+20
  },
  "lev=0": {
    "Bt": 0.0001577564039044829,
    "Er": 47251.732205787164,
    "Et": 192391.59569913795,
    "Ez": 4116.656964203732,
    "divE": 56549.625503299,
    "jr": 8.16273439209523,
    "jz": 474.5689477904675,
    "rho": 5.007025173361309e-07
  }
}
