{
  "electrons": {
    "particle_cpu": 16384.0,
    "particle_id": 268451840.0,
    "particle_momentum_x": 7.661404407620494e-22,
    "particle_momentum_y": 7.731825335286467e-22,
    "particle_momentum_z": 8.903837845695381e-17,
    "particle_position_x": 158433.50937968685,
    "particle_position_y": 158432.7555566518,
    "particle_position_z": 5891662.962114106,
    "particle_weight": 2.041377132710917e+18
  },
  "ions": {
    "particle_cpu": 16384.0,
    "particle_id": 805322752.0,
    "particle_momentum_x": 1.315071968635413e-18,
    "particle_momentum_y": 1.3043198408513672e-18,
    "particle_momentum_z": 1.6348805688856842e-13,
    "particle_position_x": 158433.58055792775,
    "particle_position_y": 158432.80155696257,
    "particle_position_z": 5891662.961766679,
    "particle_weight": 2.041377132710917e+18
  },
  "lev=0": {
    "Bx": 0.009411772020365566,
    "By": 0.009294532171077053,
    "Bz": 0.0006955921974572178,
    "Ex": 2800531.9419003,
    "Ey": 2837517.2217056486,
    "Ez": 159199.65928010936,
    "jx": 590.0525646696378,
    "jy": 592.1925073345433,
    "jz": 27858.329359935513
  }
}