{
  "electrons": {
    "particle_momentum_x": 7.799828234013091e-22,
    "particle_momentum_y": 7.853620523635122e-22,
    "particle_momentum_z": 8.903838009194013e-17,
    "particle_position_x": 158433.52653925028,
    "particle_position_y": 158432.74997779692,
    "particle_position_z": 5891662.962223673,
    "particle_weight": 2.041377132710917e+18
  },
  "ions": {
    "particle_momentum_x": 1.3150842145882957e-18,
    "particle_momentum_y": 1.3043330137743231e-18,
    "particle_momentum_z": 1.634880568866417e-13,
    "particle_position_x": 158433.58054870443,
    "particle_position_y": 158432.80156002127,
    "particle_position_z": 5891662.961766562,
    "particle_weight": 2.041377132710917e+18
  },
  "lev=0": {
    "Bx": 0.0068073634628550315,
    "By": 0.006697549542915319,
    "Bz": 0.0005743262065396818,
    "Ex": 2018478.8211576312,
    "Ey": 2052642.246798101,
    "Ez": 149912.8262920749,
    "divE": 6615408.753505244,
    "jx": 490.81504811208214,
    "jy": 497.1861446484984,
    "jz": 17469.798807376228,
    "rho": 5.862037378889882e-05
  }
}