{
  "beam": {
    "particle_cpu": 0.0,
    "particle_id": 500500.0,
    "particle_momentum_x": 7.667648611217709e-19,
    "particle_momentum_y": 4.515663207940841e-19,
    "particle_momentum_z": 8.406861608325671e-18,
    "particle_position_x": 0.006646372595533197,
    "particle_position_y": 0.17129504690577588,
    "particle_weight": 3120754537230.3823
  },
  "electrons": {
    "particle_cpu": 155200.0,
    "particle_id": 26661583460.0,
    "particle_momentum_x": 7.34872282681774e-19,
    "particle_momentum_y": 5.6263249258993015e-19,
    "particle_momentum_z": 5.690583841167583e-16,
    "particle_position_x": 6.632093667148926,
    "particle_position_y": 58.16960985802766,
    "particle_weight": 3.210336658473002e+18
  },
  "ions": {
    "particle_cpu": 155246.0,
    "particle_id": 26754812994.0,
    "particle_momentum_x": 1.6716883161432838e-18,
    "particle_momentum_y": 5.69490267898759e-19,
    "particle_momentum_z": 1.0089849317132086e-12,
    "particle_position_x": 6.622286640612053,
    "particle_position_y": 58.209142615405554,
    "particle_weight": 3.2110765922183337e+18
  },
  "lev=0": {
    "Bx": 1227936.8112463208,
    "By": 3468418.7808450977,
    "Bz": 194922.9347801012,
    "Ex": 1041212834966472.0,
    "Ey": 385077701747645.4,
    "Ez": 199928613332594.03,
    "jx": 3.1010440611032092e+16,
    "jy": 2.1870411354950984e+16,
    "jz": 2.9474412350765005e+17,
    "rho": 1003033252.3965826
  }
}
