{
  "electrons": {
    "particle_cpu": 0.0,
    "particle_id": 2160099328.0,
    "particle_momentum_x": 0.0000000000000000000015301234911049641144,
    "particle_momentum_y": 0.0,
    "particle_momentum_z": 1.780767547480371e-16,
    "particle_position_x": 1267465.6993027364,
    "particle_position_y": 15724303.998543631,
    "particle_weight": 1.6888332018290936e+18
  },
  "ions": {
    "particle_cpu": 0.0,
    "particle_id": 6522175488.0,
    "particle_momentum_x": 0.0000000000000000026093895728920787299904,
    "particle_momentum_y": 0.0,
    "particle_momentum_z": 3.2697609991276653e-13,
    "particle_position_x": 1267465.6476895714,
    "particle_position_y": 15724303.998823564,
    "particle_weight": 1.6888332018290936e+18
  },
  "lev=0": {
    "Bx": 0.0,
    "By": 0.0024729008745806588601134912153156619752,
    "Bz": 0.0,
    "Ex": 747630.302621401962824165821075439453125,
    "Ey": 0.0,
    "Ez": 58621.659708293169387616217136383056640625,
    "jx": 197.6085925003294505586382001638412475585938,
    "jy": 0.0,
    "jz": 3899.3719924457673187134787440299987792968750
  }
}