{
  "electrons": {
    "particle_cpu": 0.0,
    "particle_id": 536887296.0,
    "particle_momentum_x": 7.621972202065512e-22,
    "particle_momentum_y": 7.686862254802683e-22,
    "particle_momentum_z": 8.90383750802853e-17,
    "particle_position_x": 158433.31899638538,
    "particle_position_y": 158432.84065690005,
    "particle_position_z": 5891662.954892719,
    "particle_weight": 2.041377132710917e+18
  },
  "ions": {
    "particle_cpu": 0.0,
    "particle_id": 1610629120.0,
    "particle_momentum_x": 1.313757731571078e-18,
    "particle_momentum_y": 1.3110162904279223e-18,
    "particle_momentum_z": 1.6348803844388876e-13,
    "particle_position_x": 158433.31297988252,
    "particle_position_y": 158432.8489741725,
    "particle_position_z": 5891662.955099461,
    "particle_weight": 2.041377132710917e+18
  },
  "lev=0": {
    "Bx": 0.008784461832249183,
    "By": 0.008813171355963798,
    "Bz": 0.0007358277172704877,
    "Ex": 2657583.0810633674,
    "Ey": 2651105.2637080904,
    "Ez": 157921.31712102375,
    "jx": 596.0598578274451,
    "jy": 600.9469644669896,
    "jz": 27792.65988005684
  }
}