{
  "beam": {
    "particle_cpu": 0.0,
    "particle_id": 500500.0,
    "particle_momentum_x": 7.461083945872488e-19,
    "particle_momentum_y": 4.375351469858068e-19,
    "particle_momentum_z": 8.38317279674658e-18,
    "particle_position_x": 0.006250756356669092,
    "particle_position_y": 0.1698673360055165,
    "particle_weight": 3120754537230.3823
  },
  "electrons": {
    "particle_cpu": 155383.0,
    "particle_id": 26721507984.0,
    "particle_momentum_x": 7.341386128424509e-19,
    "particle_momentum_y": 5.669198506709852e-19,
    "particle_momentum_z": 5.697789969435323e-16,
    "particle_position_x": 6.639855486381005,
    "particle_position_y": 58.21052062206886,
    "particle_weight": 3.215903513895884e+18
  },
  "ions": {
    "particle_cpu": 155428.0,
    "particle_id": 26814790002.0,
    "particle_momentum_x": 1.67009293897836e-18,
    "particle_momentum_y": 5.73613275436841e-19,
    "particle_momentum_z": 1.010167755387852e-12,
    "particle_position_x": 6.630049987530896,
    "particle_position_y": 58.2491476194403,
    "particle_weight": 3.21662600232034e+18
  },
  "lev=0": {
    "Bx": 1224534.28632093,
    "By": 3461431.799452949,
    "Bz": 194465.343296229,
    "Ex": 1039175495873930.0,
    "Ey": 384235211603772.4,
    "Ez": 200269082524794.7,
    "jx": 3.099312732808666e+16,
    "jy": 2.221553619576155e+16,
    "jz": 2.917528921198255e+17,
    "rho": 992759655.0625863
  }
}