{
  "beam": {
    "particle_cpu": 0.0,
    "particle_id": 500500.0,
    "particle_momentum_x": 7.781818973095813e-19,
    "particle_momentum_y": 4.515677165586177e-19,
    "particle_momentum_z": 8.375527032801872e-18,
    "particle_position_x": 0.006743036325498549,
    "particle_position_y": 0.171609188355419,
    "particle_weight": 3120754537230.3823
  },
  "electrons": {
    "particle_cpu": 155383.0,
    "particle_id": 26721507984.0,
    "particle_momentum_x": 7.343166618394246e-19,
    "particle_momentum_y": 5.669478713153082e-19,
    "particle_momentum_z": 5.697759351247803e-16,
    "particle_position_x": 6.639863939125319,
    "particle_position_y": 58.21051562409041,
    "particle_weight": 3.215903744897337e+18
  },
  "ions": {
    "particle_cpu": 155428.0,
    "particle_id": 26814790002.0,
    "particle_momentum_x": 1.6709338568912299e-18,
    "particle_momentum_y": 5.736113493536961e-19,
    "particle_momentum_z": 1.010167756546284e-12,
    "particle_position_x": 6.63004997278591,
    "particle_position_y": 58.2491476194403,
    "particle_weight": 3.21662600232034e+18
  },
  "lev=0": {
    "Bx": 1225047.370205577,
    "By": 3461610.509386122,
    "Bz": 194622.52070961153,
    "Ex": 1039200462646995.5,
    "Ey": 384410222605049.8,
    "Ez": 200388928770113.06,
    "jx": 3.1003451811671292e+16,
    "jy": 2.222757073772597e+16,
    "jz": 2.9254388838862925e+17,
    "rho": 995460563.3297532
  }
}