{
  "electrons": {
    "particle_cpu": 0.0,
    "particle_id": 536887296.0,
    "particle_momentum_x": 7.729431752203883e-22,
    "particle_momentum_y": 7.794882160466652e-22,
    "particle_momentum_z": 8.903837510022129e-17,
    "particle_position_x": 158433.32081013956,
    "particle_position_y": 158432.84063319286,
    "particle_position_z": 5891662.954893658,
    "particle_weight": 2.041377132710917e+18
  },
  "ions": {
    "particle_cpu": 0.0,
    "particle_id": 1610629120.0,
    "particle_momentum_x": 1.3137584901410191e-18,
    "particle_momentum_y": 1.3110170137952106e-18,
    "particle_momentum_z": 1.634880384438241e-13,
    "particle_position_x": 158433.31297889486,
    "particle_position_y": 158432.84897418754,
    "particle_position_z": 5891662.955099445,
    "particle_weight": 2.041377132710917e+18
  },
  "lev=0": {
    "Bx": 0.010140160970885409,
    "By": 0.01018326220102796,
    "Bz": 0.0007358304357610612,
    "Ex": 3069189.7856449094,
    "Ey": 3059692.3552574217,
    "Ez": 179113.58108127804,
    "divE": 11595044.393295102,
    "jx": 629.5107527500195,
    "jy": 631.59755670541,
    "jz": 30620.7298558529,
    "rho": 0.00010266470075599904
  }
}