{
  "electrons": {
    "particle_cpu": 0.0,
    "particle_id": 2160099328.0,
    "particle_momentum_x": 1.5341993646108846e-21,
    "particle_momentum_y": 0.0,
    "particle_momentum_z": 1.7807675478797127e-16,
    "particle_position_x": 1267465.749434069,
    "particle_position_y": 15724303.998553138,
    "particle_weight": 1.6888332018290936e+18
  },
  "ions": {
    "particle_cpu": 0.0,
    "particle_id": 6522175488.0,
    "particle_momentum_x": 2.6093866242159608e-18,
    "particle_momentum_y": 0.0,
    "particle_momentum_z": 3.269760999127156e-13,
    "particle_position_x": 1267465.6476621667,
    "particle_position_y": 15724303.998823557,
    "particle_weight": 1.6888332018290936e+18
  },
  "lev=0": {
    "Bx": 0.0,
    "By": 0.0040487249443113315,
    "Bz": 0.0,
    "Ex": 1221732.0049791941,
    "Ey": 0.0,
    "Ez": 69739.34075856119,
    "jx": 221.8515896093914,
    "jy": 0.0,
    "jz": 7393.480147247232
  }
}