{
  "beam": {
    "particle_cpu": 0.0,
    "particle_id": 475633.0,
    "particle_momentum_x": 8.977128485377032e-19,
    "particle_momentum_y": 4.259483260634334e-19,
    "particle_momentum_z": 8.16388691392325e-18,
    "particle_position_x": 0.0034486520898269527,
    "particle_position_y": 0.15864821153459413,
    "particle_weight": 2949113037682.7114
  },
  "electrons": {
    "particle_cpu": 152722.0,
    "particle_id": 26339030788.0,
    "particle_momentum_x": 2.743797294999134e-17,
    "particle_momentum_y": 5.765981203312818e-19,
    "particle_momentum_z": 5.859470046693958e-16,
    "particle_position_x": 6.483959643177386,
    "particle_position_y": 56.92826875449026,
    "particle_weight": 3.138852336747638e+18
  },
  "ions": {
    "particle_cpu": 155428.0,
    "particle_id": 26814790002.0,
    "particle_momentum_x": 5.2990988177441224e-17,
    "particle_momentum_y": 5.830379787064521e-19,
    "particle_momentum_z": 1.010132517866928e-12,
    "particle_position_x": 6.629858086953955,
    "particle_position_y": 58.24915360742484,
    "particle_weight": 3.21662600232034e+18
  },
  "lev=0": {
    "Bx": 1227876.8992634546,
    "By": 36168329.71864704,
    "Bz": 195425.49186484123,
    "Ex": 1.0291614026440732e+16,
    "Ey": 386163680365402.75,
    "Ez": 3380881686626395.0,
    "jx": 5.4443016933580134e+17,
    "jy": 2.3304256166186788e+16,
    "jz": 4.280565058760271e+18,
    "rho": 13877809182.364265
  }
}