{
  "lev=0": {
    "Bx": 1086729.9983020213,
    "By": 2886537.292820136,
    "Bz": 264259.5410465989,
    "Ex": 867382749986595.4,
    "Ey": 392666737316432.8,
    "Ez": 146897959667920.22,
    "jx": 2.7028854305928356e+16,
    "jy": 8.615938520657634e+16,
    "jz": 2.7328721771319978e+17,
    "rho": 915931445.5917195
  },
  "electrons": {
    "particle_momentum_x": 6.2409905560361695e-19,
    "particle_momentum_y": 1.5790611507526441e-18,
    "particle_momentum_z": 2.506435264953701e-16,
    "particle_position_x": 1.5014136629221837,
    "particle_position_y": 16.52378170697116,
    "particle_weight": 1.2372401466086835e+18
  },
  "ions": {
    "particle_momentum_x": 1.4394967936107095e-18,
    "particle_momentum_y": 1.5967629122067375e-18,
    "particle_momentum_z": 4.287340658682592e-13,
    "particle_position_x": 1.4911814217840271,
    "particle_position_y": 16.521964978774346,
    "particle_weight": 1.2372405194129536e+18
  },
  "beam": {
    "particle_momentum_x": 7.0050974522936195e-19,
    "particle_momentum_y": 4.374915691594075e-19,
    "particle_momentum_z": 6.1754662837862646e-18,
    "particle_position_x": 0.0016025830388130494,
    "particle_position_y": 0.35897909980539305,
    "particle_weight": 3120754537230.3823
  }
}