{
  "electrons": {
    "particle_cpu": 0.0,
    "particle_id": 540033024.0,
    "particle_momentum_x": 6.991216723474512e-22,
    "particle_momentum_y": 2.7161964260573423e-22,
    "particle_momentum_z": 8.9036292669071e-17,
    "particle_position_x": 633733.7278962254,
    "particle_position_y": 7862151.377853205,
    "particle_theta": 51362.0874841635,
    "particle_weight": 1.0261080645329302e+20
  },
  "ions": {
    "particle_cpu": 0.0,
    "particle_id": 1630552064.0,
    "particle_momentum_x": 1.312586801897356e-18,
    "particle_momentum_y": 2.716175862542692e-22,
    "particle_momentum_z": 1.634880615821668e-13,
    "particle_position_x": 633733.7424931434,
    "particle_position_y": 7862152.004348258,
    "particle_theta": 51470.93289875299,
    "particle_weight": 1.0261080645329302e+20
  },
  "lev=0": {
    "By": 0.002498168642125331,
    "Ex": 751403.0500041273,
    "Ey": 131304.8882148022,
    "Ez": 35783.1787975738,
    "divE": 1349004.6304044977,
    "jx": 163.91848307748262,
    "jz": 50271.11378286561,
    "rho": 0.0001686919398337135
  }
}