{
  "electrons": {
    "particle_cpu": 0.0,
    "particle_id": 536887296.0,
    "particle_momentum_x": 7.759177345343908e-22,
    "particle_momentum_y": 7.83861510288332e-22,
    "particle_momentum_z": 8.903837510833975e-17,
    "particle_position_x": 158433.32086474425,
    "particle_position_y": 158432.84765182727,
    "particle_position_z": 5891662.954893573,
    "particle_weight": 2.041377132710917e+18
  },
  "ions": {
    "particle_cpu": 0.0,
    "particle_id": 1610629120.0,
    "particle_momentum_x": 1.3137521306313606e-18,
    "particle_momentum_y": 1.3110098935745786e-18,
    "particle_momentum_z": 1.6348803844375873e-13,
    "particle_position_x": 158433.31297886436,
    "particle_position_y": 158432.84897035547,
    "particle_position_z": 5891662.9550994355,
    "particle_weight": 2.041377132710917e+18
  },
  "lev=0": {
    "Bx": 0.010370294628404412,
    "By": 0.010397880583873496,
    "Bz": 0.0007362305027988332,
    "Ex": 3131624.8701954363,
    "Ey": 3126432.2108199163,
    "Ez": 181853.3984308329,
    "divE": 11163077.652596824,
    "jx": 630.3229213771848,
    "jy": 631.9083162692135,
    "jz": 29478.756626405997,
    "rho": 9.883998610498991e-05
  }
}