{
  "electrons": {
    "particle_cpu": 0.0,
    "particle_id": 524800.0,
    "particle_momentum_x": 2.7514767750837127e-23,
    "particle_momentum_y": 2.3100769516972307e-23,
    "particle_momentum_z": 2.7824488315769355e-18,
    "particle_position_x": 4951.068658383481,
    "particle_position_y": 184114.46819780796,
    "particle_weight": 1.0555207511431835e+17
  },
  "ions": {
    "particle_cpu": 0.0,
    "particle_id": 1573376.0,
    "particle_momentum_x": 4.033320884535886e-20,
    "particle_momentum_y": 3.93869961640813e-20,
    "particle_momentum_z": 5.109003432590069e-15,
    "particle_position_x": 4951.081914414071,
    "particle_position_y": 184114.4681538281,
    "particle_weight": 1.0555207511431835e+17
  },
  "lev=0": {
    "Bx": 0.0,
    "By": 0.0,
    "Bz": 0.0,
    "Ex": 0.0,
    "Ey": 0.0,
    "Ez": 0.0,
    "jx": 0.0,
    "jy": 0.0,
    "jz": 0.0
  }
}