{
  "lev=0": {
    "Bx": 3.254531465641299e-14,
    "By": 3.276809240949724e-14,
    "Bz": 1.0615286316115558e-16,
    "Ex": 2.30845657253269e-05,
    "Ey": 2.2656898931877975e-05,
    "Ez": 1.997747654112569e-05,
    "jx": 1.7819477343635878e-10,
    "jy": 4.2163030523377745e-20,
    "jz": 1.037883938249774e-07
  },
  "electron": {
    "x": 0.049960237123814574,
    "y": 8.397636119991403e-15,
    "z": 0.10931687737912647,
    "ux": 0.00021807544879239295,
    "uy": 5.350848993804499e-14,
    "uz": 0.12701663537367266,
    "w": 1.0
  }
}
