{
  "lev=0": {
    "Bx": 0.0,
    "By": 0.0,
    "Bz": 0.0,
    "Ex": 6.0282565190090465e-05,
    "Ey": 6.38479659567398e-05,
    "Ez": 7.880459213065183e-05,
    "jx": 0.0,
    "jy": 0.0,
    "jz": 0.0
  },
  "electron": {
    "x": 0.03492328774188008,
    "y": 9.300626840674328e-11,
    "z": 1.4915217664724023,
    "ux": 0.0007623569514165381,
    "uy": 8.537801353786367e-12,
    "uz": 0.10000000000071513,
    "w": 1.0
  }
}
