{
  "electron": {
    "particle_momentum_x": 2.0819392991319207e-25,
    "particle_momentum_y": 6.04686989476619e-34,
    "particle_momentum_z": 2.7309245307290386e-23,
    "particle_position_x": 0.03492328774658799,
    "particle_position_y": 2.2742551618036812e-11,
    "particle_position_z": 1.4915217664612073,
    "particle_weight": 1.0
  },
  "lev=0": {
    "Bx": 0.0,
    "By": 0.0,
    "Bz": 0.0,
    "Ex": 9.882421125782868e-06,
    "Ey": 1.044026102498192e-05,
    "Ez": 1.003739698556440e-05,
    "jx": 0.0,
    "jy": 0.0,
    "jz": 0.0
  }
}
