{
  "electron": {
    "particle_momentum_x": 2.081939298256737e-25,
    "particle_momentum_y": 6.1883543638832e-34,
    "particle_momentum_z": 2.730924530728755e-23,
    "particle_position_x": 0.03492328774453408,
    "particle_position_y": 2.336103219889021e-11,
    "particle_position_z": 1.4915217664609877,
    "particle_weight": 1.0
  },
  "lev=0": {
    "Bx": 0.0,
    "By": 0.0,
    "Bz": 0.0,
    "Ex": 9.882421146541765e-06,
    "Ey": 1.044026104671521e-05,
    "Ez": 1.003739697325251e-05,
    "jx": 0.0,
    "jy": 0.0,
    "jz": 0.0
  }
}
