{
  "lev=0": {
    "Bx": 0.0,
    "By": 0.0,
    "Bz": 0.0,
    "Ex": 9.882421146615367e-06,
    "Ey": 1.0440261046714249e-05,
    "Ez": 1.003739697324731e-05,
    "jx": 2.9148662809570633e-10,
    "jy": 8.46582291468749e-19,
    "jz": 3.823492756863969e-08
  },
  "electron": {
    "particle_momentum_x": 2.0819392991319055e-25,
    "particle_momentum_y": 6.046869894766189e-34,
    "particle_momentum_z": 2.730924530729043e-23,
    "particle_position_x": 0.03492328774658799,
    "particle_position_y": 2.2742551618036812e-11,
    "particle_position_z": 1.4915217664612082,
    "particle_weight": 1.0
  }
}
