{
  "electrons": {
    "particle_momentum_x": 7.424668333879405e-24,
    "particle_momentum_y": 5.93963893779683e-24,
    "particle_momentum_z": 2.7309245307375727e-22,
    "particle_position_x": 0.0360838943897417,
    "particle_position_y": 0.028872102262743393,
    "particle_position_z": 3.894799963324205
  },
  "lev=0": {
    "Bx": 7.946088906832569e-14,
    "By": 7.929483907329643e-14,
    "Bz": 6.329936290521288e-16,
    "Ex": 1.232716033682744e-05,
    "Ey": 1.238761870734919e-05,
    "Ez": 2.135393247813939e-05,
    "jx": 4.589424517378515e-10,
    "jy": 3.66282354675919e-10,
    "jz": 4.398157565896823e-08
  }
}