{
  "electron": {
    "particle_momentum_x": 2.0819392998019253e-25,
    "particle_momentum_y": 2.3316091155621773e-33,
    "particle_momentum_z": 2.730924530757351e-23,
    "particle_position_x": 0.034923287741880055,
    "particle_position_y": 9.300626840674331e-11,
    "particle_position_z": 1.491521766472402,
    "particle_weight": 1.0
  },
  "lev=0": {
    "Bx": 0.0,
    "By": 0.0,
    "Bz": 0.0,
    "Ex": 6.028256519009052e-05,
    "Ey": 6.384796595673982e-05,
    "Ez": 7.88045921306518e-05,
    "jx": 0.0,
    "jy": 0.0,
    "jz": 0.0
  }
}
