{
  "electron": {
    "particle_momentum_x": 5.955475926588059e-26,
    "particle_momentum_y": 1.4612764777454504e-35,
    "particle_momentum_z": 3.4687284535374423e-23,
    "particle_position_x": 0.049960237123814574,
    "particle_position_y": 8.397636119991403e-15,
    "particle_position_z": 0.10931687737912647,
    "particle_weight": 1.0
  },
  "lev=0": {
    "Bx": 3.254531465641299e-14,
    "By": 3.2768092409497234e-14,
    "Bz": 1.0615286316115558e-16,
    "Ex": 2.30845657253269e-05,
    "Ey": 2.2656898931877975e-05,
    "Ez": 1.997747654112569e-05,
    "jx": 1.7819477343635878e-10,
    "jy": 4.2163030523377745e-20,
    "jz": 1.0378839382497739e-07
  }
}
