{
  "lev=0": {
    "Bx": 0.0,
    "By": 0.0,
    "Bz": 0.0,
    "Ex": 9.882421146615367e-06,
    "Ey": 1.044026104671425e-05,
    "Ez": 1.0037396973247306e-05,
    "jx": 0.0,
    "jy": 0.0,
    "jz": 0.0
  },
  "electron": {
    "x": 0.03492328774658799,
    "y": 2.2742551618036812e-11,
    "z": 1.4915217664612082,
    "ux": 0.0007623569511711921,
    "uy": 2.2142207983801314e-12,
    "uz": 0.09999999999967848,
    "w": 1.0
  }
}

