{
  "lev=0": {
    "Bx": -3.694822225952521e-13,
    "By": -3.637978807091713e-12,
    "Bz": 1.5916157281026244e-12,
    "Ex": -1116757668263.3208,
    "Ey": -4123285077169.04,
    "Ez": -32621279025.53784,
    "divE": -786432.0,
    "jx": -2.1898503424927334e+17,
    "jy": -8.340985251875151e+17,
    "jz": -7382908340202048.0,
    "rho": 0.0006461143493652344
  },
  "protons": {
    "particle_momentum_x": 5.914775563874444e-20,
    "particle_momentum_y": 1.1886477593344155e-19,
    "particle_momentum_z": -3.3919301340796863e-20,
    "particle_position_x": 0.004251275869323399,
    "particle_weight": 2823958719279159.5
  },
  "electrons": {
    "particle_momentum_x": 1.736140104949298e-22,
    "particle_momentum_y": 5.986190202978618e-22,
    "particle_momentum_z": -1.3979815863040178e-23,
    "particle_position_x": 0.004251641684258687,
    "particle_weight": 2823958719279159.5
  }
}
