{
  "electrons": {
    "particle_momentum_x": 1.2036455434944827e-20,
    "particle_momentum_y": 1.1830361863195667e-20,
    "particle_momentum_z": 1.2204623781748783e-20,
    "particle_position_x": 0.00010591620999334763,
    "particle_weight": 5.314093261582036e+22
  },
  "lev=0": {
    "Bx": 3204.3351011789478,
    "By": 3966.636702748139,
    "Bz": 0.0,
    "Ex": 1290756184128.1785,
    "Ey": 1254717529102.3271,
    "Ez": 2712906815171.745,
    "divE": 1.4308070672037666e+21,
    "jx": 1.1420685901372008e+18,
    "jy": 1.3248145809606364e+18,
    "jz": 1.6354457692119475e+18,
    "rho": 12668634496.903713
  },
  "protons": {
    "particle_momentum_x": 5.241068369867448e-19,
    "particle_momentum_y": 5.187013284770828e-19,
    "particle_momentum_z": 5.281451346177163e-19,
    "particle_position_x": 0.00010633729814542828,
    "particle_weight": 5.314093261582036e+22
  }
}