{
  "beam": {
    "particle_cpu": 0.0,
    "particle_id": 869553169926.0,
    "particle_momentum_x": 0.0000000000000001064203091889266132574048,
    "particle_momentum_y": 0.0000000000000001064228353784508118609292,
    "particle_momentum_z": 0.0000000000000001064201561369069611592406,
    "particle_position_x": 97548.7491548495891038328409194946289062500000,
    "particle_position_y": 97419.4255066460755188018083572387695312500000,
    "particle_position_z": 88283.8191458277433412149548530578613281250000,
    "particle_weight": 0.0595443622837780531242835024841042468324
  },
  "gaussian": {
    "particle_cpu": 0.0,
    "particle_id": 131072256000.0,
    "particle_momentum_x": 1.1148694854418848e-18,
    "particle_momentum_y": 1.1139504847071965e-18,
    "particle_momentum_z": 1.1145095461981133e-18,
    "particle_position_x": 256080.87917031793,
    "particle_position_y": 255990.74838430926,
    "particle_position_z": 255985.31387862898,
    "particle_weight": 8e+21
  },
  "lev=0": {
    "Bx": 0.0000000000015676068542649133711363282412,
    "By": 0.0000000000016546042473803467350597084182,
    "Bz": 0.0000000000015769354380127525556201432533,
    "Ex": 69123.0554281830118270590901374816894531250000,
    "Ey": 74124.4225664109399076551198959350585937500000,
    "Ez": 73911.2475851382478140294551849365234375000000,
    "jx": 127119734868.8923187255859375000000000000000000000000,
    "jy": 136317425287.1649475097656250000000000000000000000000,
    "jz": 135925388984.194747924804687500000000000000000000000
  },
  "maxwell_boltzmann": {
    "particle_cpu": 0.0,
    "particle_id": 393216256000.0,
    "particle_momentum_x": 1.1174920939750226e-18,
    "particle_momentum_y": 1.1136299905181733e-18,
    "particle_momentum_z": 1.114502805331175e-18,
    "particle_position_x": 255953.32756914402,
    "particle_position_y": 256048.53904568078,
    "particle_position_z": 256000.64660200506,
    "particle_weight": 8e+21
  },
  "maxwell_juttner": {
    "particle_cpu": 0.0,
    "particle_id": 655360256000.0,
    "particle_momentum_x": 2.2132580272612802e-16,
    "particle_momentum_y": 2.2167623692374756e-16,
    "particle_momentum_z": 2.2153818320139157e-16,
    "particle_position_x": 255924.63477241763,
    "particle_position_y": 255995.20401401707,
    "particle_position_z": 256042.56499686907,
    "particle_weight": 8e+21
  }
}
