{
  "lev=0": {
    "Bx": 1.4391873150708752e-11,
    "By": 2.649275763336405e-12,
    "Bz": 2.264858284005838e-12,
    "Ex": 116126.69618118233,
    "Ey": 2721568.897218672,
    "Ez": 13311634.798029516,
    "jx": 213561086649.1517,
    "jy": 5005061111647.613,
    "jz": 24480565503287.883
  },
  "gaussian": {
    "particle_momentum_x": 1.114869485442012e-18,
    "particle_momentum_y": 1.113950484707249e-18,
    "particle_momentum_z": 1.1145095462051466e-18,
    "particle_position_x": 256080.8791703085,
    "particle_position_y": 255990.74838430836,
    "particle_position_z": 255985.3138786131,
    "particle_weight": 8e+21
  },
  "velocity_constant": {
    "particle_momentum_x": 3.525652955891248e-21,
    "particle_momentum_y": 2.854131883579884e-17,
    "particle_momentum_z": 3.529207120167883e-21,
    "particle_position_x": 256041.594025335,
    "particle_position_y": 255990.80243810173,
    "particle_position_z": 256058.6711995684,
    "particle_weight": 8e+21
  },
  "velocity_parser": {
    "particle_momentum_x": 3.5275715705676264e-21,
    "particle_momentum_y": 2.85413213756175e-17,
    "particle_momentum_z": 3.524858764586134e-21,
    "particle_position_x": 256005.32957331865,
    "particle_position_y": 256024.073334694,
    "particle_position_z": 255884.2303468903,
    "particle_weight": 8e+21
  },
  "maxwell_boltzmann": {
    "particle_momentum_x": 1.115726254239367e-18,
    "particle_momentum_y": 1.1158627328262547e-18,
    "particle_momentum_z": 1.116611006192975e-18,
    "particle_position_x": 255961.1556903974,
    "particle_position_y": 255863.7685374788,
    "particle_position_z": 255905.39310238374,
    "particle_weight": 8e+21
  },
  "maxwell_juttner_parser": {
    "particle_momentum_x": 3.244003577912503e-16,
    "particle_momentum_y": 3.25040141276013e-16,
    "particle_momentum_z": 3.2451492327611594e-16,
    "particle_position_x": 255982.1948847503,
    "particle_position_y": 255914.12054794806,
    "particle_position_z": 255998.1087893797,
    "particle_weight": 8e+21
  },
  "uniform": {
    "particle_momentum_x": 1.8165231916763963e-17,
    "particle_momentum_y": 6.992054835330534e-18,
    "particle_momentum_z": 1.482077848751643e-15,
    "particle_position_x": 256022.44604413788,
    "particle_position_y": 256023.176965898,
    "particle_position_z": 255947.8223255734,
    "particle_weight": 8e+21
  },
  "maxwell_juttner": {
    "particle_momentum_x": 2.2134518777013892e-16,
    "particle_momentum_y": 2.2161036396263055e-16,
    "particle_momentum_z": 2.2128980139002375e-16,
    "particle_position_x": 256016.2534041072,
    "particle_position_y": 255955.27567227924,
    "particle_position_z": 255979.3536929577,
    "particle_weight": 8e+21
  },
  "beam": {
    "particle_momentum_x": 1.0656686508664945e-16,
    "particle_momentum_y": 1.0652904561298736e-16,
    "particle_momentum_z": 1.0646689144385907e-16,
    "particle_position_x": 97438.20096731099,
    "particle_position_y": 97358.839485784,
    "particle_position_z": 88428.30909066088,
    "particle_weight": 0.05958446885576042
  }
}

