{
  "beam": {
    "particle_cpu": 0.0,
    "particle_id": 869553169926.0,
    "particle_momentum_x": 1.0642030918892653e-16,
    "particle_momentum_y": 1.0642283537844856e-16,
    "particle_momentum_z": 1.0642015613690699e-16,
    "particle_position_x": 97548.74915484959,
    "particle_position_y": 97419.42550664608,
    "particle_position_z": 88283.81914582774,
    "particle_weight": 0.05954436228377805
  },
  "gaussian": {
    "particle_cpu": 0.0,
    "particle_id": 131072256000.0,
    "particle_momentum_x": 1.1148694854418736e-18,
    "particle_momentum_y": 1.1139504847073219e-18,
    "particle_momentum_z": 1.11450954619821e-18,
    "particle_position_x": 256080.8791703085,
    "particle_position_y": 255990.74838430836,
    "particle_position_z": 255985.3138786131,
    "particle_weight": 8e+21
  },
  "lev=0": {
    "Bx": 1.4041930126107817e-11,
    "By": 2.2620996239033253e-12,
    "Bz": 2.345593514787453e-12,
    "Ex": 103489.94137386356,
    "Ey": 2681711.7522189138,
    "Ez": 109758.3778080657,
    "jx": 190321649231.9422,
    "jy": 4931762417404.209,
    "jz": 201849524737.76642
  },
  "maxwell_boltzmann": {
    "particle_cpu": 0.0,
    "particle_id": 393216256000.0,
    "particle_momentum_x": 1.1174920939749821e-18,
    "particle_momentum_y": 1.1136299905175387e-18,
    "particle_momentum_z": 1.114502805331281e-18,
    "particle_position_x": 255953.32756914443,
    "particle_position_y": 256048.5390456779,
    "particle_position_z": 256000.64660200488,
    "particle_weight": 8e+21
  },
  "maxwell_juttner": {
    "particle_cpu": 0.0,
    "particle_id": 655360256000.0,
    "particle_momentum_x": 2.21325802726127e-16,
    "particle_momentum_y": 2.2167623692374692e-16,
    "particle_momentum_z": 2.2153818320139063e-16,
    "particle_position_x": 255924.63477257418,
    "particle_position_y": 255995.2040137927,
    "particle_position_z": 256042.56499674113,
    "particle_weight": 8e+21
  },
  "maxwell_juttner_parser": {
    "particle_cpu": 0.0,
    "particle_id": 1167591168000.0,
    "particle_momentum_x": 3.239944229468624e-16,
    "particle_momentum_y": 3.24382154686272e-16,
    "particle_momentum_z": 3.240434151669339e-16,
    "particle_position_x": 256015.2596849932,
    "particle_position_y": 255991.72140724873,
    "particle_position_z": 255927.88992890544,
    "particle_weight": 8e+21
  },
  "velocity_constant": {
    "particle_cpu": 0.0,
    "particle_id": 1429735168000.0,
    "particle_momentum_x": 3.5298815518958025e-21,
    "particle_momentum_y": 2.8541316836401376e-17,
    "particle_momentum_z": 3.529131393024785e-21,
    "particle_position_x": 256013.66100185944,
    "particle_position_y": 255987.4495912913,
    "particle_position_z": 255995.3840195281,
    "particle_weight": 8e+21
  },
  "velocity_parser": {
    "particle_cpu": 0.0,
    "particle_id": 1691879168000.0,
    "particle_momentum_x": 3.52626487830545e-21,
    "particle_momentum_y": 2.85413258278335e-17,
    "particle_momentum_z": 3.531621710284665e-21,
    "particle_position_x": 256049.20358254094,
    "particle_position_y": 255976.85796854852,
    "particle_position_z": 256083.54377426513,
    "particle_weight": 8e+21
  }
}