{
  "beam": {
    "particle_cpu": 0.0,
    "particle_id": 869553169926.0,
    "particle_momentum_x": 1.0642030918892651e-16,
    "particle_momentum_y": 1.0642283537845086e-16,
    "particle_momentum_z": 1.0642015613690699e-16,
    "particle_position_x": 97548.74915484959,
    "particle_position_y": 97419.42550664608,
    "particle_position_z": 88283.81914582774,
    "particle_weight": 0.05954436228377805
  },
  "gaussian": {
    "particle_cpu": 0.0,
    "particle_id": 131072256000.0,
    "particle_momentum_x": 1.1148694854418736e-18,
    "particle_momentum_y": 1.1139504847071663e-18,
    "particle_momentum_z": 1.11450954619821e-18,
    "particle_position_x": 256080.8791703085,
    "particle_position_y": 255990.74838430836,
    "particle_position_z": 255985.3138786131,
    "particle_weight": 8e+21
  },
  "lev=0": {
    "Bx": 2.295513267966755e-12,
    "By": 2.2621088131755748e-12,
    "Bz": 2.3259320950698525e-12,
    "Ex": 103489.99666142697,
    "Ey": 102764.83503312292,
    "Ez": 109758.37177938089,
    "jx": 190321750907.71967,
    "jy": 188988153118.15323,
    "jz": 201849513650.8026
  },
  "maxwell_boltzmann": {
    "particle_cpu": 0.0,
    "particle_id": 393216256000.0,
    "particle_momentum_x": 1.117492093974982e-18,
    "particle_momentum_y": 1.1136299905181956e-18,
    "particle_momentum_z": 1.114502805331281e-18,
    "particle_position_x": 255953.32756914443,
    "particle_position_y": 256048.5390456779,
    "particle_position_z": 256000.64660200488,
    "particle_weight": 8e+21
  },
  "maxwell_juttner": {
    "particle_cpu": 0.0,
    "particle_id": 655360256000.0,
    "particle_momentum_x": 2.21325802726127e-16,
    "particle_momentum_y": 2.2167623692374665e-16,
    "particle_momentum_z": 2.2153818320139063e-16,
    "particle_position_x": 255924.63477257418,
    "particle_position_y": 255995.2040137927,
    "particle_position_z": 256042.56499674113,
    "particle_weight": 8e+21
  },
  "maxwell_juttner_parser": {
    "particle_cpu": 0.0,
    "particle_id": 1167591168000.0,
    "particle_momentum_x": 3.239944229468624e-16,
    "particle_momentum_y": 3.2438215468627077e-16,
    "particle_momentum_z": 3.240434151669339e-16,
    "particle_position_x": 256015.2596849932,
    "particle_position_y": 255991.72140724873,
    "particle_position_z": 255927.88992890544,
    "particle_weight": 8e+21
  }
}