{
  "beam": {
    "particle_cpu": 0.0,
    "particle_id": 870219268590.0,
    "particle_momentum_x": 1.065668650866494e-16,
    "particle_momentum_y": 1.065290456129874e-16,
    "particle_momentum_z": 1.064668914438635e-16,
    "particle_position_x": 97438.20096731099,
    "particle_position_y": 97358.839485784,
    "particle_position_z": 88428.30909066088,
    "particle_weight": 0.05958446885576042
  },
  "gaussian": {
    "particle_cpu": 0.0,
    "particle_id": 131072256000.0,
    "particle_momentum_x": 1.1148694854418736e-18,
    "particle_momentum_y": 1.1139504847073219e-18,
    "particle_momentum_z": 1.11450954619821e-18,
    "particle_position_x": 256080.8791703085,
    "particle_position_y": 255990.74838430836,
    "particle_position_z": 255985.3138786131,
    "particle_weight": 8e+21
  },
  "lev=0": {
    "Bx": 1.416173579179818e-11,
    "By": 2.285774163476767e-12,
    "Bz": 2.259533196304383e-12,
    "Ex": 102404.5179282011,
    "Ey": 2721625.6922874,
    "Ez": 105251.0632959,
    "jx": 188325517264.4187,
    "jy": 5005165559780.496,
    "jz": 193560414509.5226
  },
  "maxwell_boltzmann": {
    "particle_cpu": 0.0,
    "particle_id": 393216256000.0,
    "particle_momentum_x": 1.115726254239343e-18,
    "particle_momentum_y": 1.115862732826254e-18,
    "particle_momentum_z": 1.116611006199691e-18,
    "particle_position_x": 255961.1556903974,
    "particle_position_y": 255863.7685374788,
    "particle_position_z": 255905.3931023837,
    "particle_weight": 8e+21
  },
  "maxwell_juttner": {
    "particle_cpu": 0.0,
    "particle_id": 655360256000.0,
    "particle_momentum_x": 2.21345187770139e-16,
    "particle_momentum_y": 2.216103639626306e-16,
    "particle_momentum_z": 2.212898013900304e-16,
    "particle_position_x": 256016.2534041072,
    "particle_position_y": 255955.2756722792,
    "particle_position_z": 255979.3536929577,
    "particle_weight": 8e+21
  },
  "maxwell_juttner_parser": {
    "particle_cpu": 0.0,
    "particle_id": 1167759616000.0,
    "particle_momentum_x": 3.244003577912501e-16,
    "particle_momentum_y": 3.250401412760131e-16,
    "particle_momentum_z": 3.245149232761166e-16,
    "particle_position_x": 255982.1948847503,
    "particle_position_y": 255914.1205479481,
    "particle_position_z": 255998.1087893797,
    "particle_weight": 8e+21
  },
  "velocity_constant": {
    "particle_cpu": 0.0,
    "particle_id": 1429903616000.0,
    "particle_momentum_x": 3.525652955878835e-21,
    "particle_momentum_y": 2.854131883579881e-17,
    "particle_momentum_z": 3.529207116503112e-21,
    "particle_position_x": 256041.594025335,
    "particle_position_y": 255990.8024381017,
    "particle_position_z": 256058.6711995684,
    "particle_weight": 8e+21
  },
  "velocity_parser": {
    "particle_cpu": 0.0,
    "particle_id": 1692047616000.0,
    "particle_momentum_x": 3.527571570541855e-21,
    "particle_momentum_y": 2.85413213756175e-17,
    "particle_momentum_z": 3.524858765083303e-21,
    "particle_position_x": 256005.3295733187,
    "particle_position_y": 256024.073334694,
    "particle_position_z": 255884.2303468903,
    "particle_weight": 8e+21
  }
}