{
  "beam": {
    "particle_cpu": 0.0,
    "particle_id": 870239516445.0,
    "particle_momentum_x": 1.066085078522272e-16,
    "particle_momentum_y": 1.064372331532027e-16,
    "particle_momentum_z": 1.063883237669083e-16,
    "particle_position_x": 97497.0957699012,
    "particle_position_y": 97380.48655616719,
    "particle_position_z": 88417.35141517123,
    "particle_weight": 0.05958568790050153
  },
  "gaussian": {
    "particle_cpu": 0.0,
    "particle_id": 131072256000.0,
    "particle_momentum_x": 1.1148694854418736e-18,
    "particle_momentum_y": 1.1139504847073219e-18,
    "particle_momentum_z": 1.11450954619821e-18,
    "particle_position_x": 256080.8791703085,
    "particle_position_y": 255990.74838430836,
    "particle_position_z": 255985.3138786131,
    "particle_weight": 8e+21
  },
  "lev=0": {
    "Bx": 1.411222621553585e-11,
    "By": 2.258334671399399e-12,
    "Bz": 2.379032437349959e-12,
    "Ex": 109426.3571875975,
    "Ey": 2716330.77769139,
    "Ez": 106819.320245337,
    "jx": 201238927116.1266,
    "jy": 4995428025242.58,
    "jz": 196444494305.8196
  },
  "maxwell_boltzmann": {
    "particle_cpu": 0.0,
    "particle_id": 393216256000.0,
    "particle_momentum_x": 1.1174920939749821e-18,
    "particle_momentum_y": 1.1136299905175387e-18,
    "particle_momentum_z": 1.114502805331281e-18,
    "particle_position_x": 255953.32756914443,
    "particle_position_y": 256048.5390456779,
    "particle_position_z": 256000.64660200488,
    "particle_weight": 8e+21
  },
  "maxwell_juttner": {
    "particle_cpu": 0.0,
    "particle_id": 655360256000.0,
    "particle_momentum_x": 2.21325802726127e-16,
    "particle_momentum_y": 2.2167623692374692e-16,
    "particle_momentum_z": 2.2153818320139063e-16,
    "particle_position_x": 255924.63477257418,
    "particle_position_y": 255995.2040137927,
    "particle_position_z": 256042.56499674113,
    "particle_weight": 8e+21
  },
  "maxwell_juttner_parser": {
    "particle_cpu": 0.0,
    "particle_id": 1167764736000.0,
    "particle_momentum_x": 3.242817883572613e-16,
    "particle_momentum_y": 3.245387338927619e-16,
    "particle_momentum_z": 3.246644856136093e-16,
    "particle_position_x": 255967.2221831115,
    "particle_position_y": 256036.4568845847,
    "particle_position_z": 255986.5308899131,
    "particle_weight": 8e+21
  },
  "velocity_constant": {
    "particle_cpu": 0.0,
    "particle_id": 1429908736000.0,
    "particle_momentum_x": 3.526045822059592e-21,
    "particle_momentum_y": 2.854131148031289e-17,
    "particle_momentum_z": 3.531666869421488e-21,
    "particle_position_x": 256012.3036781399,
    "particle_position_y": 255980.140283523,
    "particle_position_z": 256049.7683679971,
    "particle_weight": 8e+21
  },
  "velocity_parser": {
    "particle_cpu": 0.0,
    "particle_id": 1692052736000.0,
    "particle_momentum_x": 3.531224348980847e-21,
    "particle_momentum_y": 2.854131325860369e-17,
    "particle_momentum_z": 3.52978902216827e-21,
    "particle_position_x": 256040.7708612103,
    "particle_position_y": 256037.3059362274,
    "particle_position_z": 256039.607363572,
    "particle_weight": 8e+21
  }
}