{
  "ions1": {
    "particle_cpu": 0.0,
    "particle_id": 10.0,
    "particle_momentum_x": 3.4560250353175993e-22,
    "particle_momentum_y": 3.4560250353175984e-22,
    "particle_momentum_z": 3.4560250353175984e-22,
    "particle_position_x": 0.0006978687369018108,
    "particle_position_y": 0.0006978687369018108,
    "particle_position_z": 0.0006978687369018108,
    "particle_weight": 4.0
  },
  "ions2": {
    "particle_cpu": 0.0,
    "particle_id": 26.0,
    "particle_momentum_x": 9.111625188610108e-22,
    "particle_momentum_y": 2.6720405907167684e-38,
    "particle_momentum_z": 7.887226656675249e-39,
    "particle_position_x": 0.4000131356596105,
    "particle_position_y": 0.4,
    "particle_position_z": 6.224455003219293e-21,
    "particle_weight": 4.0
  },
  "lev=0": {
    "Bx": 2.4965416478415196e-18,
    "By": 7.226345540139532e-18,
    "Bz": 6.589727729257929e-18,
    "Ex": 4.081415875738702e-09,
    "Ey": 2.249141819493597e-09,
    "Ez": 2.3782457691948812e-09,
    "jx": 7.70453839627336e-12,
    "jy": 2.1186997755360705e-12,
    "jz": 2.11869977553607e-12
  }
}