{
  "ions": {
    "particle_cpu": 0.0,
    "particle_id": 10.0,
    "particle_momentum_x": 3.4543674537834e-22,
    "particle_momentum_y": 3.4543674537834e-22,
    "particle_momentum_z": 3.4543674537834e-22,
    "particle_position_x": 0.0007674716512970589,
    "particle_position_y": 0.0007674716512970589,
    "particle_position_z": 0.0007674716512970589,
    "particle_weight": 4.0
  },
  "lev=0": {
    "Bx": 2.4336144568436922e-18,
    "By": 2.4336144568436926e-18,
    "Bz": 2.4336144568436922e-18,
    "Ex": 1.6697835433941938e-09,
    "Ey": 1.6697835433941938e-09,
    "Ez": 1.6697835433941938e-09,
    "jx": 2.117683603221036e-12,
    "jy": 2.117683603221036e-12,
    "jz": 2.117683603221036e-12
  }
}