{
  "ions1": {
    "particle_cpu": 0.0,
    "particle_id": 10.0,
    "particle_momentum_x": 3.4560250353184555e-22,
    "particle_momentum_y": 3.4560250353184555e-22,
    "particle_momentum_z": 3.4560250353184555e-22,
    "particle_position_x": 0.0006978687369019061,
    "particle_position_y": 0.0006978687369019061,
    "particle_position_z": 0.0006978687369019061,
    "particle_weight": 4.0
  },
  "ions2": {
    "particle_cpu": 0.0,
    "particle_id": 26.0,
    "particle_momentum_x": 9.111625188610108e-22,
    "particle_momentum_y": 0.0,
    "particle_momentum_z": 0.0,
    "particle_position_x": 0.4000131356596105,
    "particle_position_y": 0.4,
    "particle_position_z": 0.0,
    "particle_weight": 4.0
  },
  "ions3": {
    "particle_cpu": 0.0,
    "particle_id": 42.0,
    "particle_momentum_x": 6.943047764036734e-22,
    "particle_momentum_y": 6.943047764036734e-22,
    "particle_momentum_z": 6.943047764036734e-22,
    "particle_position_x": 0.000349793860769889,
    "particle_position_y": 0.000349793860769889,
    "particle_position_z": 0.000349793860769889,
    "particle_weight": 4.0
  },
  "ions4": {
    "particle_cpu": 0.0,
    "particle_id": 58.0,
    "particle_momentum_x": 1.8496124473858214e-21,
    "particle_momentum_y": 0.0,
    "particle_momentum_z": 0.0,
    "particle_position_x": 0.4000005258500433,
    "particle_position_y": 0.4,
    "particle_position_z": 0.0,
    "particle_weight": 4.0
  },
  "lev=0": {
    "Bx": 0.0,
    "By": 0.0,
    "Bz": 0.0,
    "Ex": 0.0,
    "Ey": 0.0,
    "Ez": 0.0,
    "jx": 0.0,
    "jy": 0.0,
    "jz": 0.0
  }
}
