{
  "electrons": {
    "particle_cpu": 184.0,
    "particle_id": 1300726794.0,
    "particle_momentum_x": 2.109735198203607e-17,
    "particle_momentum_y": 0.0,
    "particle_momentum_z": 1.7061960960279204e-17,
    "particle_position_x": 0.11060117510075951,
    "particle_position_y": 1.7038797728732886,
    "particle_weight": 3.0702532354579605e-09
  },
  "ions": {
    "particle_cpu": 0.0,
    "particle_id": 89142848.0,
    "particle_ionization_level": 52651.0,
    "particle_momentum_x": 3.586073239449067e-18,
    "particle_momentum_y": 0.0,
    "particle_momentum_z": 1.0432995298791797e-13,
    "particle_position_x": 0.021439915608916116,
    "particle_position_y": 0.4726767056871516,
    "particle_weight": 5.000948082142308e-10
  },
  "lev=0": {
    "Bx": 0.0,
    "By": 18263186.89822245,
    "Bz": 0.0,
    "Ex": 5473010981530852.0,
    "Ey": 0.0,
    "Ez": 924.2093948096151,
    "jx": 12440856390978.352,
    "jy": 0.0,
    "jz": 156080.00000114003
  }
}