{
  "lev=0": {
    "Bx": 0.0,
    "By": 18263123.342891,
    "Bz": 0.0,
    "Ex": 5472992180428804.0,
    "Ey": 0.0,
    "Ez": 922.5589707939612,
    "jx": 12440856508004.96,
    "jy": 0.0,
    "jz": 78616.0000011086
  },
  "electrons": {
    "particle_momentum_x": 2.1386770170623736e-17,
    "particle_momentum_y": 0.0,
    "particle_momentum_z": 1.7287241262743654e-17,
    "particle_position_x": 0.11064981928849067,
    "particle_position_y": 1.7121826057017473,
    "particle_weight": 3.0755014319061045e-09
  },
  "ions": {
    "particle_ionizationLevel": 52741.0,
    "particle_momentum_x": 3.630619728387593e-18,
    "particle_momentum_y": 0.0,
    "particle_momentum_z": 1.0432995297946715e-13,
    "particle_position_x": 0.021439968272741083,
    "particle_position_y": 0.4742770090248555,
    "particle_weight": 5.000948082142308e-10
  }
}