{
  "electrons": {
    "particle_cpu": 17886.0,
    "particle_id": 1440973250.0,
    "particle_momentum_x": 4.345383730592745e-18,
    "particle_momentum_y": 0.0,
    "particle_momentum_z": 2.6255247164666637e-18,
    "particle_position_x": 0.11067439437835992,
    "particle_position_y": 0.6395301140823729,
    "particle_weight": 3.45546875e-10
  },
  "ions": {
    "particle_cpu": 4864.0,
    "particle_id": 193800448.0,
    "particle_ionization_level": 72810.0,
    "particle_momentum_x": 1.73229610377399e-18,
    "particle_momentum_y": 0.0,
    "particle_momentum_z": 3.509872456624198e-23,
    "particle_position_x": 0.032000004532743265,
    "particle_position_y": 0.12800000460884142,
    "particle_weight": 9.999999999999999e-11
  },
  "lev=0": {
    "Bx": 0.0,
    "By": 26296286.46016179,
    "Bz": 0.0,
    "Ex": 7878018647090106.0,
    "Ey": 0.0,
    "Ez": 2740.9364504831315,
    "jx": 1.2111228466502686e+16,
    "jy": 0.0,
    "jz": 1.360852807841737e-07
  }
}