{
  "electrons": {
    "particle_cpu": 21628.0,
    "particle_id": 804944566.0,
    "particle_momentum_x": 4.407898469197755e-18,
    "particle_momentum_y": 0.0,
    "particle_momentum_z": 2.642991174223682e-18,
    "particle_position_x": 0.1095015206652257,
    "particle_position_y": 0.6413864600981052,
    "particle_weight": 3.443203125e-10
  },
  "ions": {
    "particle_cpu": 5888.0,
    "particle_id": 42547456.0,
    "particle_ionizationLevel": 72897.0,
    "particle_momentum_x": 1.761324005206226e-18,
    "particle_momentum_y": 0.0,
    "particle_momentum_z": 3.618696690270335e-23,
    "particle_position_x": 0.03199998819289686,
    "particle_position_y": 0.12800000462171646,
    "particle_weight": 9.999999999999999e-11
  },
  "lev=0": {
    "Bx": 0.0,
    "By": 26296568.43487075,
    "Bz": 0.0,
    "Ex": 7878103122973058.0,
    "Ey": 0.0,
    "Ez": 3027.995293554496,
    "jx": 1.2111358333819302e+16,
    "jy": 0.0,
    "jz": 1.346772722412443e-07
  }
}
