{
  "electrons": {
    "particle_cpu": 184.0,
    "particle_id": 1300726794.0,
    "particle_momentum_x": 2.104466565927705e-17,
    "particle_momentum_y": 0.0,
    "particle_momentum_z": 1.7277353083595162e-17,
    "particle_position_x": 0.1109554276292049,
    "particle_position_y": 1.710949071763551,
    "particle_weight": 3.0702525710937457e-09
  },
  "ions": {
    "particle_cpu": 0.0,
    "particle_id": 89142848.0,
    "particle_ionization_level": 52651.0,
    "particle_momentum_x": 3.586054549171425e-18,
    "particle_momentum_y": 0.0,
    "particle_momentum_z": 1.0432995298789921e-13,
    "particle_position_x": 0.021439915649144256,
    "particle_position_y": 0.47267660340600026,
    "particle_weight": 5.000946999999993e-10
  },
  "lev=0": {
    "Bx": 0.0,
    "By": 18262982.962129913,
    "Bz": 0.0,
    "Ex": 5472946208913371.0,
    "Ey": 0.0,
    "Ez": 949.0505914264188,
    "jx": 12255073026608.574,
    "jy": 0.0,
    "jz": 93304.00000112315
  }
}