{
  "electrons": {
    "particle_cpu": 21621.0,
    "particle_id": 807671229.0,
    "particle_momentum_x": 4.430889492774030e-18,
    "particle_momentum_y": 0.0,
    "particle_momentum_z": 2.666121148895218e-18,
    "particle_position_x": 0.11023109550208991,
    "particle_position_y": 0.6440160066398601,
    "particle_weight": 3.454453125e-10
  },
  "ions": {
    "particle_cpu": 5888.0,
    "particle_id": 42547456.0,
    "particle_ionization_level": 72896.0,
    "particle_momentum_x": 1.7611825794527892e-18,
    "particle_momentum_y": 0.0,
    "particle_momentum_z": 3.6184756635148216e-23,
    "particle_position_x": 0.03199998869821981,
    "particle_position_y": 0.1280000046215487,
    "particle_weight": 9.999999999999999e-11
  },
  "lev=0": {
    "Bx": 0.0,
    "By": 26296286.46016179,
    "Bz": 0.0,
    "Ex": 7878018647090106.0,
    "Ey": 0.0,
    "Ez": 4192.9182796341565,
    "jx": 1.2111228466502686e+16,
    "jy": 0.0,
    "jz": 1.361603066206671e-07
  }
}
