{
  "electrons": {
    "particle_momentum_x": 2.137334032699983e-17,
    "particle_momentum_y": 0.0,
    "particle_momentum_z": 1.729179869336611e-17,
    "particle_position_x": 0.11036860836114047,
    "particle_position_y": 1.7121959960266107,
    "particle_weight": 3.075501431906104e-09
  },
  "ions": {
    "particle_ionizationLevel": 52741.0,
    "particle_momentum_x": 3.63061972838759e-18,
    "particle_momentum_y": 0.0,
    "particle_momentum_z": 1.0432995297946715e-13,
    "particle_position_x": 0.021440031727258925,
    "particle_position_y": 0.4742770090248555,
    "particle_weight": 5.000948082142308e-10
  },
  "lev=0": {
    "Bx": 0.0,
    "By": 18263123.342890996,
    "Bz": 0.0,
    "Ex": 5472992180428804.0,
    "Ey": 0.0,
    "Ez": 922.6036749671132,
    "jx": 12440856508004.96,
    "jy": 0.0,
    "jz": 78616.00000110848
  }
}
