{
  "electrons": {
    "particle_cpu": 4096.0,
    "particle_id": 17305600.0,
    "particle_momentum_x": 9.644396026830158e-21,
    "particle_position_x": 0.08204530226882412,
    "particle_position_y": 0.08191999774862779,
    "particle_weight": 7999999359057920.0
  },
  "lev=0": {
    "Ex": 5668329956198.98,
    "jx": 5417945077121024.0
  }
}