{
  "electrons": {
    "particle_cpu": 131072.0,
    "particle_id": 18862440448.0,
    "particle_momentum_x": 1.0235457651177231e-19,
    "particle_position_x": 2.6214400000000015,
    "particle_position_y": 2.621440000000001,
    "particle_position_z": 2.6214400000000007,
    "particle_weight": 128000000000.00002
  },
  "lev=0": {
    "Bx": 43.58959128841726,
    "By": 43.58959128845407,
    "Bz": 43.58959128844326,
    "Ex": 82098136380245.67,
    "Ey": 82098136380245.7,
    "Ez": 82098136380245.75,
    "jx": 6.641761091006949e+16,
    "jy": 6.641761091006948e+16,
    "jz": 6.641761091006947e+16,
    "part_per_cell": 524288.0,
    "rho": 683614940.4789573
  },
  "positrons": {
    "particle_cpu": 131072.0,
    "particle_id": 56518901760.0,
    "particle_momentum_z": 1.0235457651177228e-19,
    "particle_position_x": 2.6214400000000015,
    "particle_position_y": 2.621440000000001,
    "particle_position_z": 2.6214400000000007
  }
}