{
  "lev=0": {
    "Bx": 0.0,
    "By": 5.710076874372851,
    "Bz": 0.0,
    "Ex": 3791062067310.9717,
    "Ey": 0.0,
    "Ez": 3791062067310.971,
    "jx": 1.009374100825966e+16,
    "jy": 0.0,
    "jz": 1.009374100825966e+16
  }
}
