{
  "electrons": {
    "particle_cpu": 32768.0,
    "particle_id": 1123057664.0,
    "particle_momentum_x": 4.2409233886523047e-20,
    "particle_momentum_y": 0.0,
    "particle_momentum_z": 4.239636641708783e-20,
    "particle_position_x": 0.6553604498033957,
    "particle_position_y": 0.6553602617123965,
    "particle_weight": 3200000000000000.5
  },
  "lev=0": {
    "Bx": 0.0,
    "By": 29.033843714475076,
    "Bz": 0.0,
    "Ex": 7575734617759.523,
    "Ey": 0.0,
    "Ez": 7575399948801.469,
    "jx": 7296519320465208.0,
    "jy": 0.0,
    "jz": 7297090426947096.0
  },
  "lev=1": {
    "Bx": 0.0,
    "By": 71.46369739075365,
    "Bz": 0.0,
    "Ex": 4602033610493.496,
    "Ey": 0.0,
    "Ez": 7017735833493.598,
    "jx": 4492590664379721.0,
    "jy": 0.0,
    "jz": 6825856952745953.0
  },
  "positrons": {
    "particle_cpu": 32768.0,
    "particle_id": 3371204608.0,
    "particle_momentum_x": 4.240515207391037e-20,
    "particle_momentum_y": 0.0,
    "particle_momentum_z": 4.2396984750798293e-20,
    "particle_position_x": 0.6553601899702647,
    "particle_position_y": 0.6553597467035968,
    "particle_weight": 3200000000000000.5
  }
}