{
  "electrons": {
    "particle_Ex": 85798181535155.78,
    "particle_Ey": 85798181535159.2,
    "particle_Ez": 85798181535159.25,
    "particle_cpu": 0.0,
    "particle_id": 37409652736.0,
    "particle_momentum_x": 9.461018495725479e-20,
    "particle_momentum_y": 9.461018495725402e-20,
    "particle_momentum_z": 9.461018495725408e-20,
    "particle_position_x": 2.6214400000000015,
    "particle_position_y": 2.621440000000001,
    "particle_position_z": 2.621440000000001,
    "particle_weight": 128000000000.00002
  },
  "lev=0": {
    "Ex": 85809375856475.69,
    "Ey": 85809375856479.08,
    "Ez": 85809375856479.17,
    "divE": 8.04458671782631e+19,
    "jx": 5.9188966007025704e+16,
    "jy": 5.9188966007024776e+16,
    "jz": 5.918896600702455e+16,
    "part_per_cell": 524288.0,
    "rho": 712693817.1195779
  },
  "positrons": {
    "particle_Ex": 85798181535155.78,
    "particle_Ey": 85798181535159.2,
    "particle_Ez": 85798181535159.25,
    "particle_cpu": 0.0,
    "particle_id": 112722575360.0,
    "particle_momentum_x": 9.461018495725479e-20,
    "particle_momentum_y": 9.461018495725402e-20,
    "particle_momentum_z": 9.461018495725408e-20,
    "particle_position_x": 2.6214400000000015,
    "particle_position_y": 2.621440000000001,
    "particle_position_z": 2.621440000000001,
    "particle_weight": 128000000000.00002
  }
}