{
  "lev=0": {
    "Bx": 0.0,
    "By": 5.418007582202296,
    "Bz": 0.0,
    "Ex": 3794257892475.0493,
    "Ey": 0.0,
    "Ez": 3793548002464.658,
    "jx": 1.0093614473611184e+16,
    "jy": 0.0,
    "jz": 1.0092872970278684e+16
  }
}