{
  "electrons": {
    "particle_cpu": 32768.0,
    "particle_id": 1123057664.0,
    "particle_momentum_x": 5.668405755154385e-20,
    "particle_momentum_y": 0.0,
    "particle_momentum_z": 5.668405755154385e-20,
    "particle_position_x": 0.65536,
    "particle_position_y": 0.65536,
    "particle_weight": 3200000000000000.5
  },
  "lev=0": {
    "Bx": 0.0,
    "By": 5.794358378190367,
    "Bz": 0.0,
    "Ex": 3756099179759.144,
    "Ey": 0.0,
    "Ez": 3756099179759.1514,
    "jx": 1.0112802234214232e+16,
    "jy": 0.0,
    "jz": 1.0112802234214232e+16
  },
  "positrons": {
    "particle_cpu": 32768.0,
    "particle_id": 3371204608.0,
    "particle_momentum_x": 5.668405755154385e-20,
    "particle_momentum_y": 0.0,
    "particle_momentum_z": 5.668405755154385e-20,
    "particle_position_x": 0.65536,
    "particle_position_y": 0.65536,
    "particle_weight": 3200000000000000.5
  }
}