{
  "electrons": {
    "particle_momentum_x": 4.244331469283422e-20,
    "particle_momentum_y": 0.0,
    "particle_momentum_z": 4.244331469283411e-20,
    "particle_position_x": 0.655360445407094,
    "particle_position_y": 0.6553604454070939,
    "particle_weight": 3200000000000000.5
  },
  "lev=0": {
    "Bx": 0.0,
    "By": 34.880237093101385,
    "Bz": 0.0,
    "Ex": 7573738411730.345,
    "Ey": 0.0,
    "Ez": 7573738411730.373,
    "jx": 7301940679621768.0,
    "jy": 0.0,
    "jz": 7301940679621819.0
  },
  "lev=1": {
    "Bx": 0.0,
    "By": 663.9253192035617,
    "Bz": 0.0,
    "Ex": 7599937806859.2,
    "Ey": 0.0,
    "Ez": 7599937806859.211,
    "jx": 7111706209199148.0,
    "jy": 0.0,
    "jz": 7111706209199176.0
  },
  "positrons": {
    "particle_momentum_x": 4.24387817954511e-20,
    "particle_momentum_y": 0.0,
    "particle_momentum_z": 4.243878179545099e-20,
    "particle_position_x": 0.6553597738022557,
    "particle_position_y": 0.6553597738022557,
    "particle_weight": 3200000000000000.5
  }
}