{
  "electrons": {
    "particle_cpu": 32768.0,
    "particle_id": 1123057664.0,
    "particle_momentum_x": 4.2362974799075715e-20,
    "particle_momentum_y": 0.0,
    "particle_momentum_z": 4.2362974818601834e-20,
    "particle_position_x": 0.6553603056279188,
    "particle_position_y": 0.6553603056279399,
    "particle_weight": 3200000000000000.5
  },
  "lev=0": {
    "Bx": 0.0,
    "By": 49.400846503194956,
    "Bz": 0.0,
    "Ex": 7590421951518.164,
    "Ey": 0.0,
    "Ez": 7590421950277.463,
    "jx": 7279591576517866.0,
    "jy": 0.0,
    "jz": 7279591579334755.0
  },
  "lev=1": {
    "Bx": 0.0,
    "By": 564.3980303336011,
    "Bz": 0.0,
    "Ex": 7563548313704.213,
    "Ey": 0.0,
    "Ez": 7563548287845.812,
    "jx": 6584893500547710.0,
    "jy": 0.0,
    "jz": 6584893531174318.0
  },
  "positrons": {
    "particle_cpu": 32768.0,
    "particle_id": 3371204608.0,
    "particle_momentum_x": 4.236433706251501e-20,
    "particle_momentum_y": 0.0,
    "particle_momentum_z": 4.23643370757891e-20,
    "particle_position_x": 0.6553599973488732,
    "particle_position_y": 0.6553599973488947,
    "particle_weight": 3200000000000000.5
  }
}