{
  "electrons": {
    "particle_momentum_x": 9.486490520877214e-20,
    "particle_position_x": 2.6214400000000015,
    "particle_position_y": 2.621440000000001,
    "particle_position_z": 2.621439999999999,
    "particle_weight": 128000000000.00002
  },
  "lev=0": {
    "Bx": 49.414379679192656,
    "By": 49.41437967924182,
    "Bz": 49.414379679240994,
    "Ex": 85395352433806.56,
    "Ey": 85395352433806.55,
    "Ez": 85395352433806.55,
    "jx": 5.951761255184209e+16,
    "jy": 5.9517612551842136e+16,
    "jz": 5.9517612551842136e+16,
    "part_per_cell": 524288.0,
    "rho": 708724094.2222894
  },
  "positrons": {
    "particle_momentum_z": 9.486490520877224e-20,
    "particle_position_x": 2.6214400000000015,
    "particle_position_y": 2.621440000000001,
    "particle_position_z": 2.621439999999999
  }
}