{
  "electrons": {
    "particle_cpu": 0.0,
    "particle_id": 2229305344.0,
    "particle_momentum_x": 5.666931671326272e-20,
    "particle_momentum_y": 0.0,
    "particle_momentum_z": 5.666931671326268e-20,
    "particle_position_x": 0.65536,
    "particle_position_y": 0.6553600000000002,
    "particle_weight": 3200000000000000.5
  },
  "lev=0": {
    "Ex": 3763881763704.428,
    "Ey": 0.0,
    "Ez": 3763881763704.423,
    "divE": 2.3653328878760044e+18,
    "jx": 1.0113157835869906e+16,
    "jy": 0.0,
    "jz": 1.0113157835869896e+16,
    "part_per_cell": 131072.0,
    "rho": 20943101.629046604
  },
  "positrons": {
    "particle_cpu": 0.0,
    "particle_id": 6725599232.0,
    "particle_momentum_x": 5.666931671326272e-20,
    "particle_momentum_y": 0.0,
    "particle_momentum_z": 5.666931671326268e-20,
    "particle_position_x": 0.65536,
    "particle_position_y": 0.65536,
    "particle_weight": 3200000000000000.5
  }
}