{
  "lev=0": {
    "Bx": 21.47444028922333,
    "By": 21.474440289223587,
    "Bz": 21.474440289224212,
    "Ex": 83001445259343.27,
    "Ey": 83001445259343.27,
    "Ez": 83001445259343.25,
    "jx": 6.343744702145519e+16,
    "jy": 6.343744702145522e+16,
    "jz": 6.343744702145522e+16,
    "part_per_cell": 0.0,
    "rho": 694768924.4155779
  }
}

