{
  "electrons": {
    "particle_cpu": 4096.0,
    "particle_id": 17305600.0,
    "particle_momentum_x": 9.644396145159293e-21,
    "particle_position_x": 0.08204530174829472,
    "particle_position_y": 0.08191999850896536,
    "particle_weight": 7999999359057920.0
  },
  "lev=0": {
    "Ex": 5668330051495.946,
    "jx": 5417945120899072.0
  }
}