{
  "electrons": {
    "particle_cpu": 131072.0,
    "particle_id": 18862440448.0,
    "particle_momentum_x": 9.320946076473149e-20,
    "particle_position_x": 2.621440000001092,
    "particle_position_y": 2.621440000001092,
    "particle_position_z": 2.62144,
    "particle_weight": 128000000000.00002
  },
  "lev=0": {
    "Bx": 15.08683235643132,
    "By": 15.086832354582613,
    "Bz": 15.08865435829179,
    "Ex": 86081132569285.61,
    "Ey": 86081132569285.25,
    "Ez": 86081129790492.31,
    "jx": 5.859963709146216e+16,
    "jy": 5.859963709146176e+16,
    "jz": 5.859963721500062e+16,
    "part_per_cell": 524288.0,
    "rho": 720713532.3806039
  },
  "positrons": {
    "particle_cpu": 131072.0,
    "particle_id": 56518901760.0,
    "particle_momentum_z": 9.320946065812051e-20,
    "particle_position_x": 2.621440000001092,
    "particle_position_y": 2.621440000001092,
    "particle_position_z": 2.62144
  }
}