{
  "electrons": {
    "particle_cpu": 0.0,
    "particle_id": 1815005440.0,
    "particle_momentum_x": 1.2741448731796661e-20,
    "particle_momentum_y": 1.274790997493996e-20,
    "particle_momentum_z": 2.7886526133280585e-20,
    "particle_position_x": 0.5290000916698215,
    "particle_position_y": 0.5888000000000001,
    "particle_theta": 92606.42261144848,
    "particle_weight": 81147583679.15044
  },
  "ions": {
    "particle_cpu": 0.0,
    "particle_id": 5475928320.0,
    "particle_momentum_x": 9.4687959061673e-22,
    "particle_momentum_y": 9.505776869421692e-22,
    "particle_momentum_z": 1.917718750775017e-21,
    "particle_position_x": 0.529000009636749,
    "particle_position_y": 0.5888000000000001,
    "particle_theta": 92621.92887164818,
    "particle_weight": 81147583679.15044
  },
  "lev=0": {
    "By": 3.386053031281463,
    "Ex": 462288769316.2815,
    "Ez": 654504840959.0023,
    "divE": 4.0083089129836794e+17,
    "jx": 893199594371615.9,
    "jz": 1241183633978861.8,
    "rho": 3549015.5625580265
  }
}