{
  "electrons": {
    "particle_cpu": 131072.0,
    "particle_id": 18862440448.0,
    "particle_momentum_x": 9.520485222844096e-20,
    "particle_position_x": 2.6214400000233367,
    "particle_position_y": 2.6214400000233367,
    "particle_position_z": 2.6214400000000007,
    "particle_weight": 128000000000.00002
  },
  "lev=0": {
    "Bx": 78.90261993791174,
    "By": 78.9026199379456,
    "Bz": 78.9041393998447,
    "Ex": 84580428018688.9,
    "Ey": 84580428018688.72,
    "Ez": 84580441923246.17,
    "F": 685.6927382677728,
    "G": 31.699205984983358,
    "divE": 7.941849110204678e+19,
    "jx": 6.007457695701312e+16,
    "jy": 6.007457695701315e+16,
    "jz": 6.007453636158106e+16,
    "part_per_cell": 524288.0,
    "rho": 705198439.2596253
  },
  "positrons": {
    "particle_cpu": 131072.0,
    "particle_id": 56518901760.0,
    "particle_momentum_z": 9.520479438980039e-20,
    "particle_position_x": 2.6214400000233367,
    "particle_position_y": 2.6214400000233358,
    "particle_position_z": 2.62144
  }
}