{
  "lev=0": {
    "Bt": 3.64571737083816,
    "Er": 1300317001574.1577,
    "Ez": 1815076954086.807,
    "jr": 244937533603400.0,
    "jz": 342537403264912.5,
    "rho": 10096982.130957149
  }
}