{
  "lev=0": {
    "Bt": 3.6658736482615084,
    "Er": 1291860970912.8713,
    "Ez": 1803305339627.8105,
    "jr": 251353599346014.44,
    "jz": 347791007085223.2,
    "rho": 10077379.888783328
  }
}