{
  "electrons": {
    "particle_cpu": 131072.0,
    "particle_id": 18270519296.0,
    "particle_momentum_x": 9.638190038567394e-20,
    "particle_position_x": 2.621439945236091,
    "particle_position_y": 2.6214399563523614,
    "particle_position_z": 2.621439956304812,
    "particle_weight": 127999991808.0
  },
  "lev=0": {
    "Bx": 14.48676500327366,
    "By": 25.497343310142455,
    "Bz": 25.49186985377491,
    "Ex": 84779692998503.0,
    "Ey": 84778783600995.75,
    "Ez": 84778763578015.0,
    "jx": 6.087711623376877e+16,
    "jy": 6.087565247419194e+16,
    "jz": 6.087569917678931e+16,
    "part_per_cell": 524288.0,
    "rho": 702976066.7402344
  },
  "positrons": {
    "particle_cpu": 131072.0,
    "particle_id": 54811295744.0,
    "particle_momentum_z": 9.638099798267982e-20,
    "particle_position_x": 2.6214399441530816,
    "particle_position_y": 2.621439956467526,
    "particle_position_z": 2.6214399562612414
  }
}
