{
  "electrons": {
    "particle_cpu": 32768.0,
    "particle_id": 1123057664.0,
    "particle_momentum_x": 5.668407615011501e-20,
    "particle_momentum_y": 0.0,
    "particle_momentum_z": 5.668407615011504e-20,
    "particle_position_x": 0.65536,
    "particle_position_y": 0.65536,
    "particle_weight": 3200000000000000.5
  },
  "lev=0": {
    "Ex": 3756106681990.532,
    "Ey": 0.0,
    "Ez": 3756106681990.536,
    "jx": 1.0112805793532342e+16,
    "jy": 0.0,
    "jz": 1.0112805793532346e+16,
    "part_per_cell": 131072.0
  },
  "positrons": {
    "particle_cpu": 32768.0,
    "particle_id": 3371204608.0,
    "particle_momentum_x": 5.66840761501149e-20,
    "particle_momentum_y": 0.0,
    "particle_momentum_z": 5.668407615011494e-20,
    "particle_position_x": 0.65536,
    "particle_position_y": 0.6553600000000002,
    "particle_weight": 3200000000000000.5
  }
}