{
  "lev=0": {
    "Ez": 123800955435.34113,
    "jz": 48549120883314.95,
    "rho": 344287.52714783745
  }
}