{
  "electrons": {
    "particle_momentum_x": 5.663705661977914e-20,
    "particle_momentum_y": 0.0,
    "particle_momentum_z": 5.663705661977915e-20,
    "particle_position_x": 0.65536,
    "particle_position_y": 0.6553599999999999,
    "particle_weight": 3200000000000000.5
  },
  "lev=0": {
    "Ex": 3771082811318.298,
    "Ey": 0.0,
    "Ez": 3771082811318.301,
    "jx": 1.009365330460902e+16,
    "jy": 0.0,
    "jz": 1.009365330460902e+16,
    "part_per_cell": 131072.0
  },
  "positrons": {
    "particle_momentum_x": 5.663705661977916e-20,
    "particle_momentum_y": 0.0,
    "particle_momentum_z": 5.663705661977916e-20,
    "particle_position_x": 0.65536,
    "particle_position_y": 0.65536,
    "particle_weight": 3200000000000000.5
  }
}