{
  "electrons": {
    "particle_cpu": 0.0,
    "particle_id": 37409652736.0,
    "particle_momentum_x": 9.427560628857219e-20,
    "particle_position_x": 2.6214400000000015,
    "particle_position_y": 2.621440000000001,
    "particle_position_z": 2.6214400000000007,
    "particle_weight": 128000000000.00002
  },
  "lev=0": {
    "Bx": 17.499962450597717,
    "By": 17.49996245066815,
    "Bz": 17.49996245067805,
    "Ex": 85654801282823.56,
    "Ey": 85654801282823.42,
    "Ez": 85654801282823.39,
    "divE": 8.073511503598928e+19,
    "jx": 5.898369386936786e+16,
    "jy": 5.898369386936582e+16,
    "jz": 5.898369386936586e+16,
    "part_per_cell": 524288.0,
    "rho": 714843871.6166623
  },
  "positrons": {
    "particle_cpu": 0.0,
    "particle_id": 112722575360.0,
    "particle_momentum_z": 9.4275606288572e-20,
    "particle_position_x": 2.6214400000000015,
    "particle_position_y": 2.621440000000001,
    "particle_position_z": 2.6214400000000007
  }
}