{
  "electrons": {
    "particle_cpu": 131072.0,
    "particle_id": 18862440448.0,
    "particle_momentum_x": 9.532953321719558e-20,
    "particle_position_x": 2.621439996636608,
    "particle_position_y": 2.621439996636606,
    "particle_position_z": 2.6214399999999993,
    "particle_weight": 128000000000.00002
  },
  "lev=0": {
    "Bx": 79.26325953148273,
    "By": 79.26325953147854,
    "Bz": 79.09356799020051,
    "Ex": 84589904341766.6,
    "Ey": 84589904341766.48,
    "Ez": 84581372706994.72,
    "F": 503.2903512128962,
    "G": 1.508623166040128e-15,
    "divE": 7.943221215047454e+19,
    "jx": 6.016010394773479e+16,
    "jy": 6.016010394773482e+16,
    "jz": 6.016606080268459e+16,
    "part_per_cell": 524288.0,
    "rho": 704935552.2253101
  },
  "positrons": {
    "particle_cpu": 131072.0,
    "particle_id": 56518901760.0,
    "particle_momentum_z": 9.533739259486354e-20,
    "particle_position_x": 2.6214399957776746,
    "particle_position_y": 2.6214399957776737,
    "particle_position_z": 2.62144
  }
}
