{
  "lev=0": {
    "Bt": 3.6457194393735373,
    "Er": 1300322180043.2175,
    "Ez": 1815074763735.2568,
    "jr": 244937816184330.84,
    "jz": 342539612747792.9,
    "rho": 10097004.489161912
  }
}