{
  "electrons": {
    "particle_cpu": 0.0,
    "particle_id": 37409652736.0,
    "particle_momentum_x": 9.585443561416955e-20,
    "particle_position_x": 2.6214400000000015,
    "particle_position_y": 2.621440000000001,
    "particle_position_z": 2.6214400000000007,
    "particle_weight": 128000000000.00002
  },
  "lev=0": {
    "Bx": 11.867039021156515,
    "By": 11.867039023030747,
    "Bz": 11.86703902301321,
    "Ex": 85001549445049.31,
    "Ey": 85001549445049.1,
    "Ez": 85001549445049.03,
    "divE": 7.973211894673711e+19,
    "jx": 6.039975327566508e+16,
    "jy": 6.0399753275670344e+16,
    "jz": 6.0399753275670344e+16,
    "part_per_cell": 524288.0,
    "rho": 705963155.8669195
  },
  "positrons": {
    "particle_cpu": 0.0,
    "particle_id": 112722575360.0,
    "particle_momentum_z": 9.585443561417127e-20,
    "particle_position_x": 2.6214400000000015,
    "particle_position_y": 2.621440000000001,
    "particle_position_z": 2.6214400000000007
  }
}