{
  "electrons": {
    "particle_momentum_x": 3.502576717735575e-36,
    "particle_momentum_y": 1.995710600103566e-20,
    "particle_momentum_z": 2.781227135136397e-20,
    "particle_position_x": 0.5289997910724913,
    "particle_position_y": 0.5888,
    "particle_theta": 92488.48772168353,
    "particle_weight": 81147583679.15044
  },
  "ions": {
    "particle_momentum_x": 2.4000043922654972e-36,
    "particle_momentum_y": 1.5421720860618713e-21,
    "particle_momentum_z": 1.9917112673345277e-21,
    "particle_position_x": 0.529000009838682,
    "particle_position_y": 0.5888000000000001,
    "particle_theta": 92488.48772168353,
    "particle_weight": 81147583679.15044
  },
  "lev=0": {
    "Bt": 6.6384663612246975,
    "Er": 482850037231.6161,
    "Ez": 665616861726.1179,
    "jr": 894824890894164.5,
    "jz": 1250754371134109.2
  }
}
