{
  "lev=0": {
    "Bt": 3.644492841572288,
    "Er": 1300698807250.251,
    "Ez": 1815483750979.4167,
    "jr": 244812925709003.62,
    "jz": 342569676788534.8,
    "rho": 10096604.380927788
  }
}
