{
  "electrons": {
    "particle_cpu": 131072.0,
    "particle_id": 18862440448.0,
    "particle_momentum_x": 9.520485222844096e-20,
    "particle_position_x": 2.6214400000233367,
    "particle_position_y": 2.6214400000233367,
    "particle_position_z": 2.6214400000000007,
    "particle_weight": 128000000000.00002
  },
  "lev=0": {
    "Bx": 78.90261993791012,
    "By": 78.90261993794903,
    "Bz": 78.9041393998435,
    "Ex": 84580428018688.97,
    "Ey": 84580428018688.73,
    "Ez": 84580441923246.2,
    "F": 685.6927382678912,
    "divE": 7.94184911020468e+19,
    "jx": 6.007457695701311e+16,
    "jy": 6.007457695701312e+16,
    "jz": 6.007453636158103e+16,
    "part_per_cell": 524288.0,
    "rho": 705198439.2596256
  },
  "positrons": {
    "particle_cpu": 131072.0,
    "particle_id": 56518901760.0,
    "particle_momentum_z": 9.520479438980041e-20,
    "particle_position_x": 2.6214400000233367,
    "particle_position_y": 2.6214400000233358,
    "particle_position_z": 2.62144
  }
}
