{
  "lev=0": {
    "Bx": 20.81429955131731,
    "By": 20.814299551317706,
    "Bz": 20.81429955131831,
    "Ex": 82994788018449.1,
    "Ey": 82994788018449.06,
    "Ez": 82994788018449.06,
    "jx": 6.343089945138789e+16,
    "jy": 6.343089945138789e+16,
    "jz": 6.343089945138789e+16,
    "part_per_cell": 0.0,
    "rho": 694435082.3752034
  }
}