{
  "electrons": {
    "particle_cpu": 131072.0,
    "particle_id": 18862440448.0,
    "particle_momentum_x": 9.320505021180255e-20,
    "particle_position_x": 2.6214400000000015,
    "particle_position_y": 2.621440000000001,
    "particle_position_z": 2.62144,
    "particle_weight": 128000000000.00002
  },
  "lev=0": {
    "Bx": 17.676894813109854,
    "By": 17.676894813153126,
    "Bz": 17.676894813151755,
    "Ex": 86079763484213.75,
    "Ey": 86079763484213.8,
    "Ez": 86079763484213.8,
    "jx": 5.8033819010902744e+16,
    "jy": 5.803381901090282e+16,
    "jz": 5.80338190109028e+16,
    "part_per_cell": 524288.0,
    "rho": 720713352.0721645
  },
  "positrons": {
    "particle_cpu": 131072.0,
    "particle_id": 56518901760.0,
    "particle_momentum_z": 9.320505021180262e-20,
    "particle_position_x": 2.6214400000000015,
    "particle_position_y": 2.621440000000001,
    "particle_position_z": 2.62144
  }
}