{
  "electrons": {
    "particle_momentum_x": 9.585539139113931e-20,
    "particle_position_x": 2.6214399997952404,
    "particle_position_y": 2.621439999795239,
    "particle_position_z": 2.621439999795239,
    "particle_weight": 128000000000.00002
  },
  "lev=0": {
    "Ex": 85001114888425.12,
    "Ey": 85001114888425.75,
    "Ez": 85001114888425.73,
    "divE": 7.973210305462547e+19,
    "jx": 6.040069098010597e+16,
    "jy": 6.040069098010587e+16,
    "jz": 6.0400690980105864e+16,
    "part_per_cell": 524288.0,
    "rho": 705963001.725649
  },
  "positrons": {
    "particle_momentum_z": 9.585539139113883e-20,
    "particle_position_x": 2.62143999979524,
    "particle_position_y": 2.621439999795239,
    "particle_position_z": 2.62143999979524
  }
}