{
  "electrons": {
    "particle_momentum_x": 4.3730010427114295e-36,
    "particle_momentum_y": 1.9957106001035642e-20,
    "particle_momentum_z": 2.781227135136402e-20,
    "particle_position_x": 0.5289997910724913,
    "particle_position_y": 0.5888,
    "particle_theta": 92488.48772168353,
    "particle_weight": 81147583679.15044
  },
  "ions": {
    "particle_momentum_x": 2.9678530112263775e-36,
    "particle_momentum_y": 1.54217208606189e-21,
    "particle_momentum_z": 1.9917112673345013e-21,
    "particle_position_x": 0.529000009838682,
    "particle_position_y": 0.5888000000000001,
    "particle_theta": 92488.48772168353,
    "particle_weight": 81147583679.15044
  },
  "lev=0": {
    "Bt": 6.638466361226511,
    "Er": 482850037231.614,
    "Ez": 665616861726.1189,
    "jr": 894824890894163.6,
    "jz": 1250754371134112.0
  }
}
