{
  "lev=0": {
    "Bx": 0.0,
    "By": 5.643766795744529,
    "Bz": 0.0,
    "Ex": 3755919890053.9478,
    "Ey": 0.0,
    "Ez": 3755919890053.94,
    "jx": 1.0098320237742228e+16,
    "jy": 0.0,
    "jz": 1.0098320237742228e+16
  },
  "electrons": {
    "particle_momentum_x": 5.673844271415308e-20,
    "particle_momentum_y": 0.0,
    "particle_momentum_z": 5.673844271415309e-20,
    "particle_position_x": 0.6553599999189852,
    "particle_position_y": 0.6553599999189853,
    "particle_weight": 3200000000000000.5
  },
  "positrons": {
    "particle_momentum_x": 5.673844271415328e-20,
    "particle_momentum_y": 0.0,
    "particle_momentum_z": 5.673844271415328e-20,
    "particle_position_x": 0.6553599999189843,
    "particle_position_y": 0.6553599999189843,
    "particle_weight": 3200000000000000.5
  }
}

