{
  "electrons": {
    "particle_cpu": 0.0,
    "particle_id": 2229305344.0,
    "particle_momentum_x": 5.666980218773246e-20,
    "particle_momentum_y": 0.0,
    "particle_momentum_z": 5.66698021877323e-20,
    "particle_position_x": 0.65536,
    "particle_position_y": 0.6553600000000002,
    "particle_weight": 3200000000000000.5
  },
  "lev=0": {
    "Ex": 3763864532041.7837,
    "Ey": 0.0,
    "Ez": 3763864532041.777,
    "divE": 2.365332859885103e+18,
    "jx": 1.0112650576084216e+16,
    "jy": 0.0,
    "jz": 1.0112650576084088e+16,
    "part_per_cell": 131072.0,
    "rho": 20943101.381210998
  },
  "positrons": {
    "particle_cpu": 0.0,
    "particle_id": 6725599232.0,
    "particle_momentum_x": 5.666980218773246e-20,
    "particle_momentum_y": 0.0,
    "particle_momentum_z": 5.66698021877323e-20,
    "particle_position_x": 0.65536,
    "particle_position_y": 0.6553600000000002,
    "particle_weight": 3200000000000000.5
  }
}