{
  "lev=0": {
    "Bx": 20.78055731366357,
    "By": 20.78055731366392,
    "Bz": 20.780557313663884,
    "Ex": 82994719798454.6,
    "Ey": 82994719798454.6,
    "Ez": 82994719798454.6,
    "jx": 6.343086467275172e+16,
    "jy": 6.343086467275172e+16,
    "jz": 6.343086467275172e+16,
    "part_per_cell": 0.0,
    "rho": 694351458.1753052
  }
}