{
  "electrons": {
    "particle_cpu": 0.0,
    "particle_id": 37409652736.0,
    "particle_momentum_x": 1.00232050649676e-19,
    "particle_position_x": 2.6214400000000015,
    "particle_position_y": 2.621440000000001,
    "particle_position_z": 2.6214399999999998,
    "particle_weight": 128000000000.00002
  },
  "lev=0": {
    "Bx": 42.20120083081781,
    "By": 42.2012008308814,
    "Bz": 42.20120083085961,
    "Ex": 83061183374345.34,
    "Ey": 83061183374346.73,
    "Ez": 83061183374346.77,
    "divE": 7.835688427781292e+19,
    "jx": 6.447935443546955e+16,
    "jy": 6.447935443546366e+16,
    "jz": 6.4479354435463656e+16,
    "part_per_cell": 524288.0,
    "rho": 693786569.8216021
  },
  "positrons": {
    "particle_cpu": 0.0,
    "particle_id": 112722575360.0,
    "particle_momentum_z": 1.002320506496729e-19,
    "particle_position_x": 2.6214400000000015,
    "particle_position_y": 2.621440000000001,
    "particle_position_z": 2.6214399999999998
  }
}