{
  "electrons": {
    "particle_cpu": 0.0,
    "particle_id": 2229305344.0,
    "particle_momentum_x": 5.658197625002215e-20,
    "particle_momentum_y": 0.0,
    "particle_momentum_z": 5.658197625002213e-20,
    "particle_position_x": 0.65536,
    "particle_position_y": 0.65536,
    "particle_weight": 3200000000000000.5
  },
  "lev=0": {
    "Ex": 3796965799842.237,
    "Ey": 0.0,
    "Ez": 3796965799842.259,
    "divE": 2.38328254840169e+18,
    "jx": 1.0086768992100014e+16,
    "jy": 0.0,
    "jz": 1.008676899210008e+16,
    "part_per_cell": 131072.0,
    "rho": 21102031.294517133
  },
  "positrons": {
    "particle_cpu": 0.0,
    "particle_id": 6725599232.0,
    "particle_momentum_x": 5.658197625002216e-20,
    "particle_momentum_y": 0.0,
    "particle_momentum_z": 5.658197625002213e-20,
    "particle_position_x": 0.65536,
    "particle_position_y": 0.6553600000000002,
    "particle_weight": 3200000000000000.5
  }
}