{
  "electrons": {
    "particle_cpu": 131072.0,
    "particle_id": 18862440448.0,
    "particle_momentum_x": 9.638052135794968e-20,
    "particle_position_x": 2.6214400000000015,
    "particle_position_y": 2.621440000000001,
    "particle_position_z": 2.621439999999999,
    "particle_weight": 128000000000.00002
  },
  "lev=0": {
    "Bx": 12.117994126642934,
    "By": 12.117994123978939,
    "Bz": 12.117994123975555,
    "Ex": 84779179085495.8,
    "Ey": 84779179085494.25,
    "Ez": 84779179085494.25,
    "jx": 6.0874674711604136e+16,
    "jy": 6.087467471160617e+16,
    "jz": 6.087467471160617e+16,
    "part_per_cell": 524288.0,
    "rho": 702984842.8211379
  },
  "positrons": {
    "particle_cpu": 131072.0,
    "particle_id": 56518901760.0,
    "particle_momentum_z": 9.638052135795131e-20,
    "particle_position_x": 2.6214400000000015,
    "particle_position_y": 2.621440000000001,
    "particle_position_z": 2.621439999999999
  }
}