{
  "electrons": {
    "particle_cpu": 32768.0,
    "particle_id": 1123057664.0,
    "particle_momentum_x": 0.0000000000000000000566840960132865884291,
    "particle_momentum_y": 0.0,
    "particle_momentum_z": 0.0000000000000000000566840960132866125032,
    "particle_position_x": 0.6553600000000067,
    "particle_position_y": 0.65536,
    "particle_weight": 3200000000000000.5
  },
  "lev=0": {
    "Ex": 3747068267079.476562500000000000000000000000000000000,
    "Ey": 0.0,
    "Ez": 3747068267079.4794921875000000000000000000000000000000,
    "jx": 10088452031730032.0,
    "jy": 0.0,
    "jz": 10088452031730036.0,
    "part_per_cell": 131072.0
  },
  "positrons": {
    "particle_cpu": 32768.0,
    "particle_id": 3371204608.0,
    "particle_momentum_x": 0.0000000000000000000566840960132865884291,
    "particle_momentum_y": 0.0,
    "particle_momentum_z": 0.0000000000000000000566840960132866125032,
    "particle_position_x": 0.6553599999999925,
    "particle_position_y": 0.65536,
    "particle_weight": 3200000000000000.5
  }
}