{
  "lev=0": {
    "Ex": 3791022386494.9277,
    "Ez": 3791022386494.9277,
    "jx": 1.0093513848262864e+16,
    "jz": 1.0093513848262864e+16,
    "rho": 21099780.605260625
  }
}