{
  "electrons": {
    "particle_cpu": 32768.0,
    "particle_id": 1123057664.0,
    "particle_momentum_x": 4.2441494210115385e-20,
    "particle_momentum_y": 0.0,
    "particle_momentum_z": 4.2429971697106366e-20,
    "particle_position_x": 0.6553605498557016,
    "particle_position_y": 0.655360420612517,
    "particle_weight": 3200000000000000.5
  },
  "lev=0": {
    "Bx": 0.0,
    "By": 32.13899895667297,
    "Bz": 0.0,
    "Ex": 7573285869190.605,
    "Ey": 0.0,
    "Ez": 7572536902181.709,
    "jx": 7302040020242814.0,
    "jy": 0.0,
    "jz": 7302892615117250.0
  },
  "lev=1": {
    "Bx": 0.0,
    "By": 74.04987113513879,
    "Bz": 0.0,
    "Ex": 4601660582425.954,
    "Ey": 0.0,
    "Ez": 7012131128423.561,
    "jx": 4495212217937750.0,
    "jy": 0.0,
    "jz": 6848672875762947.0
  },
  "positrons": {
    "particle_cpu": 32768.0,
    "particle_id": 3371204608.0,
    "particle_momentum_x": 4.2436090244998326e-20,
    "particle_momentum_y": 0.0,
    "particle_momentum_z": 4.2430343380944015e-20,
    "particle_position_x": 0.6553600813503462,
    "particle_position_y": 0.6553595861949815,
    "particle_weight": 3200000000000000.5
  }
}