{
  "electrons": {
    "particle_momentum_x": 4.2405874432036894e-20,
    "particle_momentum_y": 0.0,
    "particle_momentum_z": 4.244580453138521e-20,
    "particle_position_x": 0.6553598605721321,
    "particle_position_y": 0.6553603207806843,
    "particle_weight": 3200000000000000.5
  },
  "lev=0": {
    "Bx": 0.0,
    "By": 23.062372881797263,
    "Bz": 0.0,
    "Ex": 7577963733795.349,
    "Ey": 0.0,
    "Ez": 7570635848192.088,
    "jx": 7295313940906670.0,
    "jy": 0.0,
    "jz": 7305416311341798.0
  },
  "lev=1": {
    "Bx": 0.0,
    "By": 56.70499647861526,
    "Bz": 0.0,
    "Ex": 4604568214719.308,
    "Ey": 0.0,
    "Ez": 7016601565205.127,
    "jx": 4490296323381386.5,
    "jy": 0.0,
    "jz": 6836265054152690.0
  },
  "positrons": {
    "particle_momentum_x": 4.240270916979087e-20,
    "particle_momentum_y": 0.0,
    "particle_momentum_z": 4.244576791252681e-20,
    "particle_position_x": 0.6553596773141027,
    "particle_position_y": 0.6553596834187275,
    "particle_weight": 3200000000000000.5
  }
}