{
  "electrons": {
    "particle_cpu": 131072.0,
    "particle_id": 18862440448.0,
    "particle_momentum_x": 1.0235332622353319e-19,
    "particle_position_x": 2.6214400000000015,
    "particle_position_y": 2.621440000000001,
    "particle_position_z": 2.6214400000000007,
    "particle_weight": 128000000000.00002
  },
  "lev=0": {
    "Bx": 35.39356715804925,
    "By": 35.393567158044334,
    "Bz": 35.39356715804536,
    "Ex": 82097801609164.75,
    "Ey": 82097801609164.73,
    "Ez": 82097801609164.73,
    "jx": 6.6416762830785416e+16,
    "jy": 6.641676283078545e+16,
    "jz": 6.641676283078545e+16,
    "part_per_cell": 524288.0,
    "rho": 683598372.428452
  },
  "positrons": {
    "particle_cpu": 131072.0,
    "particle_id": 56518901760.0,
    "particle_momentum_z": 1.0235332622353326e-19,
    "particle_position_x": 2.6214400000000015,
    "particle_position_y": 2.621440000000001,
    "particle_position_z": 2.6214400000000007
  }
}