{
  "electrons": {
    "particle_momentum_x": 3.059978628132309e-36,
    "particle_momentum_y": 2.003371642665396e-20,
    "particle_momentum_z": 2.785324114261674e-20,
    "particle_position_x": 0.5290000114309512,
    "particle_position_y": 0.5888000690527484,
    "particle_theta": 92488.48772168353,
    "particle_weight": 81147583679.15044
  },
  "ions": {
    "particle_momentum_x": 1.4925140714935799e-36,
    "particle_momentum_y": 1.4765381278752215e-21,
    "particle_momentum_z": 1.9505526940463635e-21,
    "particle_position_x": 0.5290000097195765,
    "particle_position_y": 0.5887999999975628,
    "particle_theta": 92488.48772168353,
    "particle_weight": 81147583679.15044
  },
  "lev=0": {
    "Bt": 6.632261581203373,
    "Er": 478937338832.87415,
    "Ez": 662607529111.8489,
    "divE": 4.355808435163123e+17,
    "jr": 893968704248372.6,
    "jz": 1251505252231323.8,
    "rho": 3856714.5961512737
  }
}

