{
  "lev=0": {
    "Bx": 20.130577270799463,
    "By": 20.130577270799492,
    "Bz": 20.130577270799844,
    "Ex": 83000833230638.2,
    "Ey": 83000833230638.2,
    "Ez": 83000833230638.2,
    "jx": 6.3439174881121864e+16,
    "jy": 6.343917488112186e+16,
    "jz": 6.343917488112186e+16,
    "part_per_cell": 0.0,
    "rho": 688199857.6794721
  }
}