{
  "electrons": {
    "particle_momentum_x": 9.638052089521077e-20,
    "particle_position_x": 2.621440000001177,
    "particle_position_y": 2.6214400000011775,
    "particle_position_z": 2.6214399999999993,
    "particle_weight": 128000000000.00002
  },
  "lev=0": {
    "Bx": 11.927039845227213,
    "By": 11.927039844199939,
    "Bz": 11.929384159260351,
    "Ex": 84779189324213.69,
    "Ey": 84779189324214.39,
    "Ez": 84779185898697.1,
    "jx": 6.087467486148589e+16,
    "jy": 6.0874674861486456e+16,
    "jz": 6.087467417357445e+16,
    "part_per_cell": 524288.0,
    "rho": 702985675.035942
  },
  "positrons": {
    "particle_momentum_z": 9.638051954986328e-20,
    "particle_position_x": 2.621440000001177,
    "particle_position_y": 2.6214400000011775,
    "particle_position_z": 2.6214399999999993
  }
}