{
  "electrons": {
    "particle_cpu": 0.0,
    "particle_id": 37409652736.0,
    "particle_momentum_x": 1.0023205057535364e-19,
    "particle_position_x": 2.6214400000000015,
    "particle_position_y": 2.621440000000001,
    "particle_position_z": 2.6214400000000007,
    "particle_weight": 128000000000.00002
  },
  "lev=0": {
    "Bx": 42.20120078219946,
    "By": 42.201200782289355,
    "Bz": 42.20120078228722,
    "Ex": 83061183312404.02,
    "Ey": 83061183312404.97,
    "Ez": 83061183312404.86,
    "divE": 7.835688421931939e+19,
    "jx": 6.4479354387662104e+16,
    "jy": 6.447935438765963e+16,
    "jz": 6.447935438765962e+16,
    "part_per_cell": 524288.0,
    "rho": 693786569.303677
  },
  "positrons": {
    "particle_cpu": 0.0,
    "particle_id": 112722575360.0,
    "particle_momentum_z": 1.0023205057534938e-19,
    "particle_position_x": 2.6214400000000015,
    "particle_position_y": 2.621440000000001,
    "particle_position_z": 2.6214400000000007
  }
}