{
  "electrons": {
    "particle_momentum_x": 9.629015522300135e-20,
    "particle_position_x": 2.621440000009873,
    "particle_position_y": 2.621440000009873,
    "particle_position_z": 2.6214399999999998,
    "particle_weight": 128000000000.00002
  },
  "lev=0": {
    "Bx": 79.96476923345703,
    "By": 79.96476923350225,
    "Bz": 79.96690317049361,
    "Ex": 84753887916472.72,
    "Ey": 84753887916472.66,
    "Ez": 84753877853695.67,
    "jx": 6.081254778189634e+16,
    "jy": 6.081254778189637e+16,
    "jz": 6.081251943036953e+16,
    "part_per_cell": 524288.0,
    "rho": 703417424.2676101
  },
  "positrons": {
    "particle_momentum_z": 9.629011306229332e-20,
    "particle_position_x": 2.621440000009873,
    "particle_position_y": 2.621440000009873,
    "particle_position_z": 2.6214399999999998
  }
}