{
  "electrons": {
    "particle_cpu": 131072.0,
    "particle_id": 18270519296.0,
    "particle_momentum_x": 9.638057878324674e-20,
    "particle_position_x": 2.6214399396691306,
    "particle_position_y": 2.621439932189645,
    "particle_position_z": 2.62143993196068,
    "particle_weight": 127999991808.0
  },
  "lev=0": {
    "Bx": 11.961613435725521,
    "By": 11.966816692703519,
    "Bz": 11.957762082545644,
    "Ex": 84779252038905.38,
    "Ey": 84779268350332.0,
    "Ez": 84779229439861.88,
    "jx": 6.087470830307302e+16,
    "jy": 6.087471416044966e+16,
    "jz": 6.08747304680873e+16,
    "part_per_cell": 524288.0,
    "rho": 702979629.6015625
  },
  "positrons": {
    "particle_cpu": 131072.0,
    "particle_id": 54811295744.0,
    "particle_momentum_z": 9.638060952467001e-20,
    "particle_position_x": 2.621439939518325,
    "particle_position_y": 2.6214399322006727,
    "particle_position_z": 2.6214399319928816
  }
}