{
  "electrons": {
    "particle_momentum_x": 9.320516097488906e-20,
    "particle_position_x": 2.6214400000000015,
    "particle_position_y": 2.621440000000001,
    "particle_position_z": 2.6214400000000007,
    "particle_weight": 128000000000.00002
  },
  "lev=0": {
    "Bx": 17.31894578673676,
    "By": 17.318945786799315,
    "Bz": 17.318945786797688,
    "Ex": 86079985379647.81,
    "Ey": 86079985379647.8,
    "Ez": 86079985379647.8,
    "jx": 5.803369314711726e+16,
    "jy": 5.803369314711732e+16,
    "jz": 5.8033693147117336e+16,
    "part_per_cell": 524288.0,
    "rho": 720717038.680337
  },
  "positrons": {
    "particle_momentum_z": 9.320516097488916e-20,
    "particle_position_x": 2.6214400000000015,
    "particle_position_y": 2.621440000000001,
    "particle_position_z": 2.6214400000000007
  }
}
