{
  "electrons": {
    "particle_momentum_x": 3.0026788584220422e-36,
    "particle_momentum_y": 2.003371642665401e-20,
    "particle_momentum_z": 2.7853241142616805e-20,
    "particle_position_x": 0.5290000114309512,
    "particle_position_y": 0.5888000690527484,
    "particle_theta": 92488.48772168353,
    "particle_weight": 81147583679.15044
  },
  "ions": {
    "particle_momentum_x": 1.4941121074826795e-36,
    "particle_momentum_y": 1.4765381278753009e-21,
    "particle_momentum_z": 1.950552694046308e-21,
    "particle_position_x": 0.5290000097195765,
    "particle_position_y": 0.5887999999975628,
    "particle_theta": 92488.48772168353,
    "particle_weight": 81147583679.15044
  },
  "lev=0": {
    "Bt": 6.632261581206954,
    "Er": 478937338832.87537,
    "Ez": 662607529111.8475,
    "divE": 4.3558084351632e+17,
    "jr": 893968704248376.1,
    "jz": 1251505252231313.5,
    "rho": 3856714.5961513477
  }
}
