{
  "electrons": {
    "particle_cpu": 32768.0,
    "particle_id": 1123057664.0,
    "particle_momentum_x": 4.241333654356747e-20,
    "particle_momentum_y": 0.0,
    "particle_momentum_z": 4.243147160194918e-20,
    "particle_position_x": 0.6553604355411431,
    "particle_position_y": 0.6553604252756429,
    "particle_weight": 3200000000000000.5
  },
  "lev=0": {
    "Bx": 0.0,
    "By": 31.85950148151796,
    "Bz": 0.0,
    "Ex": 7575288819909.899,
    "Ey": 0.0,
    "Ez": 7572601899574.373,
    "jx": 7297234592450874.0,
    "jy": 0.0,
    "jz": 7303113293544192.0
  },
  "lev=1": {
    "Bx": 0.0,
    "By": 75.34189668301649,
    "Bz": 0.0,
    "Ex": 4601932334532.539,
    "Ey": 0.0,
    "Ez": 7011970862051.691,
    "jx": 4494391278293099.5,
    "jy": 0.0,
    "jz": 6848792132928508.0
  },
  "positrons": {
    "particle_cpu": 32768.0,
    "particle_id": 3371204608.0,
    "particle_momentum_x": 4.2408343046906606e-20,
    "particle_momentum_y": 0.0,
    "particle_momentum_z": 4.243183197977201e-20,
    "particle_position_x": 0.6553601964895763,
    "particle_position_y": 0.6553595823177,
    "particle_weight": 3200000000000000.5
  }
}