{
  "electrons": {
    "particle_cpu": 131072.0,
    "particle_id": 18270519296.0,
    "particle_momentum_x": 9.638160416482527e-20,
    "particle_position_x": 2.6214399456764,
    "particle_position_y": 2.6214399582924273,
    "particle_position_z": 2.6214399582613623,
    "particle_weight": 127999991808.0
  },
  "lev=0": {
    "Bx": 13.749213500551377,
    "By": 23.70175167118765,
    "Bz": 23.697557306031285,
    "Ex": 84779697208316.75,
    "Ey": 84779379998572.12,
    "Ez": 84779381031286.25,
    "jx": 6.087465586195686e+16,
    "jy": 6.087430695259379e+16,
    "jz": 6.087430637996634e+16,
    "part_per_cell": 524288.0,
    "rho": 702985454.7099609
  },
  "positrons": {
    "particle_Ey": 84768333819952.0,
    "particle_cpu": 131072.0,
    "particle_id": 54811295744.0,
    "particle_position_x": 2.6214399459832123,
    "particle_position_y": 2.621439958047347,
    "particle_position_z": 2.6214399581733687
  }
}
