{
  "electrons": {
    "particle_cpu": 32768.0,
    "particle_id": 1123057664.0,
    "particle_momentum_x": 4.2354244754339476e-20,
    "particle_momentum_y": 0.0,
    "particle_momentum_z": 4.235430623698563e-20,
    "particle_position_x": 0.6553606277960197,
    "particle_position_y": 0.6553606274253982,
    "particle_weight": 3200000000000000.5
  },
  "lev=0": {
    "Bx": 0.0,
    "By": 45.106597754891524,
    "Bz": 0.0,
    "Ex": 7578677947624.306,
    "Ey": 0.0,
    "Ez": 7578675903699.402,
    "jx": 7287932516323173.0,
    "jy": 0.0,
    "jz": 7287939072708884.0
  },
  "lev=1": {
    "Bx": 0.0,
    "By": 430.9156818737165,
    "Bz": 0.0,
    "Ex": 7602846430656.254,
    "Ey": 0.0,
    "Ez": 7598043249046.967,
    "jx": 7217739473693756.0,
    "jy": 0.0,
    "jz": 7213713116874891.0
  },
  "positrons": {
    "particle_cpu": 32768.0,
    "particle_id": 3371204608.0,
    "particle_momentum_x": 4.235712608807699e-20,
    "particle_momentum_y": 0.0,
    "particle_momentum_z": 4.235718643423987e-20,
    "particle_position_x": 0.6553598470835684,
    "particle_position_y": 0.6553598474643658,
    "particle_weight": 3200000000000000.5
  }
}