{
  "lev=0": {
    "Bx": 20.43445236796688,
    "By": 20.434452367966323,
    "Bz": 20.43445236796617,
    "Ex": 82994595672457.52,
    "Ey": 82994595672457.5,
    "Ez": 82994595672457.5,
    "jx": 6.343111278336885e+16,
    "jy": 6.343111278336885e+16,
    "jz": 6.343111278336885e+16,
    "part_per_cell": 0.0,
    "rho": 694483837.4194331
  }
}