{
  "electrons": {
    "particle_cpu": 0.0,
    "particle_id": 2229305344.0,
    "particle_momentum_x": 5.666980218773284e-20,
    "particle_momentum_y": 0.0,
    "particle_momentum_z": 5.666980218773264e-20,
    "particle_position_x": 0.65536,
    "particle_position_y": 0.6553600000000002,
    "particle_weight": 3200000000000000.5
  },
  "lev=0": {
    "Ex": 3763864532041.69,
    "Ey": 0.0,
    "Ez": 3763864532041.7363,
    "divE": 2.365332859885193e+18,
    "jx": 1.0112650576084162e+16,
    "jy": 0.0,
    "jz": 1.0112650576084218e+16,
    "part_per_cell": 131072.0,
    "rho": 20943101.381212994
  },
  "positrons": {
    "particle_cpu": 0.0,
    "particle_id": 6725599232.0,
    "particle_momentum_x": 5.666980218773284e-20,
    "particle_momentum_y": 0.0,
    "particle_momentum_z": 5.666980218773264e-20,
    "particle_position_x": 0.65536,
    "particle_position_y": 0.6553600000000002,
    "particle_weight": 3200000000000000.5
  }
}