{
  "electrons": {
    "particle_momentum_x": 5.664739488600762e-20,
    "particle_momentum_y": 0.0,
    "particle_momentum_z": 5.664739488600764e-20,
    "particle_position_x": 0.6553599999999999,
    "particle_position_y": 0.65536,
    "particle_weight": 3200000000000000.5
  },
  "lev=0": {
    "Bx": 0.0,
    "By": 3.4900393205053586,
    "Bz": 0.0,
    "Ex": 3771422651410.755,
    "Ey": 0.0,
    "Ez": 3771422651410.742,
    "jx": 1.0095457953459832e+16,
    "jy": 0.0,
    "jz": 1.0095457953459836e+16
  },
  "positrons": {
    "particle_momentum_x": 5.664739488600754e-20,
    "particle_momentum_y": 0.0,
    "particle_momentum_z": 5.664739488600756e-20,
    "particle_position_x": 0.6553599999999999,
    "particle_position_y": 0.6553599999999999,
    "particle_weight": 3200000000000000.5
  }
}