{
  "electrons": {
    "particle_cpu": 131072.0,
    "particle_id": 18862440448.0,
    "particle_momentum_x": 9.320515824756692e-20,
    "particle_position_x": 2.6214400000000015,
    "particle_position_y": 2.621440000000001,
    "particle_position_z": 2.6214400000000007,
    "particle_weight": 128000000000.00002
  },
  "lev=0": {
    "Bx": 17.318873635475775,
    "By": 17.31887363546676,
    "Bz": 17.31887363550675,
    "Ex": 86079988542491.8,
    "Ey": 86079988542491.78,
    "Ez": 86079988542491.77,
    "jx": 5.8033877721263256e+16,
    "jy": 5.803387772126333e+16,
    "jz": 5.803387772126333e+16,
    "part_per_cell": 524288.0,
    "rho": 720717032.8077942
  },
  "positrons": {
    "particle_cpu": 131072.0,
    "particle_id": 56518901760.0,
    "particle_momentum_z": 9.320515824756704e-20,
    "particle_position_x": 2.6214400000000015,
    "particle_position_y": 2.621440000000001,
    "particle_position_z": 2.62144
  }
}