{
  "electrons": {
    "particle_momentum_x": 3.653837024804828e-36,
    "particle_momentum_y": 1.9957106001035645e-20,
    "particle_momentum_z": 2.781227135136404e-20,
    "particle_position_x": 0.5289997910724913,
    "particle_position_y": 0.5888,
    "particle_theta": 92488.48772168353,
    "particle_weight": 81147583679.15044
  },
  "ions": {
    "particle_momentum_x": 2.01346468885643e-36,
    "particle_momentum_y": 1.542172086061881e-21,
    "particle_momentum_z": 1.9917112673344886e-21,
    "particle_position_x": 0.529000009838682,
    "particle_position_y": 0.5888000000000001,
    "particle_theta": 92488.48772168353,
    "particle_weight": 81147583679.15044
  },
  "lev=0": {
    "Bt": 6.638466361225786,
    "Er": 482850037231.61395,
    "Ez": 665616861726.1184,
    "jr": 894824890894163.9,
    "jz": 1250754371134112.8
  }
}