{
  "electrons": {
    "particle_cpu": 4096.0,
    "particle_id": 17567744.0,
    "particle_momentum_x": 9.644382989451675e-21,
    "particle_position_x": 0.08204530071915744,
    "particle_position_y": 0.08192,
    "particle_weight": 8000000000000001.0
  },
  "lev=0": {
    "Ex": 5668331435413.663,
    "jx": 5417939777153747.0
  }
}