{
  "electrons": {
    "particle_cpu": 0.0,
    "particle_id": 1815005440.0,
    "particle_momentum_x": 1.2741450987149708e-20,
    "particle_momentum_y": 1.274791218379693e-20,
    "particle_momentum_z": 2.788652065074695e-20,
    "particle_position_x": 0.5290000916698098,
    "particle_position_y": 0.5888000000000001,
    "particle_theta": 92606.42261144848,
    "particle_weight": 81147583679.15044
  },
  "ions": {
    "particle_cpu": 0.0,
    "particle_id": 5475928320.0,
    "particle_momentum_x": 9.468760985422032e-22,
    "particle_momentum_y": 9.505742272721782e-22,
    "particle_momentum_z": 1.9177141148761584e-21,
    "particle_position_x": 0.5290000096367489,
    "particle_position_y": 0.5888,
    "particle_theta": 92621.92887164818,
    "particle_weight": 81147583679.15044
  },
  "lev=0": {
    "By": 3.3876510912177427,
    "Ex": 462288551718.21625,
    "Ez": 654508949091.1531,
    "divE": 4.008289425563525e+17,
    "jx": 893199738344011.5,
    "jz": 1241183345827358.0,
    "rho": 3549014.7381998966
  }
}