{
  "electrons": {
    "particle_momentum_x": 0.0,
    "particle_momentum_y": 0.0,
    "particle_momentum_z": 1.183644630083563e-22,
    "particle_position_x": 2.560000000000000e-03,
    "particle_weight": 8.000000000000000e+19
  },
  "lev=0": {
    "Bx": 0.0,
    "By": 0.0,
    "Bz": 0.0,
    "Ex": 0.0,
    "Ey": 0.0,
    "Ez": 124191078376.51929,
    "jx": 0.0,
    "jy": 0.0,
    "jz": 47472967251388.14
  },
  "positrons": {
    "particle_momentum_x": 0.0,
    "particle_momentum_y": 0.0,
    "particle_momentum_z": 1.183644630083563e-22,
    "particle_position_x": 2.560000000000001e-03,
    "particle_weight": 8.000000000000000e+19
  }
}
