{
  "electrons": {
    "particle_momentum_x": 4.2387000553111037e-20,
    "particle_momentum_y": 0.0,
    "particle_momentum_z": 4.238700039223283e-20,
    "particle_position_x": 0.6553599659707846,
    "particle_position_y": 0.6553599659699976,
    "particle_weight": 3200000000000000.5
  },
  "lev=0": {
    "Bx": 0.0,
    "By": 46.86760020196344,
    "Bz": 0.0,
    "Ex": 7589330186947.288,
    "Ey": 0.0,
    "Ez": 7589330198843.742,
    "jx": 7283102663077210.0,
    "jy": 0.0,
    "jz": 7283102630279985.0
  },
  "lev=1": {
    "Bx": 0.0,
    "By": 369.2209081024592,
    "Bz": 0.0,
    "Ex": 7593801203430.788,
    "Ey": 0.0,
    "Ez": 7593800988021.711,
    "jx": 6597471633118175.0,
    "jy": 0.0,
    "jz": 6597471447306984.0
  },
  "positrons": {
    "particle_momentum_x": 4.238670783273887e-20,
    "particle_momentum_y": 0.0,
    "particle_momentum_z": 4.238670762294589e-20,
    "particle_position_x": 0.6553596917214832,
    "particle_position_y": 0.6553596917221793,
    "particle_weight": 3200000000000000.5
  }
}