{
  "lev=0": {
    "Ex": 3791062067310.9717,
    "Ez": 3791062067310.971,
    "jx": 1.009374100825966e+16,
    "jz": 1.009374100825966e+16,
    "rho": 21113843.12185187
  }
}
