{
  "lev=0": {
    "Ez": 123800858913.46814,
    "jz": 48549778451885.98,
    "rho": 344310.062320681
  }
}