{
  "electrons": {
    "particle_cpu": 131072.0,
    "particle_id": 18862440448.0,
    "particle_momentum_x": 9.638052096688673e-20,
    "particle_position_x": 2.621440000001177,
    "particle_position_y": 2.6214400000011775,
    "particle_position_z": 2.6214399999999998,
    "particle_weight": 128000000000.00002
  },
  "lev=0": {
    "Bx": 11.927039871438884,
    "By": 11.92703987044596,
    "Bz": 11.929384183262627,
    "Ex": 84779189387324.25,
    "Ey": 84779189387324.56,
    "Ez": 84779185961806.78,
    "jx": 6.087467490676277e+16,
    "jy": 6.08746749067624e+16,
    "jz": 6.087467421885045e+16,
    "part_per_cell": 524288.0,
    "rho": 702985675.5592988
  },
  "positrons": {
    "particle_cpu": 131072.0,
    "particle_id": 56518901760.0,
    "particle_momentum_z": 9.638051962153948e-20,
    "particle_position_x": 2.621440000001177,
    "particle_position_y": 2.621440000001178,
    "particle_position_z": 2.6214399999999998
  }
}