{
  "lev=0": {
    "Bx": 0.0,
    "By": 3.4972810072385885,
    "Bz": 0.0,
    "Ex": 3818791158860.92,
    "Ey": 0.0,
    "Ez": 3818791158860.911,
    "jx": 1.0116012279306594e+16,
    "jy": 0.0,
    "jz": 1.0116012279306592e+16
  },
  "positrons": {
    "particle_momentum_x": 5.675345209482342e-20,
    "particle_momentum_y": 0.0,
    "particle_momentum_z": 5.675345209482342e-20,
    "particle_position_x": 0.65536,
    "particle_position_y": 0.65536,
    "particle_weight": 3200000000000000.5
  },
  "electrons": {
    "particle_momentum_x": 5.67534520948241e-20,
    "particle_momentum_y": 0.0,
    "particle_momentum_z": 5.67534520948241e-20,
    "particle_position_x": 0.6553599999999999,
    "particle_position_y": 0.65536,
    "particle_weight": 3200000000000000.5
  }
}