{
  "electrons": {
    "particle_cpu": 131072.0,
    "particle_id": 18862440448.0,
    "particle_momentum_x": 9.313026326765913e-20,
    "particle_position_x": 2.6214400000125964,
    "particle_position_y": 2.621440000012595,
    "particle_position_z": 2.62144,
    "particle_weight": 128000000000.00002
  },
  "lev=0": {
    "Bx": 15.076849705026993,
    "By": 15.076849706218196,
    "Bz": 15.077115911503535,
    "Ex": 86034772984177.27,
    "Ey": 86034772984177.08,
    "Ez": 86034760818989.12,
    "jx": 5.854806321272413e+16,
    "jy": 5.85480632127243e+16,
    "jz": 5.854804280396043e+16,
    "part_per_cell": 524288.0,
    "rho": 720374346.6048291
  },
  "positrons": {
    "particle_cpu": 131072.0,
    "particle_id": 56518901760.0,
    "particle_position_x": 2.6214400000125964,
    "particle_position_y": 2.6214400000125946,
    "particle_position_z": 2.62144
  }
}