{
  "electrons": {
    "particle_cpu": 32768.0,
    "particle_id": 1123057664.0,
    "particle_momentum_x": 5.668405759373687e-20,
    "particle_momentum_y": 0.0,
    "particle_momentum_z": 5.668405759373687e-20,
    "particle_position_x": 0.65536,
    "particle_position_y": 0.65536,
    "particle_weight": 3200000000000000.5
  },
  "lev=0": {
    "Bx": 0.0,
    "By": 5.794358391129572,
    "Bz": 0.0,
    "Ex": 3756099182549.232,
    "Ey": 0.0,
    "Ez": 3756099182549.2383,
    "jx": 1.0112802241740948e+16,
    "jy": 0.0,
    "jz": 1.0112802241740948e+16
  },
  "positrons": {
    "particle_cpu": 32768.0,
    "particle_id": 3371204608.0,
    "particle_momentum_x": 5.668405759373687e-20,
    "particle_momentum_y": 0.0,
    "particle_momentum_z": 5.668405759373688e-20,
    "particle_position_x": 0.65536,
    "particle_position_y": 0.65536,
    "particle_weight": 3200000000000000.5
  }
}