{
  "electrons": {
    "particle_cpu": 32768.0,
    "particle_id": 1123057664.0,
    "particle_momentum_x": 4.236286123092239e-20,
    "particle_momentum_y": 0.0,
    "particle_momentum_z": 4.2362861057467696e-20,
    "particle_position_x": 0.6553603049869281,
    "particle_position_y": 0.6553603049861053,
    "particle_weight": 3200000000000000.5
  },
  "lev=0": {
    "Bx": 0.0,
    "By": 49.37132138786822,
    "Bz": 0.0,
    "Ex": 7590440906102.93,
    "Ey": 0.0,
    "Ez": 7590440918474.631,
    "jx": 7279571478771572.0,
    "jy": 0.0,
    "jz": 7279571444489535.0
  },
  "lev=1": {
    "Bx": 0.0,
    "By": 564.4192250027486,
    "Bz": 0.0,
    "Ex": 7563564847383.678,
    "Ey": 0.0,
    "Ez": 7563564629761.893,
    "jx": 6584812163014327.0,
    "jy": 0.0,
    "jz": 6584811963846388.0
  },
  "positrons": {
    "particle_cpu": 32768.0,
    "particle_id": 3371204608.0,
    "particle_momentum_x": 4.2364223814222083e-20,
    "particle_momentum_y": 0.0,
    "particle_momentum_z": 4.23642235957155e-20,
    "particle_position_x": 0.6553599979594342,
    "particle_position_y": 0.6553599979601528,
    "particle_weight": 3200000000000000.5
  }
}