{
  "lev=0": {
    "Bx": 0.0,
    "By": 5.571020991718558,
    "Bz": 0.0,
    "Ex": 3794224801340.9844,
    "Ey": 0.0,
    "Ez": 3793491584265.754,
    "jx": 1.009363373184454e+16,
    "jy": 0.0,
    "jz": 1.00928749651743e+16
  }
}
