{
  "electrons": {
    "particle_cpu": 32768.0,
    "particle_id": 1123057664.0,
    "particle_momentum_x": 5.67711146356253e-20,
    "particle_momentum_y": 0.0,
    "particle_momentum_z": 5.677111463562529e-20,
    "particle_position_x": 0.65536,
    "particle_position_y": 0.65536,
    "particle_weight": 3200000000000000.5
  },
  "lev=0": {
    "Ex": 3705061266665.8633,
    "Ey": 0.0,
    "Ez": 3705061266665.8696,
    "jx": 1.011414995243282e+16,
    "jy": 0.0,
    "jz": 1.011414995243282e+16,
    "part_per_cell": 131072.0
  },
  "positrons": {
    "particle_cpu": 32768.0,
    "particle_id": 3371204608.0,
    "particle_momentum_x": 5.677111463562513e-20,
    "particle_momentum_y": 0.0,
    "particle_momentum_z": 5.677111463562512e-20,
    "particle_position_x": 0.6553599999999999,
    "particle_position_y": 0.65536,
    "particle_weight": 3200000000000000.5
  }
}