{
  "lev=0": {
    "Bx": 0.0,
    "By": 5.718744708950617,
    "Bz": 0.0,
    "Ex": 3760487299466.9355,
    "Ey": 0.0,
    "Ez": 3760487299466.922,
    "jx": 1.0110520336288102e+16,
    "jy": 0.0,
    "jz": 1.0110520336288108e+16
  },
  "positrons": {
    "particle_momentum_x": 5.673851134639854e-20,
    "particle_momentum_y": 0.0,
    "particle_momentum_z": 5.673851134639858e-20,
    "particle_position_x": 0.65536,
    "particle_position_y": 0.65536,
    "particle_weight": 3200000000000000.5
  },
  "electrons": {
    "particle_momentum_x": 5.673851134639966e-20,
    "particle_momentum_y": 0.0,
    "particle_momentum_z": 5.673851134639968e-20,
    "particle_position_x": 0.65536,
    "particle_position_y": 0.6553599999999999,
    "particle_weight": 3200000000000000.5
  }
}