{
  "lev=0": {
    "Bt": 6.6338148827118015,
    "Er": 478973170490.25165,
    "Ez": 662610386678.0767,
    "divE": 4.3547422610168134e+17,
    "jr": 893973344247777.1,
    "jz": 1251505325555539.8,
    "rho": 3855770.5855380115
  },
  "ions": {
    "particle_momentum_x": 5.1240591371562695e-37,
    "particle_momentum_y": 1.4754354364022064e-21,
    "particle_momentum_z": 1.9507023826482185e-21,
    "particle_position_x": 0.5290000097194891,
    "particle_position_y": 0.5887999999995832,
    "particle_theta": 92488.48772168353,
    "particle_weight": 81147583679.15044
  },
  "electrons": {
    "particle_momentum_x": 2.542205153845766e-36,
    "particle_momentum_y": 2.0033141618079843e-20,
    "particle_momentum_z": 2.785324108949853e-20,
    "particle_position_x": 0.5290000111160095,
    "particle_position_y": 0.5888000013680398,
    "particle_theta": 92488.48772168353,
    "particle_weight": 81147583679.15044
  }
}
