{
  "electrons": {
    "particle_momentum_x": 5.663705657675969e-20,
    "particle_momentum_y": 0.0,
    "particle_momentum_z": 5.663705657675969e-20,
    "particle_position_x": 0.65536,
    "particle_position_y": 0.65536,
    "particle_weight": 3200000000000000.5
  },
  "lev=0": {
    "Bx": 0.0,
    "By": 3.4892704618136277,
    "Bz": 0.0,
    "Ex": 3771082786646.7104,
    "Ey": 0.0,
    "Ez": 3771082786646.702,
    "jx": 1.0093631772735916e+16,
    "jy": 0.0,
    "jz": 1.0093631772735912e+16
  },
  "positrons": {
    "particle_momentum_x": 5.663705657675971e-20,
    "particle_momentum_y": 0.0,
    "particle_momentum_z": 5.663705657675969e-20,
    "particle_position_x": 0.65536,
    "particle_position_y": 0.65536,
    "particle_weight": 3200000000000000.5
  }
}