{
  "lev=0": {
    "Bt": 3.665466936872936,
    "Er": 1291859515916.5793,
    "Ez": 1803302470459.207,
    "jr": 251354240245118.8,
    "jz": 347792067535223.5,
    "rho": 10076095.619018627
  }
}