{
  "electrons": {
    "particle_cpu": 131072.0,
    "particle_id": 18270519296.0,
    "particle_momentum_x": 9.638059683620202e-20,
    "particle_position_x": 2.621439944060171,
    "particle_position_y": 2.621439958565901,
    "particle_position_z": 2.6214399583572003,
    "particle_weight": 127999991808.0
  },
  "lev=0": {
    "Bx": 11.949166567890858,
    "By": 11.956726736527793,
    "Bz": 11.95014436974827,
    "Ex": 84779240882468.25,
    "Ey": 84779250043081.5,
    "Ez": 84779193731798.38,
    "jx": 6.087472048294362e+16,
    "jy": 6.087472925954458e+16,
    "jz": 6.087475294828256e+16,
    "part_per_cell": 524288.0,
    "rho": 702981186.7929688
  },
  "positrons": {
    "particle_cpu": 131072.0,
    "particle_id": 54811295744.0,
    "particle_momentum_z": 9.638064035895123e-20,
    "particle_position_x": 2.6214399439650435,
    "particle_position_y": 2.621439958525343,
    "particle_position_z": 2.621439958409354
  }
}