{
  "electrons": {
    "particle_cpu": 131072.0,
    "particle_id": 18862440448.0,
    "particle_momentum_x": 9.320515831688772e-20,
    "particle_position_x": 2.6214400000000015,
    "particle_position_y": 2.621440000000001,
    "particle_position_z": 2.62144,
    "particle_weight": 128000000000.00002
  },
  "lev=0": {
    "Bx": 17.31887367426522,
    "By": 17.318873674232954,
    "Bz": 17.31887367425445,
    "Ex": 86079988606567.34,
    "Ey": 86079988606567.34,
    "Ez": 86079988606567.33,
    "jx": 5.803387776443088e+16,
    "jy": 5.8033877764430856e+16,
    "jz": 5.803387776443085e+16,
    "part_per_cell": 524288.0,
    "rho": 720717033.3443888
  },
  "positrons": {
    "particle_cpu": 131072.0,
    "particle_id": 56518901760.0,
    "particle_momentum_z": 9.32051583168877e-20,
    "particle_position_x": 2.6214400000000015,
    "particle_position_y": 2.621440000000001,
    "particle_position_z": 2.62144
  }
}