{
  "lev=0": {
    "Bt": 3.6457194581591303,
    "Er": 1300322179103.1226,
    "Ez": 1815074762706.6558,
    "jr": 244937816762378.25,
    "jz": 342539613044275.1,
    "rho": 10097004.48461892
  }
}