{
  "electrons": {
    "particle_cpu": 131072.0,
    "particle_id": 18270519296.0,
    "particle_momentum_x": 9.638048459090165e-20,
    "particle_position_x": 2.621439939399494,
    "particle_position_y": 2.6214399318388075,
    "particle_position_z": 2.621439931863705,
    "particle_weight": 127999991808.0
  },
  "lev=0": {
    "Bx": 12.12601756711521,
    "By": 12.135655011538955,
    "Bz": 12.13593097149011,
    "Ex": 84779182915741.12,
    "Ey": 84779181101366.62,
    "Ez": 84779181117533.5,
    "jx": 6.087464636670592e+16,
    "jy": 6.087465067796563e+16,
    "jz": 6.087465061915846e+16,
    "part_per_cell": 524288.0,
    "rho": 702978627.3046875
  },
  "positrons": {
    "particle_cpu": 131072.0,
    "particle_id": 54811295744.0,
    "particle_momentum_z": 9.638049083408263e-20,
    "particle_position_x": 2.6214399391094787,
    "particle_position_y": 2.621439931665293,
    "particle_position_z": 2.621439931642982
  }
}