{
  "lev=0": {
    "Bt": 3.669828622840272,
    "Er": 1291883368597.058,
    "Ez": 1803308633130.197,
    "jr": 251364296974531.62,
    "jz": 347796682032338.7,
    "rho": 9966853.827513175
  }
}