{
  "electrons": {
    "particle_momentum_x": 5.668407421680403e-20,
    "particle_momentum_y": 0.0,
    "particle_momentum_z": 5.668407421680403e-20,
    "particle_position_x": 0.65536,
    "particle_position_y": 0.65536,
    "particle_weight": 3200000000000000.5
  },
  "lev=0": {
    "Bx": 0.0,
    "By": 5.7247150652267145,
    "Bz": 0.0,
    "Ex": 3747060680620.4976,
    "Ey": 0.0,
    "Ez": 3747060680620.5044,
    "jx": 1.0088447948876688e+16,
    "jy": 0.0,
    "jz": 1.0088447948876688e+16
  },
  "positrons": {
    "particle_momentum_x": 5.668407421680403e-20,
    "particle_momentum_y": 0.0,
    "particle_momentum_z": 5.668407421680403e-20,
    "particle_position_x": 0.65536,
    "particle_position_y": 0.65536,
    "particle_weight": 3200000000000000.5
  }
}