{
  "electrons": {
    "particle_cpu": 131072.0,
    "particle_id": 18862440448.0,
    "particle_momentum_x": 1.0235457643581971e-19,
    "particle_position_x": 2.6214400000000015,
    "particle_position_y": 2.621440000000001,
    "particle_position_z": 2.6214399999999998,
    "particle_weight": 128000000000.00002
  },
  "lev=0": {
    "Bx": 43.589591237988124,
    "By": 43.589591237951076,
    "Bz": 43.58959123794503,
    "Ex": 82098136319005.75,
    "Ey": 82098136319005.7,
    "Ez": 82098136319005.7,
    "jx": 6.641761086081838e+16,
    "jy": 6.641761086081842e+16,
    "jz": 6.6417610860818424e+16,
    "part_per_cell": 524288.0,
    "rho": 683614939.9668565
  },
  "positrons": {
    "particle_cpu": 131072.0,
    "particle_id": 56518901760.0,
    "particle_momentum_z": 1.023545764358198e-19,
    "particle_position_x": 2.6214400000000015,
    "particle_position_y": 2.621440000000001,
    "particle_position_z": 2.6214399999999998
  }
}