{
  "electrons": {
    "particle_momentum_x": 4.238116934276727e-20,
    "particle_momentum_y": 0.0,
    "particle_momentum_z": 4.238116918188906e-20,
    "particle_position_x": 0.6553600150461454,
    "particle_position_y": 0.6553600150453582,
    "particle_weight": 3200000000000000.5
  },
  "lev=0": {
    "Bx": 0.0,
    "By": 48.481624783762086,
    "Bz": 0.0,
    "Ex": 7589841440058.995,
    "Ey": 0.0,
    "Ez": 7589841451955.45,
    "jx": 7282092285786011.0,
    "jy": 0.0,
    "jz": 7282092252988784.0
  },
  "lev=1": {
    "Bx": 0.0,
    "By": 376.07845874193026,
    "Bz": 0.0,
    "Ex": 7595314624325.873,
    "Ey": 0.0,
    "Ez": 7595314408918.084,
    "jx": 6594445628310054.0,
    "jy": 0.0,
    "jz": 6594445442498818.0
  },
  "positrons": {
    "particle_momentum_x": 4.2380886359427404e-20,
    "particle_momentum_y": 0.0,
    "particle_momentum_z": 4.2380886149634417e-20,
    "particle_position_x": 0.6553596427220252,
    "particle_position_y": 0.6553596427227213,
    "particle_weight": 3200000000000000.5
  }
}