{
  "electrons": {
    "particle_momentum_x": 5.668409581183492e-20,
    "particle_momentum_y": 0.0,
    "particle_momentum_z": 5.668409581183495e-20,
    "particle_position_x": 0.6553600000004717,
    "particle_position_y": 0.6553600000004718,
    "particle_weight": 3200000000000000.5
  },
  "lev=0": {
    "Bx": 0.0,
    "By": 5.634624433795568,
    "Bz": 0.0,
    "Ex": 3747068321640.6587,
    "Ey": 0.0,
    "Ez": 3747068321640.659,
    "jx": 1.0088430505673088e+16,
    "jy": 0.0,
    "jz": 1.0088430505673096e+16
  },
  "positrons": {
    "particle_momentum_x": 5.668409581183492e-20,
    "particle_momentum_y": 0.0,
    "particle_momentum_z": 5.668409581183495e-20,
    "particle_position_x": 0.6553600000004718,
    "particle_position_y": 0.6553600000004717,
    "particle_weight": 3200000000000000.5
  }
}