{
  "electrons": {
    "particle_momentum_x": 5.658193607299875e-20,
    "particle_momentum_y": 0.0,
    "particle_momentum_z": 5.658193607299919e-20,
    "particle_position_x": 0.65536,
    "particle_position_y": 0.65536,
    "particle_weight": 3200000000000000.5
  },
  "lev=0": {
    "Ex": 3797003259305.1904,
    "Ey": 0.0,
    "Ez": 3797003259305.2344,
    "divE": 2.383282496736726e+18,
    "jx": 1.0086760816184212e+16,
    "jy": 0.0,
    "jz": 1.0086760816184312e+16,
    "part_per_cell": 131072.0,
    "rho": 21102030.83706584
  },
  "positrons": {
    "particle_momentum_x": 5.658193607299875e-20,
    "particle_momentum_y": 0.0,
    "particle_momentum_z": 5.658193607299919e-20,
    "particle_position_x": 0.65536,
    "particle_position_y": 0.65536,
    "particle_weight": 3200000000000000.5
  }
}