{
  "electrons": {
    "particle_cpu": 0.0,
    "particle_id": 37409652736.0,
    "particle_momentum_x": 1.0024356744557469e-19,
    "particle_position_x": 2.6214400000000015,
    "particle_position_y": 2.621440000000001,
    "particle_position_z": 2.6214400000000007,
    "particle_weight": 128000000000.00002
  },
  "lev=0": {
    "Ex": 83131395641915.8,
    "Ey": 83131395641915.47,
    "Ez": 83131395641915.5,
    "divE": 7.835649386194706e+19,
    "jx": 6.444910852004617e+16,
    "jy": 6.444910852004739e+16,
    "jz": 6.444910852004743e+16,
    "part_per_cell": 524288.0,
    "rho": 693783113.0062834
  },
  "positrons": {
    "particle_cpu": 0.0,
    "particle_id": 112722575360.0,
    "particle_momentum_z": 1.0024356744557242e-19,
    "particle_position_x": 2.6214400000000015,
    "particle_position_y": 2.621440000000001,
    "particle_position_z": 2.6214400000000007
  }
}