{
  "electrons": {
    "particle_momentum_x": 9.638052804050334e-20,
    "particle_position_x": 2.621440000001177,
    "particle_position_y": 2.6214400000011775,
    "particle_position_z": 2.6214399999999998,
    "particle_weight": 128000000000.00002
  },
  "lev=0": {
    "Bx": 11.921638030286424,
    "By": 11.92163802998742,
    "Bz": 11.923982411171972,
    "Ex": 84779188322458.88,
    "Ey": 84779188322459.45,
    "Ez": 84779184896940.4,
    "jx": 6.087447621824506e+16,
    "jy": 6.087447621824441e+16,
    "jz": 6.087447553034632e+16,
    "part_per_cell": 524288.0,
    "rho": 702985676.1282513
  },
  "positrons": {
    "particle_momentum_z": 9.638052669516354e-20,
    "particle_position_x": 2.621440000001177,
    "particle_position_y": 2.6214400000011775,
    "particle_position_z": 2.62144
  }
}
