{
  "electrons": {
    "particle_momentum_x": 1.2754411169174486e-20,
    "particle_momentum_y": 1.2761194146479596e-20,
    "particle_momentum_z": 2.7853241142616426e-20,
    "particle_position_x": 0.5290000114309513,
    "particle_position_y": 0.5888000690527484,
    "particle_theta": 92606.42261144848,
    "particle_weight": 81147583679.15044
  },
  "ions": {
    "particle_momentum_x": 9.385564059429151e-22,
    "particle_momentum_y": 9.414110936920118e-22,
    "particle_momentum_z": 1.9505526940466013e-21,
    "particle_position_x": 0.5290000097195766,
    "particle_position_y": 0.5887999999975628,
    "particle_theta": 92621.92887164818,
    "particle_weight": 81147583679.15044
  },
  "lev=0": {
    "By": 6.632261581212596,
    "Ex": 478937338832.8708,
    "Ez": 662607529111.851,
    "divE": 4.355808435163315e+17,
    "jx": 893968704248372.8,
    "jz": 1251505252231279.2,
    "rho": 3856714.596151368
  }
}
