{
  "electrons": {
    "particle_cpu": 131072.0,
    "particle_id": 18270519296.0,
    "particle_momentum_x": 9.630175835453285e-20,
    "particle_position_x": 2.6214399486056834,
    "particle_position_y": 2.6214399661659513,
    "particle_position_z": 2.621439966153872,
    "particle_weight": 127999991808.0
  },
  "lev=0": {
    "Bx": 16.283409055462556,
    "By": 27.847420256523446,
    "Bz": 27.860402087754352,
    "Ex": 84734483985576.88,
    "Ey": 84733344104538.75,
    "Ez": 84733290264251.75,
    "jx": 6.08243835275767e+16,
    "jy": 6.082200882039661e+16,
    "jz": 6.082200213864928e+16,
    "part_per_cell": 524288.0,
    "rho": 702644169.0683594
  },
  "positrons": {
    "particle_cpu": 131072.0,
    "particle_id": 54811295744.0,
    "particle_position_x": 2.6214399497206955,
    "particle_position_y": 2.6214399663009544,
    "particle_position_z": 2.6214399657276033
  }
}