{
  "electrons": {
    "particle_momentum_x": 4.2405417073382216e-20,
    "particle_momentum_y": 0.0,
    "particle_momentum_z": 4.24319208902951e-20,
    "particle_position_x": 0.6553602236954971,
    "particle_position_y": 0.6553603460513587,
    "particle_weight": 3200000000000000.5
  },
  "lev=0": {
    "Bx": 0.0,
    "By": 29.016398075047086,
    "Bz": 0.0,
    "Ex": 7578443960945.405,
    "Ey": 0.0,
    "Ez": 7572873581953.129,
    "jx": 7295166572198360.0,
    "jy": 0.0,
    "jz": 7303381904136724.0
  },
  "lev=1": {
    "Bx": 0.0,
    "By": 72.99870260220474,
    "Bz": 0.0,
    "Ex": 4606426110840.904,
    "Ey": 0.0,
    "Ez": 7017198453908.449,
    "jx": 4489353143132240.0,
    "jy": 0.0,
    "jz": 6838171379723720.0
  },
  "positrons": {
    "particle_momentum_x": 4.2397727290339454e-20,
    "particle_momentum_y": 0.0,
    "particle_momentum_z": 4.2431934836877495e-20,
    "particle_position_x": 0.6553599859378852,
    "particle_position_y": 0.655359657073043,
    "particle_weight": 3200000000000000.5
  }
}