{
  "electrons": {
    "particle_cpu": 131072.0,
    "particle_id": 18862440448.0,
    "particle_momentum_x": 1.02353326299491e-19,
    "particle_position_x": 2.6214400000000015,
    "particle_position_y": 2.621440000000001,
    "particle_position_z": 2.6214399999999993,
    "particle_weight": 128000000000.00002
  },
  "lev=0": {
    "Bx": 35.393567203873076,
    "By": 35.393567203924874,
    "Bz": 35.39356720392462,
    "Ex": 82097801670403.95,
    "Ey": 82097801670404.02,
    "Ez": 82097801670404.02,
    "jx": 6.6416762880035176e+16,
    "jy": 6.641676288003509e+16,
    "jz": 6.641676288003508e+16,
    "part_per_cell": 524288.0,
    "rho": 683598372.9404484
  },
  "positrons": {
    "particle_cpu": 131072.0,
    "particle_id": 56518901760.0,
    "particle_momentum_z": 1.0235332629949511e-19,
    "particle_position_x": 2.6214400000000015,
    "particle_position_y": 2.621440000000001,
    "particle_position_z": 2.6214399999999993
  }
}