{
  "electrons": {
    "particle_momentum_x": 2.934317758193371e-36,
    "particle_momentum_y": 2.0033716426653923e-20,
    "particle_momentum_z": 2.785324114261674e-20,
    "particle_position_x": 0.5290000114309512,
    "particle_position_y": 0.5888000690527484,
    "particle_theta": 92488.48772168353,
    "particle_weight": 81147583679.15044
  },
  "ions": {
    "particle_momentum_x": 1.2283647867389811e-36,
    "particle_momentum_y": 1.4765381278751517e-21,
    "particle_momentum_z": 1.950552694046359e-21,
    "particle_position_x": 0.5290000097195765,
    "particle_position_y": 0.5887999999975628,
    "particle_theta": 92488.48772168353,
    "particle_weight": 81147583679.15044
  },
  "lev=0": {
    "Bt": 6.632261581204185,
    "Er": 478937338832.8667,
    "Ez": 662607529111.85,
    "divE": 4.3558084351631194e+17,
    "jr": 893968704248381.0,
    "jz": 1251505252231324.5,
    "rho": 3856714.5961512723
  }
}
