{
  "electrons": {
    "particle_cpu": 131072.0,
    "particle_id": 18862440448.0,
    "particle_momentum_x": 9.630000480732885e-20,
    "particle_position_x": 2.621440000012802,
    "particle_position_y": 2.621440000012803,
    "particle_position_z": 2.6214399999999993,
    "particle_weight": 128000000000.00002
  },
  "lev=0": {
    "Bx": 11.916179266713513,
    "By": 11.91617926663706,
    "Bz": 11.917607032204629,
    "Ex": 84733730662264.23,
    "Ey": 84733730662262.27,
    "Ez": 84733724096318.2,
    "jx": 6.0822131615524e+16,
    "jy": 6.0822131615524344e+16,
    "jz": 6.082209355386128e+16,
    "part_per_cell": 524288.0,
    "rho": 702660848.6316689
  },
  "positrons": {
    "particle_Ey": 84722686943095.3,
    "particle_cpu": 131072.0,
    "particle_id": 56518901760.0,
    "particle_position_x": 2.621440000012802,
    "particle_position_y": 2.6214400000128038,
    "particle_position_z": 2.6214399999999993
  }
}