{
  "lev=0": {
    "Ex": 3790986932973.282,
    "Ez": 3790986932973.282,
    "jx": 1.0093528263069264e+16,
    "jz": 1.0093528263069264e+16,
    "rho": 21101290.49850948
  }
}