{
  "lev=0": {
    "Bt": 3.665390554226973,
    "Er": 1291873922994.3716,
    "Ez": 1803307355728.1697,
    "jr": 251349827787136.3,
    "jz": 347796103236118.9,
    "rho": 10074452.056155212
  }
}