{
  "electrons": {
    "particle_momentum_x": 9.633869745818886e-20,
    "particle_position_x": 2.621440000001177,
    "particle_position_y": 2.6214400000011784,
    "particle_position_z": 2.6214400000000007,
    "particle_weight": 128000000000.00002
  },
  "lev=0": {
    "Bx": 80.96035538655111,
    "By": 80.96035538657691,
    "Bz": 80.96271445263956,
    "Ex": 84777489275096.88,
    "Ey": 84777489275096.88,
    "Ez": 84777485856239.4,
    "jx": 6.08447015360442e+16,
    "jy": 6.084470153604425e+16,
    "jz": 6.084470085554113e+16,
    "part_per_cell": 524288.0,
    "rho": 703546536.8089281
  },
  "positrons": {
    "particle_momentum_z": 9.63386961193585e-20,
    "particle_position_x": 2.621440000001177,
    "particle_position_y": 2.621440000001179,
    "particle_position_z": 2.6214400000000007
  }
}