{
  "lev=0": {
    "Bt": 3.665263234982532,
    "Er": 1291860184347.5515,
    "Ez": 1803300827030.9111,
    "jr": 251353380137737.72,
    "jz": 347791354710177.0,
    "rho": 10077515.211505111
  }
}