{
  "electrons": {
    "particle_momentum_x": 9.3282651765877e-20,
    "particle_position_x": 2.6214400000000015,
    "particle_position_y": 2.621440000000001,
    "particle_position_z": 2.621440000000001,
    "particle_weight": 128000000000.00002
  },
  "lev=0": {
    "Bx": 17.338468210649435,
    "By": 17.338468210679473,
    "Bz": 17.338468210708463,
    "Ex": 86130544037694.12,
    "Ey": 86130544037694.16,
    "Ez": 86130544037694.16,
    "jx": 5.808322546347548e+16,
    "jy": 5.80832254634755e+16,
    "jz": 5.8083225463475464e+16,
    "part_per_cell": 524288.0,
    "rho": 721143170.1131016
  },
  "positrons": {
    "particle_momentum_z": 9.328265176587699e-20,
    "particle_position_x": 2.6214400000000015,
    "particle_position_y": 2.621440000000001,
    "particle_position_z": 2.621440000000001
  }
}