{
  "electrons": {
    "particle_cpu": 32768.0,
    "particle_id": 1123057664.0,
    "particle_momentum_x": 5.668407610792198e-20,
    "particle_momentum_y": 0.0,
    "particle_momentum_z": 5.668407610792202e-20,
    "particle_position_x": 0.65536,
    "particle_position_y": 0.65536,
    "particle_weight": 3200000000000000.5
  },
  "lev=0": {
    "Ex": 3756106679200.434,
    "Ey": 0.0,
    "Ez": 3756106679200.432,
    "jx": 1.0112805786005616e+16,
    "jy": 0.0,
    "jz": 1.0112805786005622e+16,
    "part_per_cell": 131072.0
  },
  "positrons": {
    "particle_cpu": 32768.0,
    "particle_id": 3371204608.0,
    "particle_momentum_x": 5.668407610792186e-20,
    "particle_momentum_y": 0.0,
    "particle_momentum_z": 5.66840761079219e-20,
    "particle_position_x": 0.65536,
    "particle_position_y": 0.6553600000000002,
    "particle_weight": 3200000000000000.5
  }
}