{
  "electrons": {
    "particle_momentum_x": 2.5968237330710883e-36,
    "particle_momentum_y": 2.003371642665405e-20,
    "particle_momentum_z": 2.785324114261682e-20,
    "particle_position_x": 0.5290000114309512,
    "particle_position_y": 0.5888000690527484,
    "particle_theta": 92488.48772168353,
    "particle_weight": 81147583679.15044
  },
  "ions": {
    "particle_momentum_x": 5.251315768361218e-37,
    "particle_momentum_y": 1.4765381278753347e-21,
    "particle_momentum_z": 1.950552694046297e-21,
    "particle_position_x": 0.5290000097195765,
    "particle_position_y": 0.5887999999975628,
    "particle_theta": 92488.48772168353,
    "particle_weight": 81147583679.15044
  },
  "lev=0": {
    "Bt": 6.632261581206746,
    "Er": 478937338832.88135,
    "Ez": 662607529111.8467,
    "divE": 4.355808435163215e+17,
    "jr": 893968704248374.9,
    "jz": 1251505252231281.0,
    "rho": 3856714.596151358
  }
}