{
  "lev=0": {
    "Ex": 3790984950814.924,
    "Ez": 3790984950814.924,
    "jx": 1.0093528745594584e+16,
    "jz": 1.0093528745594584e+16,
    "rho": 21098347.37868575
  }
}