{
  "electrons": {
    "particle_cpu": 32768.0,
    "particle_id": 1123057664.0,
    "particle_momentum_x": 5.67689426271667e-20,
    "particle_momentum_y": 0.0,
    "particle_momentum_z": 5.67689426271667e-20,
    "particle_position_x": 0.6553599999999999,
    "particle_position_y": 0.65536,
    "particle_weight": 3200000000000000.5
  },
  "lev=0": {
    "Ex": 3704881857285.2974,
    "Ey": 0.0,
    "Ez": 3704881857285.295,
    "jx": 1.0113762708404172e+16,
    "jy": 0.0,
    "jz": 1.0113762708404174e+16,
    "part_per_cell": 131072.0
  },
  "positrons": {
    "particle_cpu": 32768.0,
    "particle_id": 3371204608.0,
    "particle_momentum_x": 5.676894262716672e-20,
    "particle_momentum_y": 0.0,
    "particle_momentum_z": 5.676894262716671e-20,
    "particle_position_x": 0.65536,
    "particle_position_y": 0.65536,
    "particle_weight": 3200000000000000.5
  }
}