{
  "lev=0": {
    "Ez": 123800879903.51706,
    "jz": 48549789152009.11,
    "rho": 344666.87815280876
  }
}
