{
  "electrons": {
    "particle_momentum_x": 4.2444161670627625e-20,
    "particle_momentum_y": 0.0,
    "particle_momentum_z": 4.2444161670627534e-20,
    "particle_position_x": 0.6553600939548604,
    "particle_position_y": 0.6553600939548603,
    "particle_weight": 3200000000000000.5
  },
  "lev=0": {
    "Bx": 0.0,
    "By": 29.737451538726013,
    "Bz": 0.0,
    "Ex": 7573333612867.881,
    "Ey": 0.0,
    "Ez": 7573333612867.912,
    "jx": 7302034873723846.0,
    "jy": 0.0,
    "jz": 7302034873723940.0
  },
  "lev=1": {
    "Bx": 0.0,
    "By": 446.4305912221662,
    "Bz": 0.0,
    "Ex": 7598120399546.991,
    "Ey": 0.0,
    "Ez": 7598120399547.014,
    "jx": 7112353090930550.0,
    "jy": 0.0,
    "jz": 7112353090930540.0
  },
  "positrons": {
    "particle_momentum_x": 4.2442478859032927e-20,
    "particle_momentum_y": 0.0,
    "particle_momentum_z": 4.2442478859032854e-20,
    "particle_position_x": 0.6553594719127074,
    "particle_position_y": 0.6553594719127074,
    "particle_weight": 3200000000000000.5
  }
}