{
  "electrons": {
    "particle_cpu": 131072.0,
    "particle_id": 18862440448.0,
    "particle_momentum_x": 9.638052142962566e-20,
    "particle_position_x": 2.6214400000000015,
    "particle_position_y": 2.621440000000001,
    "particle_position_z": 2.6214400000000007,
    "particle_weight": 128000000000.00002
  },
  "lev=0": {
    "Bx": 12.117994152442217,
    "By": 12.117994153638133,
    "Bz": 12.117994153639632,
    "Ex": 84779179148604.16,
    "Ey": 84779179148604.05,
    "Ez": 84779179148604.05,
    "jx": 6.087467475688619e+16,
    "jy": 6.087467475688316e+16,
    "jz": 6.087467475688315e+16,
    "part_per_cell": 524288.0,
    "rho": 771603348.7307227
  },
  "positrons": {
    "particle_cpu": 131072.0,
    "particle_id": 56518901760.0,
    "particle_momentum_z": 9.638052142962866e-20,
    "particle_position_x": 2.6214400000000015,
    "particle_position_y": 2.621440000000001,
    "particle_position_z": 2.6214400000000007
  }
}