{
  "electrons": {
    "particle_momentum_x": 4.2339125386796835e-20,
    "particle_momentum_y": 0.0,
    "particle_momentum_z": 4.2339186493637336e-20,
    "particle_position_x": 0.6553603030161138,
    "particle_position_y": 0.6553603026454923,
    "particle_weight": 3200000000000000.5
  },
  "lev=0": {
    "Bx": 0.0,
    "By": 44.73189518299763,
    "Bz": 0.0,
    "Ex": 7583674122515.894,
    "Ey": 0.0,
    "Ez": 7583672042436.007,
    "jx": 7283798122345162.0,
    "jy": 0.0,
    "jz": 7283804678733656.0
  },
  "lev=1": {
    "Bx": 0.0,
    "By": 467.8271651312273,
    "Bz": 0.0,
    "Ex": 7609732451490.526,
    "Ey": 0.0,
    "Ez": 7604891944279.171,
    "jx": 7103859890231833.0,
    "jy": 0.0,
    "jz": 7099873215674540.0
  },
  "positrons": {
    "particle_momentum_x": 4.233907500710132e-20,
    "particle_momentum_y": 0.0,
    "particle_momentum_z": 4.2339135644675305e-20,
    "particle_position_x": 0.6553596934061604,
    "particle_position_y": 0.6553596937869579,
    "particle_weight": 3200000000000000.5
  }
}