{
  "electrons": {
    "particle_cpu": 131072.0,
    "particle_id": 18270519296.0,
    "particle_momentum_x": 9.638045799992086e-20,
    "particle_position_x": 2.621439943655872,
    "particle_position_y": 2.6214399583828936,
    "particle_position_z": 2.6214399581727434,
    "particle_weight": 127999991808.0
  },
  "lev=0": {
    "Bx": 11.964658553650342,
    "By": 11.961561746017654,
    "Bz": 11.955993998761334,
    "Ex": 84779211875774.62,
    "Ey": 84779211779308.12,
    "Ez": 84779168190611.25,
    "jx": 6.087463263635712e+16,
    "jy": 6.087464319619808e+16,
    "jz": 6.087466279266816e+16,
    "part_per_cell": 524288.0,
    "rho": 702976246.7070312
  },
  "positrons": {
    "particle_cpu": 131072.0,
    "particle_id": 54811295744.0,
    "particle_momentum_z": 9.638049799034238e-20,
    "particle_position_x": 2.621439943553753,
    "particle_position_y": 2.621439958168196,
    "particle_position_z": 2.6214399582801207
  }
}