{
  "electrons": {
    "particle_cpu": 0.0,
    "particle_id": 37409652736.0,
    "particle_momentum_x": 9.427578386573474e-20,
    "particle_position_x": 2.6214400000000015,
    "particle_position_y": 2.621440000000001,
    "particle_position_z": 2.6214400000000007,
    "particle_weight": 128000000000.00002
  },
  "lev=0": {
    "Ex": 85655674726758.89,
    "Ey": 85655674726763.17,
    "Ez": 85655674726763.2,
    "divE": 8.073511252514621e+19,
    "jx": 5.89829909935483e+16,
    "jy": 5.898299099354005e+16,
    "jz": 5.898299099354005e+16,
    "part_per_cell": 524288.0,
    "rho": 714843849.3851601
  },
  "positrons": {
    "particle_cpu": 0.0,
    "particle_id": 112722575360.0,
    "particle_momentum_z": 9.427578386573408e-20,
    "particle_position_x": 2.6214400000000015,
    "particle_position_y": 2.621440000000001,
    "particle_position_z": 2.6214400000000007
  }
}