{
  "electrons": {
    "particle_momentum_x": 9.638045709465868e-20,
    "particle_position_x": 2.62143994388461,
    "particle_position_y": 2.621439958560387,
    "particle_position_z": 2.6214399584409023,
    "particle_weight": 127999991808.0
  },
  "lev=0": {
    "Bx": 11.95347876738498,
    "By": 11.956506397748562,
    "Bz": 11.952493572239355,
    "Ex": 84779212317896.12,
    "Ey": 84779216019354.88,
    "Ez": 84779165259258.0,
    "jx": 6.087463260557299e+16,
    "jy": 6.087464639979942e+16,
    "jz": 6.087466379301542e+16,
    "part_per_cell": 524288.0,
    "rho": 702976367.7089844
  },
  "positrons": {
    "particle_momentum_z": 9.638049808110674e-20,
    "particle_position_x": 2.6214399436821623,
    "particle_position_y": 2.621439958363709,
    "particle_position_z": 2.6214399583751913
  }
}