{
  "electrons": {
    "particle_Ex": 15186200631123.355,
    "particle_Ey": 0.0,
    "particle_Ez": 15186200631123.635,
    "particle_cpu": 0.0,
    "particle_id": 2229305344.0,
    "particle_momentum_x": 5.658193629698781e-20,
    "particle_momentum_y": 0.0,
    "particle_momentum_z": 5.658193629698763e-20,
    "particle_position_x": 0.65536,
    "particle_position_y": 0.6553599999999999,
    "particle_weight": 3200000000000000.5
  },
  "lev=0": {
    "Ex": 3797003272552.907,
    "Ey": 0.0,
    "Ez": 3797003272552.976,
    "divE": 2.383282496436846e+18,
    "jx": 1.0086760586042484e+16,
    "jy": 0.0,
    "jz": 1.0086760586042364e+16,
    "part_per_cell": 131072.0,
    "rho": 21102030.83441059
  },
  "positrons": {
    "particle_Ex": 15186200631123.36,
    "particle_Ey": 0.0,
    "particle_Ez": 15186200631123.633,
    "particle_cpu": 0.0,
    "particle_id": 6725599232.0,
    "particle_momentum_x": 5.658193629698781e-20,
    "particle_momentum_y": 0.0,
    "particle_momentum_z": 5.658193629698763e-20,
    "particle_position_x": 0.65536,
    "particle_position_y": 0.65536,
    "particle_weight": 3200000000000000.5
  }
}