{
  "electrons": {
    "particle_cpu": 131072.0,
    "particle_id": 18862440448.0,
    "particle_momentum_x": 9.336540089113062e-20,
    "particle_position_x": 2.6214400000000015,
    "particle_position_y": 2.621440000000001,
    "particle_position_z": 2.621439999999999,
    "particle_weight": 128000000000.00002
  },
  "lev=0": {
    "Bx": 17.35580092401342,
    "By": 17.355800924024127,
    "Bz": 17.35580092400305,
    "Ex": 86173786000018.14,
    "Ey": 86173786000018.19,
    "Ez": 86173786000018.17,
    "jx": 5.813715216795644e+16,
    "jy": 5.813715216795643e+16,
    "jz": 5.8137152167956424e+16,
    "part_per_cell": 524288.0,
    "rho": 721399745.4594865
  },
  "positrons": {
    "particle_Ey": 86166716262545.0,
    "particle_cpu": 131072.0,
    "particle_id": 56518901760.0,
    "particle_position_x": 2.6214400000000015,
    "particle_position_y": 2.621440000000001,
    "particle_position_z": 2.621439999999999
  }
}