{
  "electrons": {
    "particle_momentum_x": 0.0,
    "particle_momentum_y": 1.2957667581353911e-20,
    "particle_momentum_z": 3.314669116074607e-21,
    "particle_orig_z": 0.02238310546875004,
    "particle_position_x": 0.02235662928400318,
    "particle_regionofinterest": 38.0,
    "particle_weight": 5.1796875e+18
  },
  "lev=0": {
    "Bx": 178016.89264546678,
    "By": 0.0,
    "Bz": 0.0,
    "Ex": 0.0,
    "Ey": 40878300517906.74,
    "Ez": 12662514703.092445,
    "jx": 0.0,
    "jy": 30370448611224.453,
    "jz": 5611270121187.104,
    "rho": 3111231.7579507306
  }
}