{
  "beam": {
    "particle_cpu": 0.0,
    "particle_id": 5050.0,
    "particle_momentum_x": 4.391106900298183e-20,
    "particle_momentum_y": 4.5449265649476904e-20,
    "particle_momentum_z": 1.3496682187803824e-17,
    "particle_position_x": 6.523449261904944e-05,
    "particle_position_y": 0.0026764108749927455,
    "particle_theta": 148.04042863774637,
    "particle_weight": 6241509.074460764
  },
  "electrons": {
    "particle_cpu": 4128.0,
    "particle_id": 10445216.0,
    "particle_momentum_x": 3.221375738272786e-24,
    "particle_momentum_y": 3.906701694384273e-22,
    "particle_momentum_z": 1.371753970917068e-23,
    "particle_position_x": 0.041602500045359654,
    "particle_position_y": 0.04789125041898898,
    "particle_theta": 6754.424205218055,
    "particle_weight": 813672305.532158
  },
  "lev=0": {
    "Bx": 101568.56451607398,
    "By": 1224.3046117091226,
    "Bz": 4142.575901037649,
    "Ex": 204754846120.36102,
    "Ey": 37715481947555.95,
    "Ez": 548241772266.403,
    "jx": 913428495166.8202,
    "jy": 2.1552131562722282e+17,
    "jz": 1772965958612206.2,
    "rho": 38578930.47726793
  }
}