{
  "lev=0": {
    "Bx": 7081339.812835965,
    "By": 0.0,
    "Bz": 0.0,
    "Ex": 0.0,
    "Ey": 2116950001539240.0,
    "Ez": 375777167669462.0,
    "jx": 0.0,
    "jy": 3.699803269935181e+16,
    "jz": 2.3797339315632886e+17,
    "rho": 796578970.234952
  }
}