{
  "lev=0": {
    "Bx": 653451798.6295922,
    "By": 2.7578363651349408e-08,
    "Bz": 19486344.06269902,
    "Ex": 182895385478004.7,
    "Ey": 1.958213233719883e+17,
    "Ez": 5946057473292544.0,
    "jx": 0.0,
    "jy": 2.9081925584034386e+18,
    "jz": 0.0
  }
}