{
  "lev=0": {
    "Bx": 431860.6462214967,
    "By": 431860.6462214967,
    "Bz": 0.0,
    "Ex": 128546798912296.81,
    "Ey": 128546798912296.81,
    "Ez": 0.0,
    "jx": 1.3922074348755147e+17,
    "jy": 1.3922074348755147e+17,
    "jz": 0.0
  }
}