{
  "electrons": {
    "particle_cpu": 69212.0,
    "particle_id": 2655287162.0,
    "particle_momentum_x": 1.7927320949194885e-20,
    "particle_momentum_y": 7.226299296704682e-20,
    "particle_momentum_z": 4.2329674357125244e-20,
    "particle_position_x": 0.7139122548608258,
    "particle_position_y": 0.7150340442762911,
    "particle_position_z": 1.317577060864619,
    "particle_weight": 12926557617.187498
  },
  "lev=0": {
    "Bx": 5863857.810242274,
    "By": 2411.5707428261294,
    "Bz": 116028.94525718097,
    "Ex": 6268732518322.813,
    "Ey": 1670757913492923.0,
    "Ez": 104345842781112.31,
    "jx": 555905302485608.94,
    "jy": 1596092839924503.8,
    "jz": 1045523884130288.4
  }
}