{
  "beam": {
    "particle_cpu": 0.0,
    "particle_id": 5050.0,
    "particle_momentum_x": 3.753291660301711e-20,
    "particle_momentum_y": 4.1481191215464843e-20,
    "particle_momentum_z": 1.3500807968154025e-17,
    "particle_position_x": 6.52245091017484e-05,
    "particle_position_y": 0.002676410592591383,
    "particle_theta": 148.15011998377128,
    "particle_weight": 6241509.074460764
  },
  "electrons": {
    "particle_cpu": 4128.0,
    "particle_id": 10445216.0,
    "particle_momentum_x": 1.8250305041793837e-24,
    "particle_momentum_y": 3.906701914020067e-22,
    "particle_momentum_z": 1.2437215269575678e-23,
    "particle_position_x": 0.04160250004535851,
    "particle_position_y": 0.047891250418988895,
    "particle_theta": 7325.125178928802,
    "particle_weight": 813672305.532158
  },
  "lev=0": {
    "Bx": 101567.35360032888,
    "By": 1225.3212837077208,
    "Bz": 4142.712159561234,
    "Ex": 204992629002.40997,
    "Ey": 37715215533939.695,
    "Ez": 548441558258.4761,
    "jx": 718389418722.827,
    "jy": 2.1552165313527405e+17,
    "jz": 1774722443584939.2,
    "rho": 38585013.18881437
  }
}