{
  "lev=0": {
    "Bx": 28833848.085078966,
    "By": 0.0,
    "Bz": 28833848.085078996,
    "Ex": 0.0,
    "Ey": 1.2461681170541432e+16,
    "Ez": 0.0,
    "jx": 0.0,
    "jy": 0.0,
    "jz": 0.0
  }
}