{
  "beam": {
    "particle_Bx": 1068.7120965886738,
    "particle_By": 902.9886284146921,
    "particle_Ex": 142251245678.64517,
    "particle_Ey": 172725505795.35986,
    "particle_Ez": 855052975051.5054,
    "particle_cpu": 0.0,
    "particle_id": 6865850.0,
    "particle_momentum_x": 4.3910959229136746e-20,
    "particle_momentum_y": 4.5449319558312995e-20,
    "particle_momentum_z": 1.3496674867194975e-17,
    "particle_position_x": 6.523448789487354e-05,
    "particle_position_y": 0.0026764108749930122,
    "particle_theta": 148.0404285940771,
    "particle_weight": 6241509.074460764
  },
  "electrons": {
    "particle_Bx": 33032.2917421148,
    "particle_By": 179.35906104395352,
    "particle_Ex": 60899865362.08995,
    "particle_Ey": 9897446784083.63,
    "particle_Ez": 205437656917.69284,
    "particle_cpu": 4128.0,
    "particle_id": 147732176.0,
    "particle_momentum_x": 3.2048286176059313e-24,
    "particle_momentum_y": 6.250807154005758e-22,
    "particle_momentum_z": 1.366956054907569e-23,
    "particle_position_x": 0.04160250000177469,
    "particle_position_y": 0.047891250703679784,
    "particle_theta": 6754.424205218055,
    "particle_weight": 813672305.5321578
  },
  "lev=0": {
    "Bx": 130251.30343202608,
    "By": 1245.0385469006405,
    "Bz": 5405.222819087962,
    "Ex": 207583479874.01596,
    "Ey": 46261581432526.1,
    "Ez": 556826342131.5586,
    "jx": 1194737793719.8267,
    "jy": 2.0581597632100973e+17,
    "jz": 1796942413288391.8
  }
}