{
  "beam": {
    "particle_cpu": 0.0,
    "particle_id": 5050.0,
    "particle_momentum_x": 4.391106900298183e-20,
    "particle_momentum_y": 4.5449265649476904e-20,
    "particle_momentum_z": 1.3496682187803824e-17,
    "particle_position_x": 6.523449261904944e-05,
    "particle_position_y": 0.0026764108749927455,
    "particle_theta": 148.04042863774634,
    "particle_weight": 6241509.074460764
  },
  "electrons": {
    "particle_cpu": 4128.0,
    "particle_id": 10445216.0,
    "particle_momentum_x": 2.7990942313569706e-24,
    "particle_momentum_y": 6.234007912600388e-22,
    "particle_momentum_z": 1.3634951168750602e-23,
    "particle_position_x": 0.04160250000182534,
    "particle_position_y": 0.047891250703061425,
    "particle_theta": 6754.424205218055,
    "particle_weight": 813672305.5321579
  },
  "lev=0": {
    "Bx": 129621.67566963888,
    "By": 1224.304624446585,
    "Bz": 5001.105428861073,
    "Ex": 204754858513.53964,
    "Ey": 46025564892310.89,
    "Ez": 548242025320.4459,
    "jx": 913724361202.6886,
    "jy": 2.0581594676890458e+17,
    "jz": 1772971850765479.8
  }
}
