{
  "electrons": {
    "particle_cpu": 0.0,
    "particle_id": 2101654260.0,
    "particle_momentum_x": 3.819006669880345e-19,
    "particle_momentum_y": 0.0,
    "particle_momentum_z": 1.6442919544438796e-18,
    "particle_position_x": 0.008132686129387588,
    "particle_position_y": 0.030529759891592873,
    "particle_weight": 2.641331189632942e+17
  },
  "hydrogen": {
    "particle_cpu": 0.0,
    "particle_id": 8663540542.0,
    "particle_momentum_x": 2.2442931423587623e-18,
    "particle_momentum_y": 0.0,
    "particle_momentum_z": 1.0841108905602765e-18,
    "particle_position_x": 0.008258183385250792,
    "particle_position_y": 0.03668783554832863,
    "particle_weight": 2.701906737218416e+17
  },
  "lev=0": {
    "Bx": 0.0,
    "By": 11393535.83414041,
    "Bz": 0.0,
    "Ex": 2033400456620381.5,
    "Ey": 0.0,
    "Ez": 316047264778828.4,
    "jx": 1.6346708216210751e+19,
    "jy": 0.0,
    "jz": 8.884557953651988e+18,
    "rho": 61729754758.60603,
    "rho_electrons": 17451988255188.39,
    "rho_hydrogen": 17441820007046.848
  }
}