{
  "electrons": {
    "particle_cpu": 69212.0,
    "particle_id": 10198484142.0,
    "particle_momentum_x": 1.7927320949196398e-20,
    "particle_momentum_y": 7.226299296705388e-20,
    "particle_momentum_z": 4.23296743571345e-20,
    "particle_position_x": 0.7139122548608255,
    "particle_position_y": 0.7150340442762904,
    "particle_position_z": 1.3175770608646191,
    "particle_weight": 12926557617.187498
  },
  "lev=0": {
    "Bx": 5863857.810242278,
    "By": 2411.5707428261194,
    "Bz": 116028.94525718055,
    "Ex": 6268732518324.82,
    "Ey": 1670757913492924.8,
    "Ez": 104345842781113.34,
    "jx": 555905302485612.94,
    "jy": 1596092839924513.0,
    "jz": 1045523884130469.9
  }
}