{
  "lev=0": {
    "Bx": 19661649.262577523,
    "By": 101030587.90280046,
    "Bz": 39719434.779972926,
    "Ex": 1.3838472028306398e+16,
    "Ey": 1.319521974773849e+16,
    "Ez": 2.6772619620846296e+16,
    "jx": 4.034661003911076e+16,
    "jy": 4.034660940393097e+16,
    "jz": 8.06932223295597e+16
  }
}