{
  "lev=0": {
    "Bx": 19661649.2843472324311733245849609375000000000000,
    "By": 101030587.3703132718801498413085937500000000000000,
    "Bz": 39719434.3724947720766067504882812500000000000000,
    "Ex": 13838472033041280.0000000000000000000000000000000000000000,
    "Ey": 13195219839199646.0000000000000000000000000000000000000000,
    "Ez": 26772619800801276.0000000000000000000000000000000000000000,
    "jx": 40346610039036864.0000000000000000000000000000000000000000,
    "jy": 40346609403930968.0000000000000000000000000000000000000000,
    "jz": 80693222329514336.0000000000000000000000000000000000000000
  }
}
