{
  "beam": {
    "particle_momentum_x": 3.535284585563231e-19,
    "particle_momentum_y": 4.403094613346061e-19,
    "particle_momentum_z": 5.658013779496569e-17,
    "particle_position_x": 0.008317876520240174,
    "particle_position_y": 1.1704335094514386,
    "particle_weight": 62415090744.60765
  },
  "electrons": {
    "particle_momentum_x": 2.2135959939611405e-23,
    "particle_momentum_y": 2.822519730011994e-22,
    "particle_momentum_z": 5.260625039372931e-22,
    "particle_position_x": 0.010800577787577741,
    "particle_position_y": 0.21115060628258137,
    "particle_weight": 4.121554826246186e+16
  },
  "ions": {
    "particle_momentum_x": 6.248472008953412e-23,
    "particle_momentum_y": 4.449200926395666e-22,
    "particle_momentum_z": 5.768167708374496e-22,
    "particle_position_x": 0.010800001678510793,
    "particle_position_y": 0.21114947608115497,
    "particle_weight": 4.121554826246186e+16
  },
  "lev=0": {
    "Bx": 4818965.813977506,
    "By": 1752.781451346485,
    "Bz": 14516.29947347909,
    "Ex": 2366115950699.717,
    "Ey": 1446115205306590.0,
    "Ez": 21864183756771.12,
    "jx": 1996366451911408.0,
    "jy": 5.312642483130767e+16,
    "jz": 2.049134468340688e+16,
    "rho": 68443935.06252655
  }
}