{
  "electrons": {
    "particle_initialenergy": 0.0,
    "particle_momentum_x": 1.7921231650151805e-20,
    "particle_momentum_y": 7.225819832716737e-20,
    "particle_momentum_z": 4.2317254605197793e-20,
    "particle_position_x": 0.7139122621161638,
    "particle_position_y": 0.7150340887578206,
    "particle_position_z": 1.3175770600690941,
    "particle_regionofinterest": 1936.0,
    "particle_weight": 12926557617.187498
  },
  "lev=0": {
    "Bx": 5863879.027613791,
    "By": 2411.49823974812,
    "Bz": 116025.43679238218,
    "Ex": 6267728226590.701,
    "Ey": 1670763224821434.2,
    "Ez": 104345981838458.77,
    "jx": 555687757148559.1,
    "jy": 1595895515963762.2,
    "jz": 1045266123023547.6,
    "rho": 2211742630.95043
  }
}