{
  "beam": {
    "particle_cpu": 0.0,
    "particle_id": 5050.0,
    "particle_momentum_x": 3.75585542254144e-20,
    "particle_momentum_y": 4.840083929165405e-20,
    "particle_momentum_z": 1.3449209958419779e-17,
    "particle_position_x": 6.521151743263757e-05,
    "particle_position_y": 0.0026764107591631856,
    "particle_theta": 148.11858708296535,
    "particle_weight": 6241509.074460764
  },
  "electrons": {
    "particle_cpu": 4128.0,
    "particle_id": 10445216.0,
    "particle_momentum_x": 2.1143843471854137e-24,
    "particle_momentum_y": 3.9172628978456397e-22,
    "particle_momentum_z": 1.2567935092687156e-23,
    "particle_position_x": 0.04160250004822599,
    "particle_position_y": 0.047891250425121774,
    "particle_theta": 7325.124728188977,
    "particle_weight": 813672305.532158
  },
  "lev=0": {
    "Bx": 101777.04469954837,
    "By": 1246.471855929747,
    "Bz": 4515.216486942658,
    "Ex": 207743642694.52914,
    "Ey": 37797702339829.05,
    "Ez": 557241122055.2582,
    "jx": 1521160899070.9502,
    "jy": 2.1477215558312566e+17,
    "jz": 1801600163260722.8,
    "rho": 38675634.14778979
  }
}