{
  "beam": {
    "particle_cpu": 0.0,
    "particle_id": 500500.0,
    "particle_momentum_x": 4.40462890925364e-19,
    "particle_momentum_y": 4.375137239523109e-19,
    "particle_momentum_z": 2.680882004211874e-18,
    "particle_position_x": 0.0008126719835048633,
    "particle_position_y": 0.3596147573048867,
    "particle_weight": 62415090744.60765
  },
  "electrons": {
    "particle_cpu": 1200.0,
    "particle_id": 1392000.0,
    "particle_momentum_x": 6.298349212252304e-27,
    "particle_momentum_y": 2.561148418501456e-22,
    "particle_momentum_z": 3.260682694944152e-18,
    "particle_position_x": 0.07200000000522772,
    "particle_position_y": 0.04041094681568249,
    "particle_weight": 7.205670325760674e+16
  },
  "ions": {
    "particle_cpu": 1200.0,
    "particle_id": 1538400.0,
    "particle_momentum_x": 7.735238331787035e-30,
    "particle_momentum_y": 2.5611484347706925e-22,
    "particle_momentum_z": 5.987111293060833e-15,
    "particle_position_x": 0.072,
    "particle_position_y": 0.04041094673206954,
    "particle_weight": 7.205670325760674e+16
  },
  "lev=0": {
    "Bx": 7184.61882482539,
    "By": 16.4037413545443,
    "Bz": 425.9047227935015,
    "Ex": 4521910492.804907,
    "Ey": 1984268991281.822,
    "Ez": 6311213919.620141,
    "jx": 5149718663.396253,
    "jy": 553920326620677.8,
    "jz": 449484368025.6876,
    "rho": 1569.622284687195
  }
}
