{
  "lev=0": {
    "Bx": 1359543429.1886473,
    "Bz": 19615859.675436683,
    "Ex": 89784564032986.52,
    "Ey": 4.0742506165695776e+17,
    "Ez": 6062024051006453.0,
    "jx": 0.0,
    "jy": 6.091500946641496e+18,
    "jz": 0.0
  }
}
