{
  "beam": {
    "particle_cpu": 0.0,
    "particle_id": 5050.0,
    "particle_momentum_x": 4.561019131383119e-20,
    "particle_momentum_y": 4.149842919134552e-20,
    "particle_momentum_z": 1.364708476750903e-17,
    "particle_position_x": 4.652770082118157e-05,
    "particle_position_y": 0.001484501913502292,
    "particle_weight": 12483018148921.525
  },
  "electrons": {
    "particle_cpu": 4788.0,
    "particle_id": 13694226.0,
    "particle_momentum_x": 4.2751178407573573e-20,
    "particle_momentum_y": 1.9580305087551049e-19,
    "particle_momentum_z": 8.913655221012198e-20,
    "particle_position_x": 0.04741929968294934,
    "particle_position_y": 0.08483137297620588,
    "particle_weight": 119232421874999.98
  },
  "lev=0": {
    "Bx": 24121595.02471585,
    "By": 78232.13397859206,
    "Bz": 601058.5314543134,
    "Ex": 22865766698494.82,
    "Ey": 6508549201873332.0,
    "Ez": 32072534017950.55,
    "jx": 1130516319665756.0,
    "jy": 2.325136305137274e+18,
    "jz": 6769519391624705.0,
    "rho": 152898720.2638083
  },
  "lev=1": {
    "Bx": 53303280.78531405,
    "By": 213820.3084522391,
    "Bz": 1321618.978929098,
    "Ex": 47846019388623.05,
    "Ey": 1.455101409934242e+16,
    "Ez": 65304502775874.59,
    "jx": 46169274324016.0,
    "jy": 9.274837523569297e+18,
    "jz": 1.926277235505425e+16,
    "rho": 67304284.98422323
  }
}
