{
  "electrons": {
    "particle_cpu": 0.0,
    "particle_id": 15042924788.0,
    "particle_momentum_x": 5.740883863450743e-18,
    "particle_momentum_y": 0.0,
    "particle_momentum_z": 6.600655759890705e-18,
    "particle_position_x": 0.21665941064456773,
    "particle_position_y": 0.18710469426045745,
    "particle_weight": 1.0679921777413857e+18
  },
  "hydrogen": {
    "particle_cpu": 0.0,
    "particle_id": 60113161418.0,
    "particle_momentum_x": 9.042393503665328e-18,
    "particle_momentum_y": 0.0,
    "particle_momentum_z": 5.152241928627923e-18,
    "particle_position_x": 0.21233168237125435,
    "particle_position_y": 0.21236998062984017,
    "particle_weight": 1.0679921777413861e+18
  },
  "lev=0": {
    "Bx": 0.0,
    "By": 179478923.04290944,
    "Bz": 0.0,
    "Ex": 5.025441751797579e+16,
    "Ey": 0.0,
    "Ez": 7804039501351161.0,
    "jx": 1.1795616964119449e+20,
    "jy": 0.0,
    "jz": 7.413959422336308e+19,
    "rho": 893318471772.7588,
    "rho_electrons": 74759628935311.0,
    "rho_hydrogen": 74759628935311.02
  }
}