{
  "lev=0": {
    "Bx": 1063691.2596777605,
    "Bz": 28800.5707639312,
    "Ex": 644507863395.5303,
    "Ey": 318419078738839.2,
    "Ez": 9793313204958.16,
    "jx": 0.0,
    "jy": 9.025649773595698e+17,
    "jz": 0.0
  }
}