{
  "beam": {
    "particle_cpu": 0.0,
    "particle_id": 5050.0,
    "particle_momentum_x": 3.75585542254144e-20,
    "particle_momentum_y": 4.840083929165405e-20,
    "particle_momentum_z": 1.3449209958419779e-17,
    "particle_position_x": 6.521151743263757e-05,
    "particle_position_y": 0.0026764107591631856,
    "particle_theta": 148.11858708296535,
    "particle_weight": 6241509.074460764
  },
  "electrons": {
    "particle_cpu": 4128.0,
    "particle_id": 10445216.0,
    "particle_momentum_x": 2.1143843471854137e-24,
    "particle_momentum_y": 3.9172628978456397e-22,
    "particle_momentum_z": 1.2567935092687156e-23,
    "particle_position_x": 0.04160250004822599,
    "particle_position_y": 0.047891250425121774,
    "particle_theta": 7325.124728188977,
    "particle_weight": 813672305.532158
  },
  "lev=0": {
    "Bx": 101777.04469954837,
    "By": 1246.471855929747,
    "Bz": 4515.216486942658,
    "Ex": 207743642694.52914,
    "Ey": 37797702339829.05,
    "Ez": 557241122055.2582,
    "jx": 1521160899070.9502,
    "jy": 2.1477215558312566e+17,
    "jz": 1801600163260722.8,
    "rho": 38675634.14778979,
    "Br_0_real": 0.3817062255812469,
    "Br_1_imag": 155.33494564590396,
    "Br_1_real": 101777.25029641364,
    "Btheta_0_real": 1246.3204414544591,
    "Btheta_1_imag": 103433.11809249174,
    "Btheta_1_real": 169.24039862049415,
    "Bz_0_real": 0.38796993291270876,
    "Bz_1_imag": 0.828060337987101,
    "Bz_1_real": 4515.086723258989,
    "Er_0_real": 206594937041.90228,
    "Er_1_imag": 38547072210478.31,
    "Er_1_real": 42353719361.00897,
    "Etheta_0_real": 128268591.99894254,
    "Etheta_1_imag": 35752761372.73228,
    "Etheta_1_real": 37797765694997.164,
    "Ez_0_real": 523227661392.01624,
    "Ez_1_imag": 1421942831028.3716,
    "Ez_1_real": 46224077114.8001,
    "Jr_0_real": 1483876082511.2114,
    "Jr_1_imag": 2.2670932799301846e+17,
    "Jr_1_real": 1631543983671.9358,
    "Jtheta_0_real": 500862570830.0607,
    "Jtheta_1_imag": 886105306242.169,
    "Jtheta_1_real": 2.1477198257660832e+17,
    "Jz_0_real": 1650635472156679.2,
    "Jz_1_imag": 365106436892618.2,
    "Jz_1_real": 350897609824031.44,
    "rho_0_real": 38186956.98106836,
    "rho_1_imag": 20418297.54662601,
    "rho_1_real": 1026560.8408702643
  }
}
