{
  "beam": {
    "particle_cpu": 0.0,
    "particle_id": 35060500.0,
    "particle_momentum_x": 4.3244537833987973e-19,
    "particle_momentum_y": 4.51585729236226e-19,
    "particle_momentum_z": 2.666058436389631e-18,
    "particle_position_x": 0.0007815782670743121,
    "particle_position_y": 0.35944477677650344,
    "particle_weight": 62415090744.60765
  },
  "electrons": {
    "particle_cpu": 1140.0,
    "particle_id": 43482810.0,
    "particle_momentum_x": 4.8513146378506466e-27,
    "particle_momentum_y": 2.198172635551489e-22,
    "particle_momentum_z": 3.0976485630303994e-18,
    "particle_position_x": 0.06840000000361957,
    "particle_position_y": 0.03930013819602824,
    "particle_weight": 6.28658221073865e+16
  },
  "ions": {
    "particle_cpu": 1140.0,
    "particle_id": 43628730.0,
    "particle_momentum_x": 3.360051969962725e-30,
    "particle_momentum_y": 2.1981727064697293e-22,
    "particle_momentum_z": 5.687755728408194e-15,
    "particle_position_x": 0.0684,
    "particle_position_y": 0.0393001381332615,
    "particle_weight": 6.28658221073865e+16
  },
  "lev=0": {
    "Bx": 7187.973258845824,
    "By": 16.40364440449975,
    "Bz": 426.103118917313,
    "Ex": 4521887802.403418,
    "Ey": 1984359719957.4739,
    "Ez": 6310696230.623612,
    "jx": 5122915921.273047,
    "jy": 551785946484956.7,
    "jz": 448986139469.4084
  }
}