{
  "electrons": {
    "particle_momentum_x": 0.0,
    "particle_momentum_y": 0.0,
    "particle_momentum_z": 0.0,
    "particle_orig_z": 0.0,
    "particle_position_x": 0.0,
    "particle_regionofinterest": 0.0,
    "particle_weight": 0.0
  },
  "lev=0": {
    "Bx": 178016.89264546678,
    "By": 0.0,
    "Bz": 0.0,
    "Ex": 0.0,
    "Ey": 40878300517906.74,
    "Ez": 12662514703.092445,
    "jx": 0.0,
    "jy": 30370448611224.453,
    "jz": 5611270121187.104,
    "rho": 3111231.7579507306
  }
}