{
  "lev=0": {
    "Bx": 19699663.44037336,
    "By": 101299939.0791143,
    "Bz": 39796240.63982911,
    "Ex": 1.388065758946779e+16,
    "Ey": 1.322086684955721e+16,
    "Ez": 2.68335317689213e+16,
    "jx": 4.144286985968038e+16,
    "jy": 4.144286947644162e+16,
    "jz": 8.288574281440642e+16
  }
}