{
    "lev=0": {
      "Br": 100336707.40892401,
      "Bz": 2511034.282471315,
      "Er": 1345.9061208873482,
      "Et": 3.0062691286753736e+16,
      "Ez": 347.1454266104426,
      "jr": 796907.7428862932,
      "jt": 4.308878419607709e+17,
      "jz": 0.0
    }
  }