{
  "lev=0": {
    "Bx": 5863879.051452597,
    "By": 2411.5124004699082,
    "Bz": 116025.40178726945,
    "Ex": 6267725953308.365,
    "Ey": 1670763222566621.8,
    "Ez": 104345977762699.77,
    "jx": 555688154318027.4,
    "jy": 1595897074125252.8,
    "jz": 1045267363178542.9,
    "rho": 2205684400.3678846
  },
  "electrons": {
    "particle_initialenergy": 0.0,
    "particle_regionofinterest": 1936.0,
    "particle_position_x": 0.7139122620952513,
    "particle_position_y": 0.7150340902640349,
    "particle_position_z": 1.317577060220835,
    "particle_momentum_x": 1.7921232385614662e-20,
    "particle_momentum_y": 7.22582607277354e-20,
    "particle_momentum_z": 4.231730764749506e-20,
    "particle_weight": 12926557617.187498
  }
}
