{
  "electrons": {
    "particle_cpu": 0.0,
    "particle_id": 0.0,
    "particle_momentum_x": 0.0,
    "particle_momentum_y": 0.0,
    "particle_momentum_z": 0.0,
    "particle_orig_z": 0.0,
    "particle_position_x": 0.0,
    "particle_regionofinterest": 0.0,
    "particle_weight": 0.0
  },
  "lev=0": {
    "Bx": 178016.7504669478,
    "By": 0.0,
    "Bz": 0.0,
    "Ex": 0.0,
    "Ey": 40878227583310.83,
    "Ez": 568254685.6950157,
    "jx": 0.0,
    "jy": 30442928969125.46,
    "jz": 1108530282155.6707,
    "rho": 3127749.1976868743
  }
}