{
  "electrons": {
    "particle_cpu": 69212.0,
    "particle_id": 2655287162.0,
    "particle_momentum_x": 1.792122923640761e-20,
    "particle_momentum_y": 7.225825184653885e-20,
    "particle_momentum_z": 4.231731488281653e-20,
    "particle_position_x": 0.7139122548077861,
    "particle_position_y": 0.7150340437975914,
    "particle_position_z": 1.3175770609645199,
    "particle_weight": 12926557617.187498
  },
  "lev=0": {
    "Bx": 5863879.02030842,
    "By": 2411.495350685753,
    "Bz": 116025.42462999,
    "Ex": 6267728094111.663,
    "Ey": 1670763233105822.0,
    "Ez": 104345840182128.1,
    "jx": 555687912108453.8,
    "jy": 1595896363359136.0,
    "jz": 1045267552192496.0,
    "rho": 2211743043.5912476
  }
}