{
  "beam": {
    "particle_momentum_x": 1.201344327476927e-17,
    "particle_momentum_y": 2.577759074118799e-17,
    "particle_momentum_z": 5.156430044000534e-14,
    "particle_position_x": 0.0005594257572323838,
    "particle_position_y": 0.0009459555506293232,
    "particle_position_z": 2.980004837838842,
    "particle_weight": 62415.090744607616
  },
  "electrons": {
    "particle_momentum_x": 1.026352442698909e-18,
    "particle_momentum_y": 7.171541796053282e-19,
    "particle_momentum_z": 2.772995492912591e-18,
    "particle_position_x": 0.008129115200102,
    "particle_position_y": 0.006696620270812796,
    "particle_position_z": 0.3913460920547405,
    "particle_weight": 3686736783773.044
  },
  "lev=0": {
    "Bx": 614718199.5745903,
    "By": 364491793.6840792,
    "Bz": 18641901.54240325,
    "Ex": 1.066586209828194e+17,
    "Ey": 1.8111647096385e+17,
    "Ez": 2.568616859270721e+16,
    "jx": 1.203716869906446e+18,
    "jy": 2.493718354517017e+18,
    "jz": 3.187405693866988e+19,
    "rho": 103437372510.1984
  }
}