{
  "electrons": {
    "particle_cpu": 69212.0,
    "particle_id": 2655287162.0,
    "particle_momentum_x": 1.79212316501518e-20,
    "particle_momentum_y": 7.225819832716737e-20,
    "particle_momentum_z": 4.231725460519779e-20,
    "particle_position_x": 0.7139122621161638,
    "particle_position_y": 0.7150340887578206,
    "particle_position_z": 1.317577060864619,
    "particle_weight": 12926557617.187498
  },
  "lev=0": {
    "Bx": 5863879.027613791,
    "By": 2411.49823974812,
    "Bz": 116025.4367923822,
    "Ex": 6267728226590.701,
    "Ey": 1670763224821434.0,
    "Ez": 104345981838458.8,
    "jx": 555687757148559.1,
    "jy": 1595895515963762.0,
    "jz": 1045266123023548.0,
    "rho": 2211742630.95043
  }
}