{
  "lev=0": {
    "Bx": 639777218.3927623,
    "By": 391573860.4006858,
    "Bz": 18781107.624953773,
    "Ex": 1.1482801956656333e+17,
    "Ey": 1.8869688903871968e+17,
    "Ez": 2.602820737277261e+16,
    "jx": 1.198269687436249e+18,
    "jy": 2.5013407905862236e+18,
    "jz": 3.549741933887459e+19,
    "rho": 115134956055.28424
  },
  "electrons": {
    "particle_momentum_x": 1.0928651983029356e-18,
    "particle_momentum_y": 7.520148301701908e-19,
    "particle_momentum_z": 3.2032261583522523e-18,
    "particle_position_x": 0.008770116115438011,
    "particle_position_y": 0.006616713237302155,
    "particle_position_z": 0.40319700526331503,
    "particle_weight": 3798456080251.0156
  },
  "beam": {
    "particle_momentum_x": 1.200972020818253e-17,
    "particle_momentum_y": 2.585032191294136e-17,
    "particle_momentum_z": 5.156440999710004e-14,
    "particle_position_x": 0.0005594903971592459,
    "particle_position_y": 0.0009455111024922463,
    "particle_position_z": 2.9800048377607977,
    "particle_weight": 62415.090744607616
  }
}
