{
  "lev=0": {
    "Bx": 37933851.947777085,
    "By": 0.0,
    "Bz": 370514.06076026865,
    "Ex": 0.0,
    "Ey": 1.1217131876606282e+16,
    "Ez": 0.0,
    "jx": 0.0,
    "jy": 0.0,
    "jz": 0.0
  }
}