{
  "beam": {
    "particle_cpu": 0.0,
    "particle_id": 5050.0,
    "particle_momentum_x": 4.391106900298183e-20,
    "particle_momentum_y": 4.5449265649476904e-20,
    "particle_momentum_z": 1.3496682187803824e-17,
    "particle_position_x": 6.523449261904944e-05,
    "particle_position_y": 0.0026764108749927455,
    "particle_theta": 148.04042863774637,
    "particle_weight": 6241509.074460764
  },
  "electrons": {
    "particle_cpu": 4128.0,
    "particle_id": 10445216.0,
    "particle_momentum_x": 3.221375736217804e-24,
    "particle_momentum_y": 3.9067016943869266e-22,
    "particle_momentum_z": 1.371753970900497e-23,
    "particle_position_x": 0.041602500045359654,
    "particle_position_y": 0.04789125041898898,
    "particle_theta": 6754.424205218055,
    "particle_weight": 813672305.532158
  },
  "lev=0": {
    "Bx": 101568.56443034408,
    "By": 1224.3046117091226,
    "Bz": 4142.575962368743,
    "Ex": 204754846120.36096,
    "Ey": 37715481920582.85,
    "Ez": 548241772266.4032,
    "jx": 913428495169.505,
    "jy": 2.1552131562722285e+17,
    "jz": 1772965958612206.2,
    "rho": 38578930.47726787
  }
}