{
  "beam": {
    "particle_cpu": 0.0,
    "particle_id": 500500.0,
    "particle_momentum_x": 4.40462890925364e-19,
    "particle_momentum_y": 4.375137239523109e-19,
    "particle_momentum_z": 2.6808820042118736e-18,
    "particle_position_x": 0.0008126719835048633,
    "particle_position_y": 0.3596147573048867,
    "particle_weight": 62415090744.60765
  },
  "electrons": {
    "particle_cpu": 1200.0,
    "particle_id": 1392000.0,
    "particle_momentum_x": 6.2983505352251814e-27,
    "particle_momentum_y": 2.5611486433369074e-22,
    "particle_momentum_z": 3.260682694944147e-18,
    "particle_position_x": 0.07200000000522772,
    "particle_position_y": 0.040410946815682504,
    "particle_weight": 7.205670325760674e+16
  },
  "ions": {
    "particle_cpu": 1200.0,
    "particle_id": 1538400.0,
    "particle_momentum_x": 7.73523770301275e-30,
    "particle_momentum_y": 2.5611486596061174e-22,
    "particle_momentum_z": 5.987111293060833e-15,
    "particle_position_x": 0.072,
    "particle_position_y": 0.04041094673206954,
    "particle_weight": 7.205670325760674e+16
  },
  "lev=0": {
    "Bx": 7184.641132345461,
    "By": 16.42963921477926,
    "Bz": 425.9213641032897,
    "Ex": 4509329694.602806,
    "Ey": 1984276461005.9048,
    "Ez": 6310104620.917465,
    "jx": 4752150463.6297245,
    "jy": 553920892529501.3,
    "jz": 450362837774.94794,
    "rho": 1569.6222851908453
  }
}