{
  "lev=0": {
    "Br": 100278645.72225758,
    "Bz": 2509008.1146699777,
    "Er": 3.258880159474263,
    "Et": 3.0045297157982412e+16,
    "Ez": 0.24010979707502123,
    "jr": 50.13668665903749,
    "jt": 4.305139762894391e+17,
    "jz": 0.0
  }
}
