{
  "beam": {
    "particle_cpu": 0.0,
    "particle_id": 500500.0,
    "particle_momentum_x": 4.3244537833987973e-19,
    "particle_momentum_y": 4.51585729236226e-19,
    "particle_momentum_z": 2.666058436389631e-18,
    "particle_position_x": 0.0007815782670743121,
    "particle_position_y": 0.3594447784819653,
    "particle_weight": 62415090744.60765
  },
  "electrons": {
    "particle_cpu": 1140.0,
    "particle_id": 1254690.0,
    "particle_momentum_x": 4.851331230863139e-27,
    "particle_momentum_y": 2.198180048358965e-22,
    "particle_momentum_z": 3.0976485630303324e-18,
    "particle_position_x": 0.06840000000361958,
    "particle_position_y": 0.03930011372955363,
    "particle_weight": 6.286568807682775e+16
  },
  "ions": {
    "particle_cpu": 1140.0,
    "particle_id": 1390110.0,
    "particle_momentum_x": 3.360052546384035e-30,
    "particle_momentum_y": 2.198180119275469e-22,
    "particle_momentum_z": 5.687755728408193e-15,
    "particle_position_x": 0.0684,
    "particle_position_y": 0.03930011366678667,
    "particle_weight": 6.286568807682775e+16
  },
  "lev=0": {
    "Bx": 7187.979848926262,
    "By": 16.403644314084197,
    "Bz": 426.1038182095041,
    "Ex": 4521887740.546031,
    "Ey": 1984362395569.876,
    "Ez": 6310696182.771291,
    "jx": 5122916244.366513,
    "jy": 551784512404872.8,
    "jz": 448986163636.4643,
    "rho": 1568.420379535507
  }
}