{
  "electrons": {
    "particle_cpu": 0.0,
    "particle_id": 2101654260.0,
    "particle_momentum_x": 3.819006669880345e-19,
    "particle_momentum_y": 0.0,
    "particle_momentum_z": 1.6442919544438796e-18,
    "particle_position_x": 0.008132686129387588,
    "particle_position_y": 0.030529759891592873,
    "particle_weight": 2.641331189632942e+17
  },
  "hydrogen": {
    "particle_cpu": 0.0,
    "particle_id": 8663540542.0,
    "particle_momentum_x": 2.2442931423587623e-18,
    "particle_momentum_y": 0.0,
    "particle_momentum_z": 1.0841108905602765e-18,
    "particle_position_x": 0.008258183385250792,
    "particle_position_y": 0.03668783554832863,
    "particle_weight": 2.701906737218416e+17
  },
  "lev=0": {
  }
}
