{
  "beam": {
    "particle_cpu": 0.0,
    "particle_id": 5050.0,
    "particle_momentum_x": 4.3910959229136746e-20,
    "particle_momentum_y": 4.5449319558312995e-20,
    "particle_momentum_z": 1.3496674867194975e-17,
    "particle_position_x": 6.523448789487354e-05,
    "particle_position_y": 0.0026764108749930122,
    "particle_theta": 148.0404285940771,
    "particle_weight": 6241509.074460764
  },
  "electrons": {
    "particle_cpu": 4128.0,
    "particle_id": 10445216.0,
    "particle_momentum_x": 3.2048286176059666e-24,
    "particle_momentum_y": 6.250807154005757e-22,
    "particle_momentum_z": 1.3669560549075696e-23,
    "particle_position_x": 0.04160250000177469,
    "particle_position_y": 0.04789125070367979,
    "particle_theta": 6754.424205218055,
    "particle_weight": 813672305.5321579
  },
  "lev=0": {
    "rho": 38984833.03605626,
    "Bx": 130251.30343202608,
    "By": 1245.03854690064,
    "Bz": 5405.2228190879605,
    "Ex": 207583479874.0158,
    "Ey": 46261581432526.1,
    "Ez": 556826342131.5586,
    "jx": 1194737793717.6147,
    "jy": 2.058159763210097e+17,
    "jz": 1796942413288391.8
  }
}
