{
  "lev=0": {
    "Bx": 1.969978237442240e+07,
    "By": 1.012283529722393e+08,
    "Bz": 3.979655963688197e+07,
    "Ex": 1.386450237811739e+16,
    "Ey": 1.322095211476477e+16,
    "Ez": 2.682470215548235e+16,
    "jx": 4.144287847857446e+16,
    "jy": 4.144287809641780e+16,
    "jz": 8.288576005435654e+16
  }
}