{
  "lev=0": {
    "Bx": 0.0,
    "By": 427936.33415736846,
    "Bz": 0.0,
    "Ex": 127078291133419.6,
    "Ey": 0.0,
    "Ez": 5664108687174.143,
    "divB": 0.0,
    "jx": 6.137404954265724e+17,
    "jy": 0.0,
    "jz": 0.0,
    "part_per_cell": 0.0
  },
  "lev=1": {
    "Bx": 0.0,
    "By": 1234346.3811825265,
    "Bz": 0.0,
    "Ex": 369321181489775.1,
    "Ey": 0.0,
    "Ez": 17591468778544.74,
    "divB": 0.0,
    "jx": 2.4549619817062897e+18,
    "jy": 0.0,
    "jz": 0.0,
    "part_per_cell": 102.0
  }
}