{
  "lev=0": {
    "Br": 193619956.9879392,
    "Bz": 4691018.480978214,
    "Er": 197265445300168.38,
    "Et": 5.972016823892645e+16,
    "Ez": 1383831581199501.0,
    "jr": 18581252675.28125,
    "jt": 1.194996054262225e+18,
    "jz": 0.0
  }
}
