{
  "lev=0": {
    "Br": 200017483.11124495,
    "Bz": 4853774.363010781,
    "Er": 195991045571624.53,
    "Et": 5.673443453613198e+16,
    "Ez": 1434607603497291.2,
    "jr": 0.0,
    "jt": 9.338788430554544,
    "jz": 0.0
  }
}