{
  "electrons": {
    "particle_cpu": 69212.0,
    "particle_id": 2655287162.0,
    "particle_momentum_x": 1.7927389016680068e-20,
    "particle_momentum_y": 7.226328445224444e-20,
    "particle_momentum_z": 4.2323696789980776e-20,
    "particle_position_x": 0.7139122548077861,
    "particle_position_y": 0.7150340437975914,
    "particle_position_z": 1.3175770609645199,
    "particle_weight": 12926557617.187498
  },
  "lev=0": {
    "Bx": 5863857.817897017,
    "By": 2411.6004969074365,
    "Bz": 116028.92381573828,
    "Ex": 6268723833912.179,
    "Ey": 1670757908382730.2,
    "Ez": 104345840182128.1,
    "jx": 555906521750828.2,
    "jy": 1596094484782223.5,
    "jz": 1045525028952434.1,
    "rho": 2211743043.5912476
  }
}