{
  "beam": {
    "particle_momentum_x": 3.880115499392648e-20,
    "particle_momentum_y": 5.07820548292446e-20,
    "particle_momentum_z": 1.3503614921828295e-17,
    "particle_position_x": 6.242131246165356e-05,
    "particle_position_y": 0.0026764363296957524,
    "particle_theta": 151.40798444325364,
    "particle_weight": 6241509.074460764
  },
  "electrons": {
    "particle_momentum_x": 1.886388623495423e-24,
    "particle_momentum_y": 3.989021920324841e-22,
    "particle_momentum_z": 1.2499427438675522e-23,
    "particle_orig_x": 0.026508328457558912,
    "particle_orig_z": 0.04789125000000001,
    "particle_position_x": 0.041602500066712574,
    "particle_position_y": 0.047891250456211995,
    "particle_theta": 7325.121562757762,
    "particle_weight": 813672305.532158
  },
  "lev=0": {
    "Br_0_real": 0.27473108145012964,
    "Br_1_imag": 104.10424416504374,
    "Br_1_real": 104965.62622212195,
    "Btheta_0_real": 1297.3299824026299,
    "Btheta_1_imag": 105725.25637121125,
    "Btheta_1_real": 141.25524413452112,
    "Bx": 104965.6138283532,
    "By": 1296.2727613183374,
    "Bz": 5076.743764997268,
    "Bz_0_real": 0.46038147543152824,
    "Bz_1_imag": 1.007452397747621,
    "Bz_1_real": 5076.631353934757,
    "Er_0_real": 271974182110.8858,
    "Er_1_imag": 39530787290253.98,
    "Er_1_real": 42616765306.284,
    "Etheta_0_real": 112249661.08828562,
    "Etheta_1_imag": 33602739100.133934,
    "Etheta_1_real": 39016517445019.95,
    "Ex": 273570655229.63535,
    "Ey": 39016542452492.57,
    "Ez": 511653044133.8529,
    "Ez_0_real": 496845145101.94775,
    "Ez_1_imag": 1245709559726.1033,
    "Ez_1_real": 24849961919.57713,
    "Jr_0_real": 1264766566288.467,
    "Jr_1_imag": 2.335663089152921e+17,
    "Jr_1_real": 2273346021690.177,
    "Jtheta_0_real": 475301266327.4687,
    "Jtheta_1_imag": 1028946515774.2778,
    "Jtheta_1_real": 2.176637922654668e+17,
    "Jz_0_real": 1832469154489130.8,
    "Jz_1_imag": 556484676782123.3,
    "Jz_1_real": 602703174081284.9,
    "jx": 1750423139263.8418,
    "jy": 2.176637920803457e+17,
    "jz": 1954078914516329.2,
    "rho": 39314213.383921936,
    "rho_0_real": 38889619.16177814,
    "rho_1_imag": 21546507.958223887,
    "rho_1_real": 2012888.0198535046
  }
}
