{
  "lev=0": {
    "Bx": 497087553.4743837,
    "By": 252364344.72213668,
    "Bz": 16986109.62608196,
    "Ex": 7.304419665394173e+16,
    "Ey": 1.4583459400150573e+17,
    "Ez": 2.261309965998215e+16,
    "jx": 8.273582439836952e+17,
    "jy": 2.1044181577417728e+18,
    "jz": 2.84208498868846e+19,
    "rho": 91637594416.50476
  },
  "electrons": {
    "particle_momentum_x": 5.922677819206403e-20,
    "particle_momentum_y": 2.7778096010261295e-19,
    "particle_momentum_z": 4.183846407463124e-19,
    "particle_position_x": 0.0025865980636989934,
    "particle_position_y": 0.002652673793955211,
    "particle_position_z": 0.18411922027879662,
    "particle_weight": 1731649095408.5505
  },
  "beam": {
    "particle_momentum_x": 1.1925686969448298e-17,
    "particle_momentum_y": 2.570810132551278e-17,
    "particle_momentum_z": 5.156190278524037e-14,
    "particle_position_x": 0.0005608477913384702,
    "particle_position_y": 0.0008431191912437461,
    "particle_position_z": 2.9800048756186395,
    "particle_weight": 62415.090744607616
  }
}
