{
  "lev=0": {
    "Bx": 100140329.18826066,
    "Bz": 1444865.1133998123,
    "Ex": 0.0,
    "Ey": 3.00098462300624e+16,
    "Ez": 0.0,
    "jx": 0.0,
    "jy": 4.487211511447097e+17,
    "jz": 0.0
  }
}
