{
  "lev=0": {
    "Bx": 495026592.9219645,
    "By": 251914973.8341572,
    "Bz": 17048578.845637433,
    "Ex": 7.289618033757245e+16,
    "Ey": 1.4525731306458912e+17,
    "Ez": 2.2780255257976256e+16,
    "jx": 8.325596939083601e+17,
    "jy": 2.1169011028490266e+18,
    "jz": 2.820000885463626e+19,
    "rho": 90925247369.74571
  },
  "beam": {
    "particle_momentum_x": 1.200972020818253e-17,
    "particle_momentum_y": 2.585032191294136e-17,
    "particle_momentum_z": 5.156440999710004e-14,
    "particle_position_x": 0.0005594903971592459,
    "particle_position_y": 0.0009455111024922463,
    "particle_position_z": 2.9800048377607977,
    "particle_weight": 62415.090744607616
  },
  "electrons": {
    "particle_momentum_x": 5.669193720249795e-20,
    "particle_momentum_y": 2.6701387199561893e-19,
    "particle_momentum_z": 4.3310768349860984e-19,
    "particle_position_x": 0.0026660126245206086,
    "particle_position_y": 0.0025391121506156303,
    "particle_position_z": 0.17816758811050498,
    "particle_weight": 1675789447169.5652
  }
}
