{
  "lev=0": {
    "Bx": 497087553.4743837,
    "By": 252364344.72213668,
    "Bz": 16986109.626081955,
    "Ex": 7.304419665394173e+16,
    "Ey": 1.4583459400150573e+17,
    "Ez": 2.261309965998215e+16,
    "jx": 8.273582439836954e+17,
    "jy": 2.1044181577417728e+18,
    "jz": 2.84208498868846e+19,
    "rho": 91637594416.50476
  },
  "beam": {
    "x": 0.0005608477913384702,
    "y": 0.0008431191912437461,
    "z": 2.9800048756186395,
    "ux": 43669.04627066459,
    "uy": 94136.98927288604,
    "uz": 188807497.99156737,
    "w": 62415.090744607616
  },
  "electrons": {
    "x": 0.0025865980636989934,
    "y": 0.002652673793955211,
    "z": 0.18411922027879662,
    "ux": 216.87445963972692,
    "uy": 1017.1682043061217,
    "uz": 1532.0256420021826,
    "w": 1731649095408.5505
  },
  "ions": {
    "x": 0.0,
    "y": 0.0,
    "z": 0.0,
    "ux": 0.0,
    "uy": 0.0,
    "uz": 0.0,
    "w": 0.0
  }
}
