{
  "lev=0": {
    "Bx": 497756265.44724107,
    "By": 252197580.117894,
    "Bz": 16988475.5444833,
    "Ex": 7.299911104263803e+16,
    "Ey": 1.460116488178734e+17,
    "Ez": 2.26033100286114e+16,
    "jx": 8.27644503757345e+17,
    "jy": 2.1062078409959675e+18,
    "jz": 2.8491727096438305e+19,
    "rho": 91863764144.41415
  },
  "electrons": {
    "particle_momentum_x": 5.76165226700654e-20,
    "particle_momentum_y": 2.7567389504898156e-19,
    "particle_momentum_z": 4.134562048099117e-19,
    "particle_position_x": 0.0025269863605945427,
    "particle_position_y": 0.0024538321295153346,
    "particle_position_z": 0.17818421763751244,
    "particle_weight": 1675789447169.5652
  },
  "beam": {
    "particle_momentum_x": 1.1926313055043134e-17,
    "particle_momentum_y": 2.7056205218547404e-17,
    "particle_momentum_z": 5.1562131494813424e-14,
    "particle_position_x": 0.000560821518739447,
    "particle_position_y": 0.000800729816549036,
    "particle_position_z": 2.9800048650570097,
    "particle_weight": 62415.090744607616
  }
}