{
  "lev=0": {
    "Br": 200017483.1112451,
    "Bz": 4853774.363010792,
    "Er": 195991045571570.34,
    "Et": 5.673443453613202e+16,
    "Ez": 1434607603497293.2,
    "jr": 0.0,
    "jt": 35.458466603549695,
    "jz": 0.0
  }
}
