{
  "lev=0": {
    "Bx": 7082341.227695532,
    "By": 0.0,
    "Bz": 0.0,
    "Ex": 0.0,
    "Ey": 2117697900169525.8,
    "Ez": 376385401015686.56,
    "jx": 0.0,
    "jy": 3.729712676257296e+16,
    "jz": 2.3821271936713434e+17,
    "rho": 797283339.3630817
  }
}