{
  "beam": {
    "particle_cpu": 0.0,
    "particle_id": 500500.0,
    "particle_momentum_x": 4.40462890925364e-19,
    "particle_momentum_y": 4.375137239523109e-19,
    "particle_momentum_z": 2.680882004211874e-18,
    "particle_position_x": 0.0008126719835048633,
    "particle_position_y": 0.3596147573048867,
    "particle_weight": 62415090744.60765
  },
  "electrons": {
    "particle_cpu": 1200.0,
    "particle_id": 1392000.0,
    "particle_momentum_x": 6.2983505352251814e-27,
    "particle_momentum_y": 2.5611486433369074e-22,
    "particle_momentum_z": 3.260682694944147e-18,
    "particle_position_x": 0.07200000000522772,
    "particle_position_y": 0.040410946815682504,
    "particle_weight": 7.205670325760674e+16
  },
  "ions": {
    "particle_cpu": 1200.0,
    "particle_id": 1538400.0,
    "particle_momentum_x": 7.73523770301275e-30,
    "particle_momentum_y": 2.5611486596061174e-22,
    "particle_momentum_z": 5.987111293060833e-15,
    "particle_position_x": 0.072,
    "particle_position_y": 0.04041094673206954,
    "particle_weight": 7.205670325760674e+16
  },
  "lev=0": {
    "Bx": 7184.624894504887,
    "By": 16.40374135459896,
    "Bz": 425.9052909668436,
    "Ex": 4521910492.824564,
    "Ey": 1984270886793.0562,
    "Ez": 6311213919.836859,
    "jx": 5149718687.8228445,
    "jy": 553920543103843.56,
    "jz": 449484368260.1826,
    "rho": 1569.6222851908453
  }
}