{
  "beam": {
    "particle_cpu": 0.0,
    "particle_id": 214748364400.0,
    "particle_momentum_x": 4.3785337042075496e-20,
    "particle_momentum_y": 4.5440373609847146e-20,
    "particle_momentum_z": 1.3481388908218515e-17,
    "particle_position_x": 3.836799666768163e-05,
    "particle_position_y": 0.0014900742655842329,
    "particle_weight": 12483018148921.525
  },
  "electrons": {
    "particle_cpu": 4788.0,
    "particle_id": 13694226.0,
    "particle_momentum_x": 4.2751178407573573e-20,
    "particle_momentum_y": 1.9580305087551053e-19,
    "particle_momentum_z": 8.913655221012199e-20,
    "particle_position_x": 0.047419299682949334,
    "particle_position_y": 0.08483137297620588,
    "particle_weight": 119232421874999.98
  },
  "lev=0": {
    "Bx": 24121583.57301439,
    "By": 78453.39217993781,
    "Bz": 601047.0954217649,
    "Ex": 23005837885800.03,
    "Ey": 6508545692004002.0,
    "Ez": 32121364643700.242,
    "jx": 1131265582036586.2,
    "jy": 2.325136123562568e+18,
    "jz": 6769514298165733.0
  },
  "lev=1": {
    "Bx": 53303255.15572796,
    "By": 214325.15712710656,
    "Bz": 1321596.3739210798,
    "Ex": 48108501141109.54,
    "Ey": 1.4551006821042612e+16,
    "Ez": 64901292650351.06,
    "jx": 48050235573831.96,
    "jy": 9.274838877361125e+18,
    "jz": 1.92627519812193e+16
  }
}