{
  "lev=0": {
    "Br": 200017483.11123443,
    "Bz": 4853774.36301346,
    "Er": 195991045573297.44,
    "Et": 5.673443453612925e+16,
    "Ez": 1434607603497382.0,
    "jr": 0.0,
    "jt": 35.45846660354965,
    "jz": 0.0
  }
}