{
  "lev=0": {
    "Br": 100278645.72225758,
    "Bz": 2509008.1146699786,
    "Er": 3.263343388037509,
    "Et": 3.0045297157982412e+16,
    "Ez": 0.2422526411295923,
    "jr": 49.67802097760541,
    "jt": 4.3051397628943917e+17,
    "jz": 0.0
  }
}