{
  "lev=0": {
    "Br": 193609031.89343664,
    "Bz": 4689634.787639907,
    "Er": 197280940689075.1,
    "Et": 5.9716806429474664e+16,
    "Ez": 1383812184076636.0,
    "jr": 18582087468.75,
    "jt": 1.193738117372394e+18,
    "jz": 0.0
  }
}
