{
  "lev=0": {
    "Br": 193619956.9879245,
    "Bz": 4691018.480979848,
    "Er": 197265445300182.28,
    "Et": 5.9720168238920264e+16,
    "Ez": 1383831581199215.8,
    "jr": 18554432116.625,
    "jt": 1.194996054271664e+18,
    "jz": 0.0
  }
}
