{
  "lev=0": {
    "Br": 100278934.99628444,
    "Bz": 2509040.7710191337,
    "Er": 3.258814166960793,
    "Et": 3.0045384450930932e+16,
    "Ez": 0.24012250267165877,
    "jr": 50.13336345238631,
    "jt": 4.3064420556391546e+17,
    "jz": 0.0
  }
}