{
  "lev=0": {
    "Bx": 372733.10337870487,
    "By": 0.0,
    "Bz": 13765158.2515458,
    "Ex": 0.0,
    "Ey": 4119361390924632.5,
    "Ez": 0.0,
    "jx": 0.0,
    "jy": 3.032119320338747e+18,
    "jz": 0.0
  }
}