{
  "electrons": {
    "particle_momentum_x": 0.0,
    "particle_momentum_y": 0.0,
    "particle_momentum_z": 0.0,
    "particle_orig_z": 0.0,
    "particle_position_x": 0.0,
    "particle_regionofinterest": 0.0,
    "particle_weight": 0.0
  },
  "lev=0": {
    "Bx": 178016.75728377263,
    "By": 0.0,
    "Bz": 0.0,
    "Ex": 0.0,
    "Ey": 40878228443447.7,
    "Ez": 3426547096.153969,
    "jx": 0.0,
    "jy": 30439563140043.055,
    "jz": 3381784198940.749,
    "rho": 3127749.1976868743
  }
}