{
  "electrons": {
    "particle_momentum_x": 1.6966182372218133e-16,
    "particle_momentum_y": 2.6850066145197374e-17,
    "particle_momentum_z": 2.0052710316284176e-16,
    "particle_position_x": 0.3393352015355679,
    "particle_position_y": 1.1078675395554147,
    "particle_position_z": 0.3419438867441836,
    "particle_weight": 26433181926540.81
  },
  "hydrogen": {
    "particle_momentum_x": 1.7161831722699107e-16,
    "particle_momentum_y": 4.9196233343263506e-17,
    "particle_momentum_z": 2.1370961936359413e-16,
    "particle_position_x": 0.3375134789944616,
    "particle_position_y": 1.1080021730384098,
    "particle_position_z": 0.33939049172256086,
    "particle_weight": 26441597005520.95
  },
  "lev=0": {
    "Bx": 41555976.87146437,
    "By": 175750876.1712573,
    "Bz": 35156983.723599546,
    "Ex": 3.872657491899755e+17,
    "Ey": 3.3815796095277564e+16,
    "Ez": 3.937276394651024e+17,
    "jx": 3.5072653955241413e+21,
    "jy": 4.011484251839508e+20,
    "jz": 3.787151010057889e+21,
    "rho": 7429502184315.598
  }
}