{
  "electrons": {
    "particle_initialenergy": 0.0,
    "particle_momentum_x": 1.7921229236407606e-20,
    "particle_momentum_y": 7.225825184653885e-20,
    "particle_momentum_z": 4.231731488281653e-20,
    "particle_position_x": 0.7139122621535502,
    "particle_position_y": 0.7150340889556129,
    "particle_position_z": 1.3175770602802896,
    "particle_regionofinterest": 1936.0,
    "particle_weight": 12926557617.187498
  },
  "lev=0": {
    "Bx": 5863879.02030842,
    "By": 2411.501904737579,
    "Bz": 116025.42462998998,
    "Ex": 6267728094111.663,
    "Ey": 1670763233105822.0,
    "Ez": 104345989831222.4,
    "jx": 555687912108453.8,
    "jy": 1595896363359136.0,
    "jz": 1045267552192496.5,
    "rho": 2211742630.7074776
  }
}
