{
  "lev=0": {
    "Bx": 374663.2330698118,
    "By": 374800.98321004683,
    "Bz": 0.0,
    "Ex": 111565176079461.14,
    "Ey": 111523937757159.5,
    "Ez": 0.0,
    "jx": 116159381829.31923,
    "jy": 116159381829.31923,
    "jz": 0.0
  }
}