{
  "electrons": {
    "particle_momentum_x": 3.856058278845215e-19,
    "particle_momentum_y": 0.0,
    "particle_momentum_z": 1.633111056849423e-18,
    "particle_position_x": 0.008155341094488198,
    "particle_position_y": 0.03087362289643631,
    "particle_weight": 2.6462205036771795e+17
  },
  "hydrogen": {
    "particle_momentum_x": 2.237944099185357e-18,
    "particle_momentum_z": 1.0744000122946915e-18,
    "particle_orig_x": 0.007768349609375002,
    "particle_orig_z": 0.035127407226562504,
    "particle_position_x": 0.007767975241766832,
    "particle_position_y": 0.03512562609400349,
    "particle_weight": 2.68584931046923e+17
  },
  "lev=0": {
    "Bx": 0.0,
    "By": 11399442.711372176,
    "Bz": 0.0,
    "Ex": 2033057399920464.5,
    "Ey": 0.0,
    "Ez": 339244862686685.9,
    "jx": 1.6477362358927364e+19,
    "jy": 0.0,
    "jz": 9.633815033523364e+18,
    "rho": 68121082972.17873,
    "rho_electrons": 17448735668294.348,
    "rho_hydrogen": 17441797017887.941
  }
}

