{
  "beam": {
    "particle_momentum_x": 1.1691227280755267e-17,
    "particle_momentum_y": 2.3913921202517482e-17,
    "particle_momentum_z": 5.159955875755814e-14,
    "particle_position_x": 0.0005606444019625324,
    "particle_position_y": 0.0008259894145730366,
    "particle_position_z": 2.980004880402436,
    "particle_weight": 62415.090744607616
  },
  "electrons": {
    "particle_momentum_x": 8.238176902434188e-20,
    "particle_momentum_y": 2.362174160683283e-19,
    "particle_momentum_z": 2.776294933800578e-19,
    "particle_position_x": 0.0025853613792120563,
    "particle_position_y": 0.0037728464704368673,
    "particle_position_z": 0.1901073014926564,
    "particle_weight": 1787508743647.5366
  },
  "lev=0": {
    "Bx": 498944441.0100795,
    "By": 243006013.74301538,
    "Bz": 18073698.419804543,
    "Ex": 7.004940326170131e+16,
    "Ey": 1.4626998046065405e+17,
    "Ez": 2.144506972885858e+16,
    "jx": 8.583168660352884e+17,
    "jy": 2.1430893961423186e+18,
    "jz": 2.3459512897800802e+19,
    "rho": 74967092858.04996
  }
}
