{
  "beam": {
    "particle_cpu": 0.0,
    "particle_id": 500500.0,
    "particle_momentum_x": 4.3244537833987973e-19,
    "particle_momentum_y": 4.51585729236226e-19,
    "particle_momentum_z": 2.666058436389631e-18,
    "particle_position_x": 0.0007815782670743121,
    "particle_position_y": 0.3594447784819653,
    "particle_weight": 62415090744.60765
  },
  "electrons": {
    "particle_cpu": 1140.0,
    "particle_id": 1254690.0,
    "particle_momentum_x": 4.85133026759765e-27,
    "particle_momentum_y": 2.198179850407281e-22,
    "particle_momentum_z": 3.0976485630303324e-18,
    "particle_position_x": 0.06840000000361958,
    "particle_position_y": 0.03930011372955363,
    "particle_weight": 6.286568807682775e+16
  },
  "ions": {
    "particle_cpu": 1140.0,
    "particle_id": 1390110.0,
    "particle_momentum_x": 3.360052255593508e-30,
    "particle_momentum_y": 2.198179921323777e-22,
    "particle_momentum_z": 5.687755728408193e-15,
    "particle_position_x": 0.0684,
    "particle_position_y": 0.03930011366678667,
    "particle_weight": 6.286568807682775e+16
  },
  "lev=0": {
    "Bx": 7187.9737789692945,
    "By": 16.403644314084197,
    "Bz": 426.1032500047571,
    "Ex": 4521887740.546031,
    "Ey": 1984360500005.4958,
    "Ez": 6310696182.771291,
    "jx": 5122916237.313671,
    "jy": 551784296059286.56,
    "jz": 448986163636.4643,
    "rho": 1567.0144888546802
  }
}