{
  "lev=0": {
    "Bx": 14264658.38987597,
    "By": 0.0,
    "Bz": 0.0,
    "Ex": 0.0,
    "Ey": 4276056420659746.5,
    "Ez": 762168740318568.1,
    "jx": 0.0,
    "jy": 7.47674123799233e+16,
    "jz": 4.817762115932484e+17,
    "rho": 1609691680.1267354
  }
}

