{
  "lev=0": {
    "Bx": 7268241.144300916,
    "By": 0.0,
    "Bz": 0.0,
    "Ex": 0.0,
    "Ey": 2146970168314705.0,
    "Ez": 370041408451418.1,
    "jx": 0.0,
    "jy": 3.4818196503065956e+16,
    "jz": 2.3196405062669472e+17,
    "rho": 775945622.8993922
  }
}