{
  "electrons": {
    "particle_momentum_x": 3.7558265697785297e-19,
    "particle_momentum_y": 0.0,
    "particle_momentum_z": 1.6241045337016777e-18,
    "particle_position_x": 0.008080139452222582,
    "particle_position_y": 0.030470786164249836,
    "particle_weight": 2.6527193922723818e+17
  },
  "hydrogen": {
    "particle_momentum_x": 2.230242228305449e-18,
    "particle_momentum_z": 1.087276856218956e-18,
    "particle_orig_x": 0.008248212890625,
    "particle_orig_z": 0.0368645947265625,
    "particle_position_x": 0.008247833494376897,
    "particle_position_y": 0.03686279813152423,
    "particle_weight": 2.6934893377423152e+17
  },
  "lev=0": {
    "Bx": 0.0,
    "By": 11411806.976599155,
    "Bz": 0.0,
    "Ex": 2035695789467976.2,
    "Ey": 0.0,
    "Ez": 323118235034526.9,
    "jx": 1.656704421803856e+19,
    "jy": 0.0,
    "jz": 8.846078579875918e+18,
    "rho": 61752907894.83176,
    "rho_electrons": 17451375232572.703,
    "rho_hydrogen": 17441818436520.373
  }
}