{
  "beam": {
    "particle_momentum_x": 3.535284585563231e-19,
    "particle_momentum_y": 4.403094613346061e-19,
    "particle_momentum_z": 5.658013779496569e-17,
    "particle_position_x": 0.008317876520240174,
    "particle_position_y": 1.1704335094514386,
    "particle_weight": 62415090744.60765
  },
  "electrons": {
    "particle_momentum_x": 2.2135959939611405e-23,
    "particle_momentum_y": 2.822519730011994e-22,
    "particle_momentum_z": 5.260625039372931e-22,
    "particle_position_x": 0.010800577787577741,
    "particle_position_y": 0.21115060628258137,
    "particle_weight": 4.121554826246186e+16
  },
  "ions": {
    "particle_momentum_x": 6.248472008953412e-23,
    "particle_momentum_y": 4.449200926395666e-22,
    "particle_momentum_z": 5.768167708374496e-22,
    "particle_position_x": 0.010800001678510793,
    "particle_position_y": 0.21114947608115497,
    "particle_weight": 4.121554826246186e+16
  },
  "lev=0": {
    "Bx": 4818965.7728866,
    "By": 1716.1766615204324,
    "Bz": 14516.299533155969,
    "Ex": 2355477198959.7603,
    "Ey": 1446115193004757.5,
    "Ez": 21864073851126.54,
    "jx": 1995525322686390.0,
    "jy": 5.31264244145399e+16,
    "jz": 2.0300854881306136e+16,
    "rho": 67807419.3491986
  }
}