{
  "beam": {
    "particle_cpu": 0.0,
    "particle_id": 5050.0,
    "particle_momentum_x": 4.391096511192813e-20,
    "particle_momentum_y": 4.544932257928933e-20,
    "particle_momentum_z": 1.349667486829281e-17,
    "particle_position_x": 6.523448789958649e-05,
    "particle_position_y": 0.002676410874993068,
    "particle_theta": 148.04042892997668,
    "particle_weight": 6241509.074460764
  },
  "electrons": {
    "particle_cpu": 4128.0,
    "particle_id": 10445216.0,
    "particle_momentum_x": 3.9408568704817834e-24,
    "particle_momentum_y": 3.917262886102796e-22,
    "particle_momentum_z": 1.3864122827495783e-23,
    "particle_position_x": 0.04160250004822737,
    "particle_position_y": 0.047891250425121906,
    "particle_theta": 6754.424205218055,
    "particle_weight": 813672305.532158
  },
  "lev=0": {
    "Bx": 101776.72211563116,
    "By": 1245.0384722435317,
    "Bz": 4514.595458743346,
    "Ex": 207568562639.18475,
    "Ey": 37797519868425.35,
    "Ez": 556821695025.5128,
    "jx": 1194446722230.7266,
    "jy": 2.1477190199444486e+17,
    "jz": 1796936599339713.8,
    "rho": 38656995.81087772
  }
}
