{
  "lev=0": {
    "Bx": 0.0,
    "By": 109880080.55970387,
    "Bz": 0.0,
    "Ex": 3.261378485765492e+16,
    "Ey": 0.0,
    "Ez": 2222814445028159.2,
    "jx": 0.0,
    "jy": 0.0,
    "jz": 0.0
  }
}