{
  "lev=0": {
    "Br": 104965.61239547668,
    "Br_0_real": 0.27473110662919303,
    "Br_1_imag": 104.10451752777047,
    "Br_1_real": 104965.62478916143,
    "Bt": 1296.2723279668432,
    "Btheta_0_real": 1297.3296772773876,
    "Btheta_1_imag": 105725.25398122355,
    "Btheta_1_real": 141.255481019691,
    "Bz": 5076.744762384442,
    "Bz_0_real": 0.4603819957305941,
    "Bz_1_imag": 1.007360812967319,
    "Bz_1_real": 5076.632351216658,
    "Er": 273570494222.5625,
    "Er_0_real": 271974091013.7082,
    "Er_1_imag": 39530787242966.72,
    "Er_1_real": 42616886403.53066,
    "Et": 39016542462571.72,
    "Etheta_0_real": 112249482.93967965,
    "Etheta_1_imag": 33602799006.8748,
    "Etheta_1_real": 39016517454881.91,
    "Ez": 511653064866.5733,
    "Ez_0_real": 496845125310.57947,
    "Ez_1_imag": 1245709520854.4875,
    "Ez_1_real": 24849976994.356285,
    "Jr_0_real": 1264417193501.7915,
    "Jr_1_imag": 2.3356633334993878e+17,
    "Jr_1_real": 2272922066062.2944,
    "Jtheta_0_real": 475304056513.7001,
    "Jtheta_1_imag": 1028929701334.7467,
    "Jtheta_1_real": 2.1766379427377802e+17,
    "Jz_0_real": 1832468408628522.8,
    "Jz_1_imag": 556484600934089.9,
    "Jz_1_real": 602703622358902.4,
    "jr": 1749994884866.3667,
    "jt": 2.176637940885753e+17,
    "jz": 1954078685186198.5,
    "rho": 39314210.88334631,
    "rho_0_real": 38889615.839967206,
    "rho_1_imag": 21546499.619336687,
    "rho_1_real": 2012888.5658883716
  },
  "electrons": {
    "particle_momentum_x": 1.3203417227476259e-24,
    "particle_momentum_y": 4.0070625287284664e-22,
    "particle_momentum_z": 1.2493391415020164e-23,
    "particle_orig_x": 0.026508328457558912,
    "particle_orig_z": 0.04789125000000001,
    "particle_position_x": 0.04160250006680718,
    "particle_position_y": 0.04789125046517409,
    "particle_theta": 7325.121266775259,
    "particle_weight": 813672305.532158
  },
  "beam": {
    "particle_momentum_x": 3.8798910618915136e-20,
    "particle_momentum_y": 5.078287631744985e-20,
    "particle_momentum_z": 1.3503610556163801e-17,
    "particle_position_x": 6.242134237822313e-05,
    "particle_position_y": 0.0026764363296840257,
    "particle_theta": 151.40797316586125,
    "particle_weight": 6241509.074460764
  }
}
