{
  "lev=0": {
    "Bx": 100173183.30738091,
    "Bz": 1440194.478049904,
    "Ex": 0.0,
    "Ey": 3.0019692470293056e+16,
    "Ez": 0.0,
    "jx": 0.0,
    "jy": 4.488673970674692e+17,
    "jz": 0.0
  }
}
