{
  "lev=0": {
    "Bx": 4818955.480792835,
    "By": 1752.8025402207227,
    "Bz": 14516.21278267981,
    "Ex": 2366115496505.249,
    "Ey": 1446112025634143.0,
    "Ez": 21864189507353.19,
    "jx": 1996366349839211.5,
    "jy": 5.312583827165288e+16,
    "jz": 2.049135262445976e+16,
    "rho": 68443961.71835628
  },
  "electrons": {
    "particle_momentum_x": 2.2135945391227107e-23,
    "particle_momentum_y": 2.8224559499572622e-22,
    "particle_momentum_z": 5.260626010211241e-22,
    "particle_position_x": 0.010800577787628053,
    "particle_position_y": 0.2111506062831815,
    "particle_weight": 4.121554826246186e+16
  },
  "ions": {
    "particle_momentum_x": 6.248472277235318e-23,
    "particle_momentum_y": 4.449097689427615e-22,
    "particle_momentum_z": 5.768168724780326e-22,
    "particle_position_x": 0.010800001678510512,
    "particle_position_y": 0.21114947608115425,
    "particle_weight": 4.121554826246186e+16
  },
  "beam": {
    "particle_momentum_x": 3.535745635169933e-19,
    "particle_momentum_y": 4.363391839372122e-19,
    "particle_momentum_z": 5.658606416951657e-17,
    "particle_position_x": 0.008314723025211447,
    "particle_position_y": 1.1704335743854242,
    "particle_weight": 62415090744.60765
  }
}
