{
  "lev=0": {
    "Bx": 0.0,
    "By": 0.0,
    "Bz": 0.0,
    "Ex": 0.0,
    "Ey": 0.0,
    "Ez": 0.0,
    "jx": 0.0,
    "jy": 0.0,
    "jz": 0.0
  },
  "resampled_part1": {
    "particle_cpu": 30259.0,
    "particle_id": 1552976825.0,
    "particle_momentum_x": 0.0,
    "particle_momentum_y": 0.0,
    "particle_momentum_z": 0.0,
    "particle_position_x": 485368.303735276,
    "particle_position_y": 484224.66261508386,
    "particle_weight": 255.7814999999979
  },
  "resampled_part2": {
    "particle_cpu": 0.0,
    "particle_id": 7690896045.0,
    "particle_momentum_x": 0.0,
    "particle_momentum_y": 0.0,
    "particle_momentum_z": 0.0,
    "particle_position_x": 38419.04911639948,
    "particle_position_y": 38054.448891953645,
    "particle_weight": 2.836692166357862
  }
}