{
  "lev=0": {
    "Bx": 0.0,
    "By": 0.0,
    "Bz": 0.0,
    "Ex": 0.0,
    "Ey": 0.0,
    "Ez": 0.0,
    "jx": 0.0,
    "jy": 0.0,
    "jz": 0.0
  },
  "resampled_part1": {
    "particle_momentum_x": 0.0,
    "particle_momentum_y": 0.0,
    "particle_momentum_z": 0.0,
    "particle_position_x": 485879.18021793937,
    "particle_position_y": 484466.34922379535,
    "particle_weight": 256.2546999999979
  },
  "resampled_part2": {
    "particle_momentum_x": 0.0,
    "particle_momentum_y": 0.0,
    "particle_momentum_z": 0.0,
    "particle_position_x": 38089.14806219578,
    "particle_position_y": 37818.512934148945,
    "particle_weight": 2.8175309517949136
  }
}