{
  "lev=0": {
    "Bx": 0.0,
    "By": 0.0,
    "Bz": 0.0,
    "Ex": 0.0,
    "Ey": 0.0,
    "Ez": 0.0,
    "jx": 0.0,
    "jy": 0.0,
    "jz": 0.0
  },
  "proton": {
    "particle_momentum_x": 1.2118953253560269e-23,
    "particle_momentum_y": 7.822512598009023e-23,
    "particle_momentum_z": 2.276189827434819e-23,
    "particle_position_x": 0.12238072371983348,
    "particle_position_y": 0.009653941154603697,
    "particle_position_z": 4.317544769595647,
    "particle_weight": 1.0
  }
}