{
  "lev=0": {
    "Bx": 0.0,
    "By": 0.0,
    "Bz": 0.0,
    "Ex": 0.0,
    "Ey": 0.0,
    "Ez": 0.0,
    "jx": 0.0,
    "jy": 0.0,
    "jz": 0.0
  },
  "proton": {
    "particle_momentum_x": -5.578299461750383856e-05,
    "particle_momentum_y": -1.503068111596137966e-04,
    "particle_momentum_z": -3.721947018413563480e-05,
    "particle_position_x": 1.140180338454055003e-01,
    "particle_position_y": -4.908434106235705363e-02,
    "particle_position_z": 4.379090207432996706e+00,
    "particle_weight": 1.0
  }
}
