{
  "lev=0": {
    "Bx": 0.0,
    "By": 0.0,
    "Bz": 0.0,
    "Ex": 0.0,
    "Ey": 0.0,
    "Ez": 0.0,
    "jx": 0.0,
    "jy": 0.0,
    "jz": 0.0
  },
  "proton": {
    "particle_momentum_x": 1.2945379007111673e-23,
    "particle_momentum_y": 7.901629565308321e-23,
    "particle_momentum_z": 2.000459243217852e-23,
    "particle_position_x": 0.1240200458560378,
    "particle_position_y": 4.3632492046588744,
    "particle_theta": 0.22200801011320764,
    "particle_weight": 1.0
  }
}