{
  "beam": {
    "particle_momentum_x": 1.360465733474276e-21,
    "particle_momentum_y": 1.360465733474276e-21,
    "particle_momentum_z": 7.150873450281544e-16,
    "particle_position_x": 11163.999973966627,
    "particle_position_y": 11163.999973966625,
    "particle_position_z": 131662.5003103599,
    "particle_weight": 20895107655113.465
  },
  "lev=0": {
    "Az": 11.35866332708226,
    "Bx": 111.55929404955174,
    "By": 111.55929404955177,
    "Ex": 31257180402.55474,
    "Ey": 31257180402.55474,
    "jz": 1034841326.0482643,
    "phi": 3143521213.015793,
    "rho": 3.449203918900721
  }
}