{
  "beam": {
    "particle_momentum_x": 1.3564866439174542e-21,
    "particle_momentum_y": 1.3571208643340135e-21,
    "particle_momentum_z": 7.150873477754036e-16,
    "particle_position_x": 11163.9999760324,
    "particle_position_y": 11163.999971900854,
    "particle_position_z": 131662.5003103599,
    "particle_weight": 20895107655113.465
  },
  "lev=0": {
    "Az": 11.358663327081237,
    "Bx": 111.97385723909095,
    "By": 111.14473090223865,
    "Ex": 31268316750.709286,
    "Ey": 31268316751.91816,
    "jz": 1034841326.0481665,
    "phi": 3144575598.841475,
    "rho": 3.4692490330286136
  }
}