{
  "lev=0": {
    "Az": 11.358663326449284,
    "Bx": 111.55929407644248,
    "By": 111.55929407644244,
    "Ex": 31257180402.55472,
    "Ey": 31257180402.55473,
    "jz": 1034841325.9848926,
    "phi": 3143521213.0157924,
    "rho": 3.449203918900721
  },
  "beam": {
    "particle_momentum_x": 1.3604657334742729e-21,
    "particle_momentum_y": 1.3604657334742772e-21,
    "particle_momentum_z": 7.150873450281544e-16,
    "particle_position_x": 11163.99997371537,
    "particle_position_y": 11163.999973715368,
    "particle_position_z": 131662.50031035842,
    "particle_weight": 20895107655113.465
  }
}