{
  "beam": {
    "particle_momentum_x": 1.3563216534666514e-21,
    "particle_momentum_y": 1.3563216534666484e-21,
    "particle_momentum_z": 7.150873477755126e-16,
    "particle_position_x": 11163.999973966627,
    "particle_position_y": 11163.999973966625,
    "particle_position_z": 131662.5003103599,
    "particle_weight": 20895107655113.465
  },
  "lev=0": {
    "Az": 11.35866332708226,
    "Bx": 111.55929404955174,
    "By": 111.55929404955177,
    "Ex": 31268316751.313705,
    "Ey": 31268316751.313705,
    "jz": 1034841326.0482643,
    "phi": 3144575598.8414736,
    "rho": 3.469249033028615
  }
}