{
  "lev=0": {
    "Bx": 3.543966469013954e-05,
    "By": 0.0,
    "Bz": 5.103535813972088e-12,
    "Ex": 0.0,
    "Ey": 6553600000.005218,
    "Ez": 0.0,
    "jx": 0.0,
    "jy": 0.0,
    "jz": 0.0
  }
}