{
  "beam": {
    "particle_cpu": 0.0,
    "particle_id": 500500.0,
    "particle_momentum_x": 4.323192509779989e-19,
    "particle_momentum_y": 4.515789093284668e-19,
    "particle_momentum_z": 5.444318109525372e-16,
    "particle_position_x": 0.0003944833021505297,
    "particle_position_y": 0.04700228854502865,
    "particle_weight": 12483018148921.53
  },
  "driver": {
    "particle_cpu": 0.0,
    "particle_id": 1500500.0,
    "particle_momentum_x": 4.2735719726547736e-19,
    "particle_momentum_y": 4.1735282690939002e-19,
    "particle_momentum_z": 5.473699235390372e-16,
    "particle_position_x": 0.0015632600122319792,
    "particle_position_y": 0.037967623460791314,
    "particle_weight": 93622636116911.45
  },
  "lev=0": {
    "Bx": 10.733012173941871,
    "By": 123705.21142513848,
    "Bz": 4.499473350064463,
    "Ex": 32786118366421.555,
    "Ey": 3709615080.588341,
    "Ez": 40656586163467.78,
    "jx": 2141101370253528.0,
    "jy": 306062373710.38306,
    "jz": 4320228054997746.0
  },
  "lev=1": {
    "Bx": 5.2561348113070085,
    "By": 137245.4759066554,
    "Bz": 4.270745951650638,
    "Ex": 44351722683610.64,
    "Ey": 3488288401.6960907,
    "Ez": 51479977260500.445,
    "jx": 2867710882689307.5,
    "jy": 165181878916.29016,
    "jz": 4439666503460677.5
  },
  "plasma_e": {
    "particle_cpu": 3600.0,
    "particle_id": 6546600.0,
    "particle_momentum_x": 1.513031314612992e-19,
    "particle_momentum_y": 7.700274073846612e-24,
    "particle_momentum_z": 1.7302395932501682e-19,
    "particle_position_x": 0.1336825415948561,
    "particle_position_y": 0.10348762049276918,
    "particle_weight": 823974609374999.9
  }
}
