{
  "beam": {
    "particle_cpu": 0.0,
    "particle_id": 500500.0,
    "particle_momentum_x": 4.323192509779988e-19,
    "particle_momentum_y": 4.515789093284668e-19,
    "particle_momentum_z": 5.444318109525372e-16,
    "particle_position_x": 0.0003944833021505297,
    "particle_position_y": 0.04700228854502865,
    "particle_weight": 12483018148921.53
  },
  "driver": {
    "particle_cpu": 0.0,
    "particle_id": 1500500.0,
    "particle_momentum_x": 4.273571972654774e-19,
    "particle_momentum_y": 4.1735282690939002e-19,
    "particle_momentum_z": 5.473699235390372e-16,
    "particle_position_x": 0.0015632600122319792,
    "particle_position_y": 0.037967623460791314,
    "particle_weight": 93622636116911.45
  },
  "lev=0": {
    "Bx": 10.733012173941598,
    "By": 123705.2114251389,
    "Bz": 4.499473350064483,
    "Ex": 32786118366421.484,
    "Ey": 3709615080.588275,
    "Ez": 40656586163467.92,
    "jx": 2141101370253517.0,
    "jy": 306062373710.40063,
    "jz": 4320228054997732.0
  },
  "lev=1": {
    "Bx": 5.256134811306947,
    "By": 137245.47590665444,
    "Bz": 4.2707459516506106,
    "Ex": 44351722683610.34,
    "Ey": 3488288401.6961136,
    "Ez": 51479977260499.83,
    "jx": 2867710882689230.5,
    "jy": 165181878916.29083,
    "jz": 4439666503460567.0
  },
  "plasma_e": {
    "particle_cpu": 3600.0,
    "particle_id": 6546600.0,
    "particle_momentum_x": 1.513031314612992e-19,
    "particle_momentum_y": 7.700274073846612e-24,
    "particle_momentum_z": 1.7302395932501682e-19,
    "particle_position_x": 0.1336825415948561,
    "particle_position_y": 0.10348762049276918,
    "particle_weight": 823974609374999.9
  }
}
