{
  "beam": {
    "particle_cpu": 0.0,
    "particle_id": 2147483644000.0,
    "particle_momentum_x": 4.323192428952614e-19,
    "particle_momentum_y": 4.515789093587449e-19,
    "particle_momentum_z": 5.444318109218598e-16,
    "particle_position_x": 0.0003944833021505297,
    "particle_position_y": 0.047002288545028664,
    "particle_weight": 12483018148921.53
  },
  "driver": {
    "particle_cpu": 0.0,
    "particle_id": 1500500.0,
    "particle_momentum_x": 4.273571972654775e-19,
    "particle_momentum_y": 4.1735282690939002e-19,
    "particle_momentum_z": 5.473699235390372e-16,
    "particle_position_x": 0.0015632600122319792,
    "particle_position_y": 0.0379676234607913,
    "particle_weight": 93622636116911.45
  },
  "lev=0": {
    "Bx": 10.733012173941603,
    "By": 123705.21142513888,
    "Bz": 4.499473350064483,
    "Ex": 32786118366421.473,
    "Ey": 3709615080.588276,
    "Ez": 40656586163467.92,
    "jx": 2141101370253514.2,
    "jy": 306062373710.40106,
    "jz": 4320228054997731.0
  },
  "lev=1": {
    "Bx": 5.256134811306936,
    "By": 137245.47590665444,
    "Bz": 4.270745951650612,
    "Ex": 44351722683610.33,
    "Ey": 3488288401.6961145,
    "Ez": 51479977260499.836,
    "jx": 2867710882689230.5,
    "jy": 165181878916.2902,
    "jz": 4439666503460564.0
  },
  "plasma_e": {
    "particle_cpu": 3600.0,
    "particle_id": 6546600.0,
    "particle_momentum_x": 1.5130313200302403e-19,
    "particle_momentum_y": 7.700274017007924e-24,
    "particle_momentum_z": 1.7302395904705489e-19,
    "particle_position_x": 0.13368254159485607,
    "particle_position_y": 0.10348762049276919,
    "particle_weight": 823974609374999.9
  }
}