{
  "beam": {
    "particle_cpu": 0.0,
    "particle_id": 500500.0,
    "particle_momentum_x": 4.404470535877806e-19,
    "particle_momentum_y": 4.375113608680153e-19,
    "particle_momentum_z": 5.46937872675255e-16,
    "particle_position_x": 0.0004076066943782624,
    "particle_position_y": 0.046965741927223595,
    "particle_weight": 12483018148921.53
  },
  "driver": {
    "particle_cpu": 0.0,
    "particle_id": 1500500.0,
    "particle_momentum_x": 4.342853660130086e-19,
    "particle_momentum_y": 4.5009918891855e-19,
    "particle_momentum_z": 5.442221658422687e-16,
    "particle_position_x": 0.0015056681592417371,
    "particle_position_y": 0.03781050097559857,
    "particle_weight": 93622636116911.45
  },
  "lev=0": {
    "Bx": 10.766779726510975,
    "By": 123893.54556888313,
    "Bz": 3.0439159767939765,
    "Ex": 32751630600967.164,
    "Ey": 3410088033.494454,
    "Ez": 40721144525621.31,
    "jx": 2139710646590208.0,
    "jy": 266459197999.15717,
    "jz": 4304296344908232.0
  },
  "lev=1": {
    "Bx": 4.066233386167275,
    "By": 137914.0920350435,
    "Bz": 2.398664210322969,
    "Ex": 44268789869454.29,
    "Ey": 1433858315.947112,
    "Ez": 51835208819539.50,
    "jx": 2880554704671068.0,
    "jy": 93913414121.91959,
    "jz": 4418516923648772.0
  },
  "plasma_e": {
    "particle_cpu": 3600.0,
    "particle_id": 6546600.0,
    "particle_momentum_x": 1.5125615382769122e-19,
    "particle_momentum_y": 4.432378548653885e-24,
    "particle_momentum_z": 1.7178139606876683e-19,
    "particle_position_x": 0.13364721784875755,
    "particle_position_y": 0.1035024179589788,
    "particle_weight": 823974609375002.8
  }
}
