{
  "driver": {
    "particle_cpu": 0.0,
    "particle_id": 5000050000.0,
    "particle_momentum_x": 1.453995090219512e-16,
    "particle_momentum_y": 0.0,
    "particle_momentum_z": 9.822790382172495e-09,
    "particle_position_x": 0.4000037672274389,
    "particle_position_y": 30.100865423602578,
    "particle_weight": 124830181489215.27
  },
  "lev=0": {
    "Bx": 0.0,
    "By": 923881.0964785999,
    "Bz": 0.0,
    "Ex": 271447039750131.97,
    "Ey": 0.0,
    "Ez": 93015825054581.75,
    "F": 6524.797420832107,
    "G": 0.0,
    "divE": 2.511362881062318e+19,
    "jx": 1.0071952338125634e+16,
    "jy": 0.0,
    "jz": 6.431542670364866e+16,
    "rho": 220510357.0126665,
    "rho_driver": 2562225.1199331186,
    "rho_driver_back": 0.0,
    "rho_plasma_e": 1359622974.0040407,
    "rho_plasma_p": 1361225480.3414695
  },
  "plasma_e": {
    "particle_cpu": 29652.0,
    "particle_id": 1194907032.0,
    "particle_momentum_x": 7.2453531836034e-19,
    "particle_momentum_y": 0.0,
    "particle_momentum_z": 2.3479174018295152e-17,
    "particle_position_x": 1.392419701091952,
    "particle_position_y": 10.079133650581543,
    "particle_weight": 6.643024495443786e+16
  },
  "plasma_p": {
    "particle_cpu": 29696.0,
    "particle_id": 1202173888.0,
    "particle_momentum_x": 1.451501460012071e-18,
    "particle_momentum_y": 0.0,
    "particle_momentum_z": 4.005705789722352e-14,
    "particle_position_x": 1.3456480188944573,
    "particle_position_y": 10.082154729747618,
    "particle_weight": 6.652881944445523e+16
  }
}