{
  "driver": {
    "particle_cpu": 0.0,
    "particle_id": 5000050000.0,
<<<<<<< HEAD
    "particle_momentum_x": 1.4539940634099901e-16,
    "particle_momentum_y": 0.0,
    "particle_momentum_z": 9.822790382172482e-09,
    "particle_position_x": 0.40000376722750486,
=======
    "particle_momentum_x": 1.4539950862665395e-16,
    "particle_momentum_y": 0.0,
    "particle_momentum_z": 9.822790382172455e-09,
    "particle_position_x": 0.40000376722743924,
>>>>>>> development
    "particle_position_y": 30.100865423602578,
    "particle_weight": 124830181489215.27
  },
  "lev=0": {
    "Bx": 0.0,
<<<<<<< HEAD
    "By": 923881.627616788,
    "Bz": 0.0,
    "Ex": 271447156686106.3,
    "Ey": 0.0,
    "Ez": 93015806626847.92,
    "F": 6524.75796370838,
    "G": 0.0,
    "divE": 2.5113652133379535e+19,
    "jx": 1.0071954084855112e+16,
    "jy": 0.0,
    "jz": 6.4315500079457544e+16,
    "rho": 220510584.78675658,
    "rho_driver": 2562225.119933119,
    "rho_driver_back": 0.0,
    "rho_plasma_e": 1359622972.6072302,
    "rho_plasma_p": 1361225477.6776037
=======
    "By": 923872.859945843,
    "Bz": 0.0,
    "Ex": 271445847158043.47,
    "Ey": 0.0,
    "Ez": 93017427963875.12,
    "F": 6525.367402828258,
    "G": 0.0,
    "divE": 2.511375187843704e+19,
    "jx": 1.007185165524125e+16,
    "jy": 0.0,
    "jz": 6.431576337481891e+16,
    "rho": 220511207.32501236,
    "rho_driver": 2562225.119933119,
    "rho_driver_back": 0.0,
    "rho_plasma_e": 1359622971.7373238,
    "rho_plasma_p": 1361225480.346084
>>>>>>> development
  },
  "plasma_e": {
    "particle_cpu": 29652.0,
    "particle_id": 1194907032.0,
<<<<<<< HEAD
    "particle_momentum_x": 7.245362943456111e-19,
    "particle_momentum_y": 0.0,
    "particle_momentum_z": 2.3479175722902974e-17,
    "particle_position_x": 1.3924196999819647,
    "particle_position_y": 10.079133709990238,
=======
    "particle_momentum_x": 7.245349306901261e-19,
    "particle_momentum_y": 0.0,
    "particle_momentum_z": 2.3479179887756406e-17,
    "particle_position_x": 1.392419539654138,
    "particle_position_y": 10.079133897885754,
>>>>>>> development
    "particle_weight": 6.643024495443786e+16
  },
  "plasma_p": {
    "particle_cpu": 29696.0,
    "particle_id": 1202173888.0,
<<<<<<< HEAD
    "particle_momentum_x": 1.4515027408919092e-18,
    "particle_momentum_y": 0.0,
    "particle_momentum_z": 4.008583335222013e-14,
    "particle_position_x": 1.345647984351348,
    "particle_position_y": 10.082154763152218,
=======
    "particle_momentum_x": 1.451501915278136e-18,
    "particle_momentum_y": 0.0,
    "particle_momentum_z": 4.005705789406174e-14,
    "particle_position_x": 1.345648018905137,
    "particle_position_y": 10.08215472964829,
>>>>>>> development
    "particle_weight": 6.652881944445523e+16
  }
}