{
  "driver": {
    "particle_cpu": 0.0,
    "particle_id": 5000050000.0,
    "particle_momentum_x": 4.246805303566765e-16,
    "particle_momentum_y": 0.0,
    "particle_momentum_z": 9.822790237879094e-09,
    "particle_position_x": 0.3979349343723374,
    "particle_position_y": 55.175199387968405,
    "particle_weight": 124830181489215.27
  },
  "lev=0": {
    "Bx": 0.0,
    "By": 938722.8613915343,
    "Bz": 0.0,
    "Ex": 275577385708768.5,
    "Ey": 0.0,
    "Ez": 93186875212331.31,
    "F": 7848.4661798751295,
    "G": 0.0,
    "divE": 2.547584876269501e+19,
    "jx": 9856194172370022.0,
    "jy": 0.0,
    "jz": 6.463209670615097e+16,
    "rho": 221314598.11355248,
    "rho_driver": 2562225.1199331162,
    "rho_driver_back": 0.0,
    "rho_plasma_e": 2698165366.9185224,
    "rho_plasma_p": 2699287912.7970505
  },
  "plasma_e": {
    "particle_cpu": 58858.0,
    "particle_id": 7388900221.0,
    "particle_momentum_x": 7.295577934284725e-19,
    "particle_momentum_y": 0.0,
    "particle_momentum_z": 4.494563600071929e-17,
    "particle_position_x": 5.338121630476158,
    "particle_position_y": 26.540171322134718,
    "particle_weight": 1.3186130303279046e+17
  },
  "plasma_p": {
    "particle_cpu": 58880.0,
    "particle_id": 7417282880.0,
    "particle_momentum_x": 1.4766737973361208e-18,
    "particle_momentum_y": 0.0,
    "particle_momentum_z": 7.942648015020232e-14,
    "particle_position_x": 5.290048062167151,
    "particle_position_y": 26.567341310477726,
    "particle_weight": 1.3191059027779915e+17
  }
}