{
  "driver": {
    "particle_cpu": 0.0,
    "particle_id": 5000050000.0,
    "particle_momentum_x": 1.4520735876630142e-16,
    "particle_momentum_y": 0.0,
    "particle_momentum_z": 9.822790382292982e-09,
    "particle_position_x": 0.40000376744749666,
    "particle_position_y": 30.100865423602578,
    "particle_weight": 124830181489215.27
  },
  "lev=0": {
    "Bx": 0.0,
    "By": 925910.323094202,
    "Bz": 0.0,
    "Ex": 271925601131516.38,
    "Ey": 0.0,
    "Ez": 92900806564271.0,
    "F": 11512.92762089532,
    "G": 0.0,
    "divE": 2.597519965059455e+19,
    "jx": 1.024040443801153e+16,
    "jy": 0.0,
    "jz": 6.518755947350521e+16,
    "rho": 225082226.20987812,
    "rho_driver": 2562225.119933118,
    "rho_driver_back": 0.0,
    "rho_plasma_e": 1360080619.8611062,
    "rho_plasma_p": 1361793411.812779
  },
  "plasma_e": {
    "particle_cpu": 29648.0,
    "particle_id": 1194867488.0,
    "particle_momentum_x": 7.206444734356565e-19,
    "particle_momentum_y": 0.0,
    "particle_momentum_z": 2.3466297470263494e-17,
    "particle_position_x": 1.3919278524747036,
    "particle_position_y": 10.077298913532951,
    "particle_weight": 6.6421283637163544e+16
  },
  "plasma_p": {
    "particle_cpu": 29696.0,
    "particle_id": 1202173888.0,
    "particle_momentum_x": 1.4521373491533911e-18,
    "particle_momentum_y": 0.0,
    "particle_momentum_z": 4.0057071509182936e-14,
    "particle_position_x": 1.345648010621743,
    "particle_position_y": 10.08215479113273,
    "particle_weight": 6.652881944445523e+16
  }
}