{
  "driver": {
    "particle_cpu": 0.0,
    "particle_id": 5000050000.0,
    "particle_momentum_x": 1.4560376915755434e-16,
    "particle_momentum_y": 0.0,
    "particle_momentum_z": 9.822790382164968e-09,
    "particle_position_x": 0.400003767104307,
    "particle_position_y": 30.100865423602578,
    "particle_weight": 124830181489215.27
  },
  "lev=0": {
    "Bx": 0.0,
    "By": 926741.3491163743,
    "Bz": 0.0,
    "Ex": 272297698633727.28,
    "Ey": 0.0,
    "Ez": 93074974329638.48,
    "F": 8428.622618826803,
    "G": 0.0,
    "divE": 2.5592238313891385e+19,
    "jx": 1.0132176942589264e+16,
    "jy": 0.0,
    "jz": 6.557095907721592e+16,
    "rho": 224962425.6382752,
    "rho_driver": 2562225.1199331186,
    "rho_driver_back": 0.0,
    "rho_plasma_e": 1360185707.6550436,
    "rho_plasma_p": 1361793432.30997
  },
  "plasma_e": {
    "particle_cpu": 29652.0,
    "particle_id": 1194907162.0,
    "particle_momentum_x": 7.262057405260697e-19,
    "particle_momentum_y": 0.0,
    "particle_momentum_z": 2.3478870241809026e-17,
    "particle_position_x": 1.3924083456680636,
    "particle_position_y": 10.079136980254543,
    "particle_weight": 6.643024495443786e+16
  },
  "plasma_p": {
    "particle_cpu": 29696.0,
    "particle_id": 1202173888.0,
    "particle_momentum_x": 1.4537175912542038e-18,
    "particle_momentum_y": 0.0,
    "particle_momentum_z": 4.0057057229426406e-14,
    "particle_position_x": 1.3456479536254362,
    "particle_position_y": 10.082154720628944,
    "particle_weight": 6.652881944445523e+16
  }
}