{
  "driver": {
    "particle_cpu": 0.0,
    "particle_id": 5000050000.0,
    "particle_momentum_x": 1.4499925126853143e-16,
    "particle_momentum_y": 0.0,
    "particle_momentum_z": 9.82279038230043e-09,
    "particle_position_x": 0.4000037675727584,
    "particle_position_y": 30.100865423602578,
    "particle_weight": 124830181489215.27
  },
  "lev=0": {
    "Bx": 0.0,
    "By": 921660.8763744916,
    "Bz": 0.0,
    "Ex": 270876488518506.03,
    "Ey": 0.0,
    "Ez": 92624928893088.9,
    "F": 6183.05541122242,
    "G": 0.0,
    "divE": 2.5190220275534684e+19,
    "jx": 1.0172820267112668e+16,
    "jy": 0.0,
    "jz": 6.3852803420999176e+16,
    "rho": 220331907.1018316,
    "rho_driver": 2562225.119933118,
    "rho_driver_back": 0.0,
    "rho_plasma_e": 1359499348.8917723,
    "rho_plasma_p": 1361225457.8189807
  },
  "plasma_e": {
    "particle_cpu": 29647.0,
    "particle_id": 1194856401.0,
    "particle_momentum_x": 7.187013750906501e-19,
    "particle_momentum_y": 0.0,
    "particle_momentum_z": 2.3464972335833197e-17,
    "particle_position_x": 1.3919451689822666,
    "particle_position_y": 10.076815904733323,
    "particle_weight": 6.641904330784497e+16
  },
  "plasma_p": {
    "particle_cpu": 29696.0,
    "particle_id": 1202173888.0,
    "particle_momentum_x": 1.4494696265263356e-18,
    "particle_momentum_y": 0.0,
    "particle_momentum_z": 4.0084654499150134e-14,
    "particle_position_x": 1.3456480355301481,
    "particle_position_y": 10.08215483152446,
    "particle_weight": 6.652881944445523e+16
  }
}