{
  "driver": {
    "particle_cpu": 0.0,
    "particle_id": 5000050000.0,
    "particle_momentum_x": 1.4499924704466542e-16,
    "particle_momentum_y": 0.0,
    "particle_momentum_z": 9.82279038230043e-09,
    "particle_position_x": 0.4000037675727611,
    "particle_position_y": 30.100865423602578,
    "particle_weight": 124830181489215.27
  },
  "lev=0": {
    "Bx": 0.0,
    "By": 921660.8978659188,
    "Bz": 0.0,
    "Ex": 270876493491643.72,
    "Ey": 0.0,
    "Ez": 92624928289782.67,
    "F": 6183.053934691087,
    "G": 0.0,
    "divE": 2.5190221277716443e+19,
    "jx": 1.0172820296985254e+16,
    "jy": 0.0,
    "jz": 6.385280627174476e+16,
    "rho": 220331916.84576574,
    "rho_driver": 2562225.119933118,
    "rho_driver_back": 0.0,
    "rho_plasma_e": 1359499348.832252,
    "rho_plasma_p": 1361225457.7092004
  },
  "plasma_e": {
    "particle_cpu": 29647.0,
    "particle_id": 1194856401.0,
    "particle_momentum_x": 7.187014141480275e-19,
    "particle_momentum_y": 0.0,
    "particle_momentum_z": 2.3464972406746717e-17,
    "particle_position_x": 1.3919451689290652,
    "particle_position_y": 10.07681590718761,
    "particle_weight": 6.641904330784497e+16
  },
  "plasma_p": {
    "particle_cpu": 29696.0,
    "particle_id": 1202173888.0,
    "particle_momentum_x": 1.4494696792808645e-18,
    "particle_momentum_y": 0.0,
    "particle_momentum_z": 4.00858476212274e-14,
    "particle_position_x": 1.345648034097414,
    "particle_position_y": 10.082154832906486,
    "particle_weight": 6.652881944445523e+16
  }
}