{
  "driver": {
    "particle_cpu": 0.0,
    "particle_id": 5000050000.0,
    "particle_momentum_x": 4.277383312706058e-16,
    "particle_momentum_y": 0.0,
    "particle_momentum_z": 9.822790237879665e-09,
    "particle_position_x": 0.400003040267555,
    "particle_position_y": 55.00104378818441,
    "particle_weight": 124830181489215.27
  },
  "lev=0": {
    "Bx": 0.0,
    "By": 934535.5913110692,
    "Bz": 0.0,
    "Ex": 274239207907478.4,
    "Ey": 0.0,
    "Ez": 92544312028920.2,
    "F": 8579.105847205015,
    "G": 0.0,
    "divE": 2.530339663642665e+19,
    "jx": 9800415892820288.0,
    "jy": 0.0,
    "jz": 6.424244008257143e+16,
    "rho": 219902928.8286979,
    "rho_driver": 2562225.1199331162,
    "rho_driver_back": 0.0,
    "rho_plasma_e": 2698165576.630541,
    "rho_plasma_p": 2699287891.267764
  },
  "plasma_e": {
    "particle_cpu": 58858.0,
    "particle_id": 7388900221.0,
    "particle_momentum_x": 7.239213546499162e-19,
    "particle_momentum_y": 0.0,
    "particle_momentum_z": 4.493493715839322e-17,
    "particle_position_x": 5.337825411619651,
    "particle_position_y": 26.54039412806073,
    "particle_weight": 1.3186130303279046e+17
  },
  "plasma_p": {
    "particle_cpu": 58880.0,
    "particle_id": 7417282880.0,
    "particle_momentum_x": 1.461845142559052e-18,
    "particle_momentum_y": 0.0,
    "particle_momentum_z": 7.942650111981156e-14,
    "particle_position_x": 5.290047367306872,
    "particle_position_y": 26.56734104320208,
    "particle_weight": 1.3191059027779915e+17
  }
}