{
  "driver": {
    "particle_cpu": 0.0,
    "particle_id": 5000050000.0,
    "particle_momentum_x": 4.2468054080867766e-16,
    "particle_momentum_y": 0.0,
    "particle_momentum_z": 9.822790237879665e-09,
    "particle_position_x": 0.39793493437231675,
    "particle_position_y": 55.175199387968405,
    "particle_weight": 124830181489215.27
  },
  "lev=0": {
    "Bx": 0.0,
    "By": 938747.6261684344,
    "Bz": 0.0,
    "Ex": 275578302897993.38,
    "Ey": 0.0,
    "Ez": 93198269124362.9,
    "F": 7840.198914775629,
    "G": 0.0,
    "divE": 2.5475111769680085e+19,
    "jx": 9855986564679494.0,
    "jy": 0.0,
    "jz": 6.4629699364753576e+16,
    "rho": 221307047.77313364,
    "rho_driver": 2562225.1199331162,
    "rho_driver_back": 0.0,
    "rho_plasma_e": 2698165680.487648,
    "rho_plasma_p": 2699287912.6476245
  },
  "plasma_e": {
    "particle_cpu": 58858.0,
    "particle_id": 7388900221.0,
    "particle_momentum_x": 7.295242465195076e-19,
    "particle_momentum_y": 0.0,
    "particle_momentum_z": 4.494555218653361e-17,
    "particle_position_x": 5.338122230826462,
    "particle_position_y": 26.540170194868846,
    "particle_weight": 1.3186130303279046e+17
  },
  "plasma_p": {
    "particle_cpu": 58880.0,
    "particle_id": 7417282880.0,
    "particle_momentum_x": 1.476633013108073e-18,
    "particle_momentum_y": 0.0,
    "particle_momentum_z": 7.94264802427739e-14,
    "particle_position_x": 5.290048061844374,
    "particle_position_y": 26.567341310740353,
    "particle_weight": 1.3191059027779915e+17
  }
}