{
  "driver": {
    "particle_momentum_x": 8.723405122353729e-16,
    "particle_momentum_y": 8.719285567351437e-16,
    "particle_momentum_z": 5.461771334692466e-13,
    "particle_position_x": 6.269566322411488,
    "particle_position_y": 17.934200805964075,
    "particle_theta": 1570790.0436095877,
    "particle_weight": 6241484108.424456
  },
  "lev=0": {
    "By": 24045.34926330333,
    "Ex": 4530500183998.0205,
    "Ez": 4297045713383.818,
    "jx": 361149490291532.8,
    "jz": 1805428826325930.2,
    "rho": 4895064.444869195,
    "rho_driver": 6288266.101815153,
    "rho_plasma_e": 49569825.13450765,
    "rho_plasma_p": 50769176.974483095
  },
  "plasma_e": {
    "particle_momentum_x": 6.649609416554171e-20,
    "particle_momentum_y": 6.724424134488497e-20,
    "particle_momentum_z": 2.81433599356851e-20,
    "particle_position_x": 1.14233458508442,
    "particle_position_y": 0.6140029351346352,
    "particle_theta": 20188.939948727293,
    "particle_weight": 1002457942911.3788
  },
  "plasma_p": {
    "particle_momentum_x": 6.635739630451454e-20,
    "particle_momentum_y": 6.761235868190358e-20,
    "particle_momentum_z": 5.475884783890083e-20,
    "particle_position_x": 1.1365201524804165,
    "particle_position_y": 0.6152066555308389,
    "particle_theta": 20286.92798337582,
    "particle_weight": 1002457942911.3788
  }
}