{
  "driver": {
    "particle_cpu": 0.0,
    "particle_id": 500000428326.0,
    "particle_momentum_x": 8.723405122353729e-16,
    "particle_momentum_y": 8.719285567351437e-16,
    "particle_momentum_z": 5.461771334692466e-13,
    "particle_position_x": 6.269566322411488,
    "particle_position_y": 17.934200805964075,
    "particle_theta": 1570790.0436095877,
    "particle_weight": 6241484108.424456
  },
  "lev=0": {
    "By": 24912.66260587033,
    "Ex": 4667306677660.305,
    "Ez": 4307437890419.4253,
    "jx": 362735950033724.2,
    "jz": 1937267340131275.2,
    "rho": 5308546.075566203,
    "rho_driver": 6288266.101815152,
    "rho_plasma_e": 49569864.00850832,
    "rho_plasma_p": 50769174.61530346
  },
  "plasma_e": {
    "particle_cpu": 12650.0,
    "particle_id": 159086515.0,
    "particle_momentum_x": 6.65811141013141e-20,
    "particle_momentum_y": 6.738987045495091e-20,
    "particle_momentum_z": 2.846571109435123e-20,
    "particle_position_x": 1.1423367495493797,
    "particle_position_y": 0.6139715590509269,
    "particle_theta": 20188.939948727297,
    "particle_weight": 1002457942911.3788
  },
  "plasma_p": {
    "particle_cpu": 12650.0,
    "particle_id": 163728835.0,
    "particle_momentum_x": 6.640192720118765e-20,
    "particle_momentum_y": 6.767588557043428e-20,
    "particle_momentum_z": 5.58476124317102e-20,
    "particle_position_x": 1.1365201600226575,
    "particle_position_y": 0.6152066982817419,
    "particle_theta": 20286.92798337582,
    "particle_weight": 1002457942911.3788
  }
}