{
  "driver": {
    "particle_cpu": 0.0,
    "particle_id": 500000428326.0,
    "particle_momentum_x": 8.723405122353729e-16,
    "particle_momentum_y": 8.719285567351437e-16,
    "particle_momentum_z": 5.461771334692466e-13,
    "particle_position_x": 6.269566322411488,
    "particle_position_y": 17.93420080596407,
    "particle_theta": 1570790.043609588,
    "particle_weight": 6241484108.424456
  },
  "lev=0": {
    "By": 24912.66213622398,
    "Ex": 4667305981763.072,
    "Ez": 4307437907855.343,
    "jx": 362736023475894.4,
    "jz": 1937267309900551.0,
    "rho": 5308545.334478145,
    "rho_driver": 6288266.101815153,
    "rho_plasma_e": 49569864.07552357,
    "rho_plasma_p": 50769175.53040837
  },
  "plasma_e": {
    "particle_cpu": 12650.0,
    "particle_id": 159086515.0,
    "particle_momentum_x": 6.658110480654614e-20,
    "particle_momentum_y": 6.738986103368656e-20,
    "particle_momentum_z": 2.846571070844049e-20,
    "particle_position_x": 1.142336749037713,
    "particle_position_y": 0.6139715590982434,
    "particle_theta": 20188.939948727297,
    "particle_weight": 1002457942911.3788
  },
  "plasma_p": {
    "particle_cpu": 12650.0,
    "particle_id": 163728835.0,
    "particle_momentum_x": 6.640191214031372e-20,
    "particle_momentum_y": 6.767586994284535e-20,
    "particle_momentum_z": 5.584762252475822e-20,
    "particle_position_x": 1.13652015776656,
    "particle_position_y": 0.6152066993974457,
    "particle_theta": 20286.92798337582,
    "particle_weight": 1002457942911.3788
  }
}