{
  "driver": {
    "particle_cpu": 0.0,
    "particle_id": 5000050000.0,
    "particle_momentum_x": 4.277383280341189e-16,
    "particle_momentum_y": 0.0,
    "particle_momentum_z": 9.822790239760983e-09,
    "particle_position_x": 0.4000030402675511,
    "particle_position_y": 55.00104378818441,
    "particle_weight": 124830181489215.27
  },
  "lev=0": {
    "Bx": 0.0,
    "By": 934536.1125233946,
    "Bz": 0.0,
    "Ex": 274239388191127.8,
    "Ey": 0.0,
    "Ez": 92542641221866.78,
    "F": 8594.795337916716,
    "G": 0.0,
    "divE": 2.5302288012161667e+19,
    "jx": 9800494876590390.0,
    "jy": 0.0,
    "jz": 6.4240804887686536e+16,
    "rho": 219897227.11947268,
    "rho_driver": 2562225.1199331162,
    "rho_driver_back": 0.0,
    "rho_plasma_e": 2698165524.2374754,
    "rho_plasma_p": 2699287891.274942
  },
  "plasma_e": {
    "particle_cpu": 58858.0,
    "particle_id": 7388900221.0,
    "particle_momentum_x": 7.2390974093727425e-19,
    "particle_momentum_y": 0.0,
    "particle_momentum_z": 4.4934946134694427e-17,
    "particle_position_x": 5.3378254453787495,
    "particle_position_y": 26.540393514415193,
    "particle_weight": 1.3186130303279046e+17
  },
  "plasma_p": {
    "particle_cpu": 58880.0,
    "particle_id": 7417282880.0,
    "particle_momentum_x": 1.4618358280303017e-18,
    "particle_momentum_y": 0.0,
    "particle_momentum_z": 7.942650110429269e-14,
    "particle_position_x": 5.290047367446681,
    "particle_position_y": 26.567341043522784,
    "particle_weight": 1.3191059027779915e+17
  }
}