{
  "driver": {
    "particle_cpu": 0.0,
    "particle_id": 5000050000.0,
    "particle_momentum_x": 1.4539941020025028e-16,
    "particle_momentum_y": 0.0,
    "particle_momentum_z": 9.822790382172444e-09,
    "particle_position_x": 0.4000037672275025,
    "particle_position_y": 30.100865423602578,
    "particle_weight": 124830181489215.27
  },
  "lev=0": {
    "Bx": 0.0,
    "By": 923873.3689884299,
    "Bz": 0.0,
    "Ex": 271445959245867.38,
    "Ey": 0.0,
    "Ez": 93017410300609.08,
    "F": 6525.329585276354,
    "G": 0.0,
    "divE": 2.511377423363695e+19,
    "jx": 1.0071853348781318e+16,
    "jy": 0.0,
    "jz": 6.431583372170538e+16,
    "rho": 220511427.01289138,
    "rho_driver": 2562225.119933118,
    "rho_driver_back": 0.0,
    "rho_plasma_e": 1359622970.398378,
    "rho_plasma_p": 1361225477.7925916
  },
  "plasma_e": {
    "particle_cpu": 29652.0,
    "particle_id": 1194907032.0,
    "particle_momentum_x": 7.24535866217633e-19,
    "particle_momentum_y": 0.0,
    "particle_momentum_z": 2.3479181521728354e-17,
    "particle_position_x": 1.3924195384912583,
    "particle_position_y": 10.079133954833015,
    "particle_weight": 6.643024495443786e+16
  },
  "plasma_p": {
    "particle_cpu": 29696.0,
    "particle_id": 1202173888.0,
    "particle_momentum_x": 1.4515031430944076e-18,
    "particle_momentum_y": 0.0,
    "particle_momentum_z": 4.0084640226979506e-14,
    "particle_position_x": 1.3456479857933001,
    "particle_position_y": 10.082154761668846,
    "particle_weight": 6.652881944445523e+16
  }
}