{
  "driver": {
    "particle_cpu": 0.0,
    "particle_id": 5000050000.0,
    "particle_momentum_x": 1.450123647148077e-16,
    "particle_momentum_y": 0.0,
    "particle_momentum_z": 9.822790382325676e-09,
    "particle_position_x": 0.4000037675602286,
    "particle_position_y": 30.100865423602578,
    "particle_weight": 124830181489215.27
  },
  "lev=0": {
    "Bx": 0.0,
    "By": 921815.0017961129,
    "Bz": 0.0,
    "Ex": 270989443478974.03,
    "Ey": 0.0,
    "Ez": 92602733023090.38,
    "F": 7751.310130741669,
    "G": 0.0,
    "divE": 2.515452315799466e+19,
    "jx": 1.0169545873173836e+16,
    "jy": 0.0,
    "jz": 6.355124577059422e+16,
    "rho": 219298449.63243887,
    "rho_driver": 2562225.119933118,
    "rho_driver_back": 0.0,
    "rho_plasma_e": 1359579151.4731855,
    "rho_plasma_p": 1361225459.6563485
  },
  "plasma_e": {
    "particle_cpu": 29650.0,
    "particle_id": 1194888551.0,
    "particle_momentum_x": 7.202950730588926e-19,
    "particle_momentum_y": 0.0,
    "particle_momentum_z": 2.3465138183206095e-17,
    "particle_position_x": 1.3921175137798851,
    "particle_position_y": 10.078246018297769,
    "particle_weight": 6.64257642958007e+16
  },
  "plasma_p": {
    "particle_cpu": 29696.0,
    "particle_id": 1202173888.0,
    "particle_momentum_x": 1.4489204017553057e-18,
    "particle_momentum_y": 0.0,
    "particle_momentum_z": 4.00570749891481e-14,
    "particle_position_x": 1.345647996113807,
    "particle_position_y": 10.082154814590712,
    "particle_weight": 6.652881944445523e+16
  }
}