{
  "driver": {
    "particle_cpu": 0.0,
    "particle_id": 5000050000.0,
    "particle_momentum_x": 1.4499925060974604e-16,
    "particle_momentum_y": 0.0,
    "particle_momentum_z": 9.82279038230039e-09,
    "particle_position_x": 0.4000037675727589,
    "particle_position_y": 30.100865423602578,
    "particle_weight": 124830181489215.27
  },
  "lev=0": {
    "Bx": 0.0,
    "By": 921659.7003424203,
    "Bz": 0.0,
    "Ex": 270877199432990.72,
    "Ey": 0.0,
    "Ez": 92626589083860.39,
    "F": 6184.029984601904,
    "G": 0.0,
    "divE": 2.519005022753751e+19,
    "jx": 1.0172600337490698e+16,
    "jy": 0.0,
    "jz": 6.3852340601837256e+16,
    "rho": 220316594.2695177,
    "rho_driver": 2562225.1199331186,
    "rho_driver_back": 0.0,
    "rho_plasma_e": 1359476240.39297,
    "rho_plasma_p": 1361225457.832027
  },
  "plasma_e": {
    "particle_cpu": 29646.0,
    "particle_id": 1194846491.0,
    "particle_momentum_x": 7.183647425698553e-19,
    "particle_momentum_y": 0.0,
    "particle_momentum_z": 2.3464251836665685e-17,
    "particle_position_x": 1.3918911743233844,
    "particle_position_y": 10.076337229777174,
    "particle_weight": 6.641680297852639e+16
  },
  "plasma_p": {
    "particle_cpu": 29696.0,
    "particle_id": 1202173888.0,
    "particle_momentum_x": 1.4494644790319828e-18,
    "particle_momentum_y": 0.0,
    "particle_momentum_z": 4.008465449121937e-14,
    "particle_position_x": 1.3456480352993405,
    "particle_position_y": 10.082154831407932,
    "particle_weight": 6.652881944445523e+16
  }
}