{
  "driver": {
    "particle_cpu": 0.0,
    "particle_id": 5000050000.0,
    "particle_momentum_x": 1.449993483262996e-16,
    "particle_momentum_y": 0.0,
    "particle_momentum_z": 9.822790382300402e-09,
    "particle_position_x": 0.400003767572696,
    "particle_position_y": 30.100865423602578,
    "particle_weight": 124830181489215.27
  },
  "lev=0": {
    "Bx": 0.0,
    "By": 921659.2047215957,
    "Bz": 0.0,
    "Ex": 270877084380906.22,
    "Ey": 0.0,
    "Ez": 92626603051693.27,
    "F": 6184.06416309773,
    "G": 0.0,
    "divE": 2.519002692443211e+19,
    "jx": 1.0172599655812156e+16,
    "jy": 0.0,
    "jz": 6.385227447336726e+16,
    "rho": 220316369.1396134,
    "rho_driver": 2562225.119933118,
    "rho_driver_back": 0.0,
    "rho_plasma_e": 1359476241.7588131,
    "rho_plasma_p": 1361225460.3717313
  },
  "plasma_e": {
    "particle_cpu": 29646.0,
    "particle_id": 1194846491.0,
    "particle_momentum_x": 7.183638384394021e-19,
    "particle_momentum_y": 0.0,
    "particle_momentum_z": 2.346425019530925e-17,
    "particle_position_x": 1.391891175298253,
    "particle_position_y": 10.07633717300163,
    "particle_weight": 6.641680297852639e+16
  },
  "plasma_p": {
    "particle_cpu": 29696.0,
    "particle_id": 1202173888.0,
    "particle_momentum_x": 1.4494632574716746e-18,
    "particle_momentum_y": 0.0,
    "particle_momentum_z": 4.0057072158337995e-14,
    "particle_position_x": 1.3456480684446548,
    "particle_position_y": 10.082154799435534,
    "particle_weight": 6.652881944445523e+16
  }
}