{
  "driver": {
    "particle_cpu": 0.0,
    "particle_id": 500000500000.0,
    "particle_momentum_x": 8.710799591919723e-16,
    "particle_momentum_y": 8.719557136998762e-16,
    "particle_momentum_z": 5.461841477490683e-13,
    "particle_position_x": 6.278329546764386,
    "particle_position_y": 17.946647860264175,
    "particle_theta": 1570796.3267948946,
    "particle_weight": 6241509074.460753
  },
  "lev=0": {
    "Bx": 7.670660050713989e-12,
    "By": 24944.63950401689,
    "Bz": 3.1895375066467593e-12,
    "Ex": 4676885383506.236,
    "Ey": 0.0021757146179232495,
    "Ez": 4318113804898.9736,
    "jx": 371830042113583.2,
    "jy": 0.03507199928953739,
    "jz": 1923608653789180.2,
    "rho": 5287882.908678379,
    "rho_driver": 6281777.267757402,
    "rho_plasma_e": 49566310.56188671,
    "rho_plasma_p": 50769179.767392606
  },
  "plasma_e": {
    "particle_cpu": 12650.0,
    "particle_id": 159086515.0,
    "particle_momentum_x": 6.473086577099463e-20,
    "particle_momentum_y": 6.90180595283315e-20,
    "particle_momentum_z": 2.853566791418919e-20,
    "particle_position_x": 1.1423537080799195,
    "particle_position_y": 0.6139665443929748,
    "particle_theta": 20279.660445662623,
    "particle_weight": 1002457942911.3788
  },
  "plasma_p": {
    "particle_cpu": 12650.0,
    "particle_id": 163728835.0,
    "particle_momentum_x": 6.725274704010991e-20,
    "particle_momentum_y": 6.624480767371134e-20,
    "particle_momentum_z": 5.606433290348065e-20,
    "particle_position_x": 1.1365201481547165,
    "particle_position_y": 0.6152067075782452,
    "particle_theta": 19979.88501643156,
    "particle_weight": 1002457942911.3788
  }
}