{
  "driver": {
    "particle_cpu": 0.0,
    "particle_id": 500000428326.0,
    "particle_momentum_x": 8.723405122353729e-16,
    "particle_momentum_y": 8.719285567351437e-16,
    "particle_momentum_z": 5.461771334692466e-13,
    "particle_position_x": 6.269566322411488,
    "particle_position_y": 17.934200805964075,
    "particle_theta": 1570790.0436095877,
    "particle_weight": 6241484108.424456
  },
  "lev=0": {
    "By": 24912.66262617112,
    "Ex": 4667306707740.952,
    "Ez": 4307437889665.741,
    "jx": 362735946859133.25,
    "jz": 1937267341438018.5,
    "rho": 5308546.10760024,
    "rho_driver": 6288266.101815152,
    "rho_plasma_e": 49569864.00561153,
    "rho_plasma_p": 50769174.575747415
  },
  "plasma_e": {
    "particle_cpu": 12650.0,
    "particle_id": 159086515.0,
    "particle_momentum_x": 6.658111450308696e-20,
    "particle_momentum_y": 6.738987086219168e-20,
    "particle_momentum_z": 2.8465711111032466e-20,
    "particle_position_x": 1.142336749571497,
    "particle_position_y": 0.6139715590488816,
    "particle_theta": 20188.939948727297,
    "particle_weight": 1002457942911.3788
  },
  "plasma_p": {
    "particle_cpu": 12650.0,
    "particle_id": 163728835.0,
    "particle_momentum_x": 6.640192785220438e-20,
    "particle_momentum_y": 6.767588624594766e-20,
    "particle_momentum_z": 5.584761199543091e-20,
    "particle_position_x": 1.136520160120179,
    "particle_position_y": 0.6152066982335147,
    "particle_theta": 20286.92798337582,
    "particle_weight": 1002457942911.3788
  }
}