{
  "electrons": {
    "particle_cpu": 1024.0,
    "particle_id": 1167360.0,
    "particle_momentum_x": 5.153966216377413e-22,
    "particle_momentum_y": 3.2961227482981436e-24,
    "particle_momentum_z": 5.592933539655906e-16,
    "particle_position_x": 0.010239999985157226,
    "particle_position_y": 0.020479999999998985,
    "particle_weight": 8e+19
  },
  "ions": {
    "particle_cpu": 1024.0,
    "particle_id": 3500032.0,
    "particle_momentum_x": 5.153840768875646e-22,
    "particle_momentum_y": 4.310806557560915e-24,
    "particle_momentum_z": 1.0269479686192394e-12,
    "particle_position_x": 0.010239999999972996,
    "particle_position_y": 0.020479999999999998,
    "particle_weight": 8e+19
  },
  "lev=0": {
    "Bx": 81.24109299539893,
    "By": 65262.291375341345,
    "Bz": 23.39862161563775,
    "Ex": 11488110939706.75,
    "Ey": 21609945108.24054,
    "Ez": 10278696147794.3,
    "jx": 229570742416268.2,
    "jy": 13422303579038.584,
    "jz": 3.827274250501233e+16
  },
  "lev=1": {
    "Bx": 62.270586553203685,
    "By": 350716.5648397624,
    "Bz": 25.70488624548334,
    "Ex": 78385496879602.66,
    "Ey": 19209810918.66286,
    "Ez": 40391720951752.62,
    "jx": 1787711533020648.2,
    "jy": 27938659499596.023,
    "jz": 2.5158045046993677e+17
  }
}