{
  "electrons": {
    "particle_momentum_x": 5.153966152681284e-22,
    "particle_momentum_y": 3.2961227482981436e-24,
    "particle_momentum_z": 5.592933539655906e-16,
    "particle_position_x": 0.010239999985157226,
    "particle_position_y": 0.020479999999998985,
    "particle_weight": 8e+19
  },
  "ions": {
    "particle_momentum_x": 5.153840712232375e-22,
    "particle_momentum_y": 4.310806557560915e-24,
    "particle_momentum_z": 1.0269479686192394e-12,
    "particle_position_x": 0.010239999999972996,
    "particle_position_y": 0.020479999999999998,
    "particle_weight": 8e+19
  },
  "lev=0": {
    "Bx": 81.24109299539893,
    "By": 65262.28756037955,
    "Bz": 23.39862161563775,
    "Ex": 11488110513066.68,
    "Ey": 21609945108.24054,
    "Ez": 10278696147794.3,
    "jx": 229570775084479.8,
    "jy": 13422303579038.584,
    "jz": 3.827274393176314e+16
  },
  "lev=1": {
    "Bx": 62.270586553203685,
    "By": 350716.5553705623,
    "Bz": 25.70488624548334,
    "Ex": 78385493823562.1,
    "Ey": 19209810918.66286,
    "Ez": 40391721580589.17,
    "jx": 1787711570059873.0,
    "jy": 27938659499596.023,
    "jz": 2.515804586628142e+17
  }
}