{
  "electrons": {
    "particle_momentum_x": 5.153966216052706e-22,
    "particle_momentum_y": 3.296122748303013e-24,
    "particle_momentum_z": 5.592933539664134e-16,
    "particle_position_x": 0.010239999985156744,
    "particle_position_y": 0.020479999999998985,
    "particle_weight": 8e+19
  },
  "ions": {
    "particle_momentum_x": 5.153840768943853e-22,
    "particle_momentum_y": 4.310806557567533e-24,
    "particle_momentum_z": 1.0269479686192384e-12,
    "particle_position_x": 0.010239999999972996,
    "particle_position_y": 0.020479999999999998,
    "particle_weight": 8e+19
  },
  "lev=0": {
    "Bx": 81.24109299523752,
    "By": 65262.29130160169,
    "Bz": 23.398621614698882,
    "Ex": 11488110796255.766,
    "Ey": 21609945108.23542,
    "Ez": 10278696121340.258,
    "jx": 229570713299222.88,
    "jy": 13422303579214.39,
    "jz": 3.827274444464578e+16
  },
  "lev=1": {
    "Bx": 62.27058655254749,
    "By": 350716.56832399766,
    "Bz": 25.70488624404379,
    "Ex": 78385498011625.31,
    "Ey": 19209810918.48542,
    "Ez": 40391720894465.53,
    "jx": 1787711547069326.5,
    "jy": 27938659499985.89,
    "jz": 2.5158044745335216e+17
  }
}