{
  "electrons": {
    "particle_momentum_x": 3.991979555303416e-23,
    "particle_momentum_y": 1.6772791844850194e-23,
    "particle_momentum_z": 2.2371733897589452e-15,
    "particle_position_x": 0.04096000000160954,
    "particle_position_y": 0.08192000000000049,
    "particle_weight": 8e+19
  },
  "ions": {
    "particle_momentum_x": 3.51737892787546e-23,
    "particle_momentum_y": 1.3188981537832866e-23,
    "particle_momentum_z": 4.107791874506787e-12,
    "particle_position_x": 0.04095999999995128,
    "particle_position_y": 0.08191999999999994,
    "particle_weight": 8e+19
  },
  "lev=0": {
    "Bx": 132.90120298854487,
    "By": 29951.24606431362,
    "Bz": 55.86286229804523,
    "Ex": 7446675890221.682,
    "Ey": 40733254651.08371,
    "Ez": 2495598570657.942,
    "jx": 224508018645840.2,
    "jy": 58977923517200.664,
    "jz": 3.439850395563269e+16
  }
}