{
  "electrons": {
    "ux": 1.8872605808188487,
    "uy": 0.012069622251379053,
    "uz": 2048000.0368787462,
    "x": 0.010239999985156744,
    "z": 0.020479999999998985,
    "w": 8e+19
  },
  "ions": {
    "ux": 0.0010278092188911936,
    "uy": 8.596863813533141e-06,
    "uz": 2047999.9999781451,
    "x": 0.010239999999972996,
    "z": 0.020479999999999998,
    "w": 8e+19
  },
  "lev=0": {
    "Bx": 81.24109299523752,
    "By": 65262.29130160169,
    "Bz": 23.398621614698882,
    "Ex": 11488110796255.766,
    "Ey": 21609945108.23542,
    "Ez": 10278696121340.258,
    "jx": 229570713299222.88,
    "jy": 13422303579214.39,
    "jz": 3.827274444464578e+16
  },
  "lev=1": {
    "Bx": 250.8901387032324,
    "By": 1506099.7614874926,
    "Bz": 107.49790170361754,
    "Ex": 337746941712583.4,
    "Ey": 77461689285.3354,
    "Ez": 171637173000789.06,
    "jx": 7625020656042168.0,
    "jy": 108992190585902.4,
    "jz": 1.0643026262722089e+18
  }
}
