{
  "electrons": {
    "ux": 1.461768557412299e-01,
    "uy": 6.141799839601803e-02,
    "uz": 8.192000051918389e+06,
    "x": 0.04096000000160954,
    "z": 0.08192000000000049,
    "w": 8e+19
  },
  "ions": {
    "ux": 7.014563331547973e-05,
    "uy": 2.630224219198816e-05,
    "uz": 8.191999999972076e+06,
    "x": 0.04095999999995128,
    "z": 0.08191999999999994,
    "w": 8e+19
  },
  "lev=0": {
    "Bx": 132.90120298854487,
    "By": 29951.25413382292,
    "Bz": 55.86286229804523,
    "Ex": 7446677814368.766,
    "Ey": 40733254651.08371,
    "Ez": 2495598568000.827,
    "jx": 224508034417764.3,
    "jy": 58977923517200.664,
    "jz": 3.4398515666715744e+16
  }
}
