{
  "lev=0": {
    "Bx": 4966241349161.254,
    "By": 4966241349161.246,
    "Bz": 6.831134328962481e-11,
    "Ex": 1.4888417010888241e+21,
    "Ey": 1.4888417010888241e+21,
    "Ez": 8138626456.10672,
    "g_beam_p": 175096250199.0888,
    "rho_beam_p": 8.331476384415223e+17,
    "vx_beam_p": 3.9150198762467515e-10,
    "vy_beam_p": 3.915019770559888e-10,
    "vz_beam_p": 715792.0
  }
}