{
  "lev=0": {
    "Bx": 4966241349153.374,
    "By": 4966241349153.378,
    "Bz": 6.66392143753299e-11,
    "Ex": 1.4888417010889998e+21,
    "Ey": 1.488841701089e+21,
    "Ez": 16277252912.080893,
    "g_beam_p": 175096250199.0888,
    "rho_beam_p": 8.331477270541356e+17,
    "vx_beam_p": 4.556190175768484e-10,
    "vy_beam_p": 4.5561901940780553e-10,
    "vz_beam_p": 715792.0
  }
}