{
  "lev=0": {
    "Bx": 67876594.52390163,
    "By": 112770930.05280718,
    "Bz": 5.829569018626809e-14,
    "Ex": 3.3807876372403876e+16,
    "Ey": 2.0348892353453336e+16,
    "Ez": 2601470.938020603,
    "rho": 5630115646680.221
  },
  "electron": {
    "particle_momentum_x": 6.37807350553507e-19,
    "particle_momentum_y": 3.838951101280745e-19,
    "particle_momentum_z": 1.1454327682972433e-10,
    "particle_position_x": 21.64260864000591,
    "particle_position_y": 0.3229614080035443,
    "particle_position_z": 12582.912000000004,
    "particle_weight": 19972794743.418434
  }
}
