{
  "lev=0": {
    "Bx": 67876594.52388094,
    "By": 112770930.05280715,
    "Bz": 1.2012795195138246e-14,
    "Ex": 3.380787637240388e+16,
    "Ey": 2.0348892353447068e+16,
    "Ez": 2601470.9380206037,
    "rho": 5630115646680.221
  },
  "electron": {
    "particle_momentum_x": 6.378073505535034e-19,
    "particle_momentum_y": 3.838951101268995e-19,
    "particle_momentum_z": 1.1454327682972433e-10,
    "particle_position_x": 21.64260864000591,
    "particle_position_y": 0.3229614080035443,
    "particle_position_z": 12582.912000000004,
    "particle_weight": 19972794743.418434
  }
}

