{
  "lev=0": {
    "Bx": 67876594.52390265,
    "By": 112770930.05280717,
    "Bz": 1.1060167389533003e-13,
    "Ex": 3.380787637240387e+16,
    "Ey": 2.034889235345363e+16,
    "Ez": 2601470.9380206033,
    "rho": 5630115646680.221
  },
  "electron": {
    "particle_momentum_x": 6.378073505535043e-19,
    "particle_momentum_y": 3.838951101276526e-19,
    "particle_momentum_z": 1.1454327682972433e-10,
    "particle_position_x": 21.64260864000591,
    "particle_position_y": 0.3229614080035443,
    "particle_position_z": 12582.912000000004,
    "particle_weight": 19972794743.418434
  }
}
