{
  "lev=0": {
    "Bx": 100915975.15349947,
    "By": 157610677.3147944,
    "Bz": 1.2351730578146108e-11,
    "Ex": 4.725066923360429e+16,
    "Ey": 3.025396149301539e+16,
    "Ez": 3276584.4371608277,
    "rho": 10994013582437.197
  },
  "electron": {
    "particle_momentum_x": 5.701279599510115e-19,
    "particle_momentum_y": 3.6504531724372975e-19,
    "particle_momentum_z": 1.145432768297242e-10,
    "particle_position_x": 17.314086912497846,
    "particle_position_y": 0.2583691267187801,
    "particle_position_z": 10066.329600000006,
    "particle_weight": 19969036501.910973
  }
}
