{
  "lev=0": {
    "Bx": 100915933.44993827,
    "By": 157610622.1855512,
    "Bz": 9.717358898362187e-14,
    "Ex": 4.7250652706211096e+16,
    "Ey": 3.0253948990559976e+16,
    "Ez": 3276573.9514776524,
    "rho": 10994013582437.193
  },
  "electron": {
    "particle_momentum_x": 5.701277606050295e-19,
    "particle_momentum_y": 3.6504516641520437e-19,
    "particle_momentum_z": 1.145432768297242e-10,
    "particle_position_x": 17.314086912497864,
    "particle_position_y": 0.2583691267187796,
    "particle_position_z": 10066.329600000008,
    "particle_weight": 19969036501.910976
  }
}