{
  "lev=0": {
    "Bx": 0.0,
    "By": 3.578051588629886e-09,
    "Bz": 0.0,
    "Ex": 1.9699822913484977,
    "Ey": 0.0,
    "Ez": 0.5356004212513488,
    "jx": 0.0,
    "jy": 0.0,
    "jz": 0.0
  },
  "lev=1": {
    "Bx": 0.0,
    "By": 3.2059933548393633e-09,
    "Bz": 0.0,
    "Ex": 2.459735202099343,
    "Ey": 0.0,
    "Ez": 0.4991264331012938,
    "jx": 0.0,
    "jy": 0.0,
    "jz": 0.0
  }
}