{
  "lev=0": {
    "Bx": 8.432558629746657e-05,
    "By": 0.026892609338185998,
    "Bz": 0.026892609345544216,
    "Ex": 9112221.410831584,
    "Ey": 4342060.779985666,
    "Ez": 4342060.7789522,
    "jx": 0.0,
    "jy": 0.0,
    "jz": 0.0
  },
  "lev=1": {
    "Bx": 0.00013616524763006272,
    "By": 0.04038118398020402,
    "Bz": 0.040381183972079154,
    "Ex": 13672614.170638269,
    "Ey": 6988497.830608286,
    "Ez": 6988497.829006851,
    "jx": 0.0,
    "jy": 0.0,
    "jz": 0.0
  }
}
