{
  "lev=0": {
    "Bx": 8.432558628859037e-05,
    "By": 0.026892609333797828,
    "Bz": 0.02689260933379782,
    "Ex": 9112221.408377409,
    "Ey": 4342060.778351774,
    "Ez": 4342060.7783517735,
    "jx": 0.0,
    "jy": 0.0,
    "jz": 0.0
  },
  "lev=1": {
    "Bx": 0.00011953434461756967,
    "By": 0.03435787417429792,
    "Bz": 0.03435787417429792,
    "Ex": 12412968.176894076,
    "Ey": 6537546.007186841,
    "Ez": 6537546.0071868375,
    "jx": 0.0,
    "jy": 0.0,
    "jz": 0.0
  }
}