{
  "lev=0": {
    "Bx": 0.0,
    "By": 7.212778582469244e-09,
    "Bz": 0.0,
    "Ex": 5.948879207343574,
    "Ey": 0.0,
    "Ez": 0.8235881825331195,
    "jx": 0.0,
    "jy": 0.0,
    "jz": 0.0
  }
}