{
  "lev=0": {
    "Bx": 167.49421217759414,
    "By": 269.6793406439766,
    "Bz": 258.3282607081799,
    "Ex": 864657516595.9229,
    "Ey": 24072965021.088013,
    "Ez": 702786324880.7338,
    "divE": 5.137699003981513e+19,
    "rho": 357057125.6699786
  }
}