{
  "lev=0": {
    "Bx": 0.0,
    "By": 0.0,
    "Bz": 0.0,
    "Ex": 0.0,
    "Ey": 0.0,
    "Ez": 0.0,
    "jx": 0.0,
    "jy": 0.0,
    "jz": 0.0
  },
  "positron": {
    "particle_cpu": 0.0,
    "particle_id": 1.0,
    "particle_momentum_x": 6.55085314065218e-05,
    "particle_momentum_y": 5988349658.41882,
    "particle_momentum_z": 0.0,
    "particle_position_x": 0.0001140309395269903,
    "particle_position_y": 8924462.737653334,
    "particle_position_z": 0.0,
    "particle_weight": 0.0
  }
}