{
  "electrons": {
    "particle_momentum_x": 2.832895513364861e-20,
    "particle_momentum_y": 0.0,
    "particle_momentum_z": 2.927606068887694e-20,
    "particle_position_x": 0.12877633189214846,
    "particle_position_y": 0.0,
    "particle_position_z": 0.8083234028843023,
    "particle_weight": 4.0
  },
  "lev=0": {
    "Er": 3.432815332154269e-06,
    "Ez": 4.647602022532292e-06,
    "phi": 8.178181814661515e-07,
    "rho": 3.3832108515273927e-15,
    "rho_electrons": 3.3832108515273927e-15
  }
}