{
  "lev=0": {
    "Bx": 0.0,
    "By": 3.5780515886298844e-09,
    "Bz": 0.0,
    "Ex": 1.9699822913484977,
    "Ey": 0.0,
    "Ez": 0.5356004212513481,
    "jx": 0.0,
    "jy": 0.0,
    "jz": 0.0
  },
  "lev=1": {
    "Bx": 0.0,
    "By": 3.2059888629493914e-09,
    "Bz": 0.0,
    "Ex": 2.459734923669491,
    "Ey": 0.0,
    "Ez": 0.4991257213214868,
    "jx": 0.0,
    "jy": 0.0,
    "jz": 0.0
  }
}