{
  "lev=0": {
    "Bx": 8.432558629750022e-05,
    "By": 0.02689260933254305,
    "Bz": 0.026892609332543057,
    "Ex": 9112221.407998262,
    "Ey": 4342060.778180814,
    "Ez": 4342060.778180817,
    "jx": 0.0,
    "jy": 0.0,
    "jz": 0.0
  },
  "lev=1": {
    "Bx": 0.00013616513675437372,
    "By": 0.040381141101323965,
    "Bz": 0.040381141101323924,
    "Ex": 13672597.083734166,
    "Ey": 6988489.814361327,
    "Ez": 6988489.814361326,
    "jx": 0.0,
    "jy": 0.0,
    "jz": 0.0
  }
}