{
  "lev=0": {
    "Bx": 8.432558655524085e-05,
    "By": 0.02689260933808169,
    "Bz": 0.026892609345192463,
    "Ex": 9112221.410824832,
    "Ey": 4342060.779898501,
    "Ez": 4342060.778861644,
    "jx": 0.0,
    "jy": 0.0,
    "jz": 0.0
  },
  "lev=1": {
    "Bx": 0.00013616525022665718,
    "By": 0.040381183980958905,
    "Bz": 0.04655685832841906,
    "Ex": 13672614.170947483,
    "Ey": 6988497.830675376,
    "Ez": 6988497.828635084,
    "jx": 0.0,
    "jy": 0.0,
    "jz": 0.0
  }
}