{
  "lev=0": {
    "Ex": 0.0
  },
  "absorbing_particles": {
    "x": 0.0,
    "y": 0.0,
    "z": 0.0,
    "ux": 0.0,
    "uy": 0.0,
    "uz": 0.0,
    "w": 1.0
  },
  "periodic_particles": {
    "x": 0.0,
    "y": 0.0,
    "z": 1.3169173348265344,
    "ux": 0.0,
    "uy": 0.0,
    "uz": 1.8900000000000001,
    "w": 2.0
  },
  "reflecting_particles": {
    "x": 1.415192721917265,
    "y": 0.0,
    "z": 0.0,
    "ux": 1.81,
    "uy": 0.0,
    "uz": 0.0,
    "w": 2.0
  }
}
