{
  "electrons": {
    "particle_momentum_x": 2.4335130953142086e-19,
    "particle_momentum_y": 2.463314849025226e-19,
    "particle_momentum_z": 2.4452967447264526e-19,
    "particle_position_x": 16386.79272675649,
    "particle_position_y": 16383.137717233834,
    "particle_position_z": 16385.771013436024,
    "particle_weight": 800000000000000.0
  },
  "lev=0": {
    "Bx": 0.08405082842287068,
    "By": 0.08395442339587296,
    "Bz": 0.08318206628870235,
    "Ex": 102195850.94145432,
    "Ey": 106377257.8660376,
    "Ez": 102627869.95880052,
    "jx": 714393.4493262022,
    "jy": 739611.1829573747,
    "jz": 719566.2651192,
    "rho": 0.02721945765330138,
    "rho_electrons": 0.5250012394291199,
    "rho_protons": 0.5250012394291199,
    "uz_electrons": 502.0697557311614,
    "uz_filt_electrons": 359.0867553137462,
    "uz_filt_photons": 2044.7889809067315,
    "uz_filt_protons": 0.1368662262266184,
    "uz_photons": 2868.9771458584096,
    "uz_protons": 0.27498556151402315,
    "z_electrons": 10620.91075174126,
    "z_photons": 10315.870910754074,
    "z_protons": 16383.994708420258,
    "zuz_electrons": 251.42139943815852,
    "zuz_photons": 1423.0530482617983,
    "zuz_protons": 0.13812948570246372,
    "jz_electrons": 2.751814344253878e-06,
    "jz_photons": 1.600491407314479e-05,
    "jz_protons": 1.075623636096527e-09
  },
  "photons": {
    "particle_momentum_x": 1.43264587339745e-18,
    "particle_momentum_y": 1.420927243614407e-18,
    "particle_momentum_z": 1.4314382225453842e-18,
    "particle_position_x": 16274.031402786917,
    "particle_position_y": 16374.776556959983,
    "particle_position_z": 16308.352100156182,
    "particle_weight": 800000000000000.0
  },
  "protons": {
    "particle_momentum_x": 1.4305311394194743e-19,
    "particle_momentum_y": 1.4342178041433115e-19,
    "particle_momentum_z": 1.378886053708302e-19,
    "particle_position_x": 16384.020927263282,
    "particle_position_y": 16384.01049132875,
    "particle_position_z": 16383.994708420258,
    "particle_weight": 800000000000000.0
  }
}
