{
  "lev=0": {
    "Bx": 0.0,
    "By": 3.578051588629885e-09,
    "Bz": 0.0,
    "Ex": 1.9699822913484977,
    "Ey": 0.0,
    "Ez": 0.5356004212513483,
    "jx": 0.0,
    "jy": 0.0,
    "jz": 0.0
  },
  "lev=1": {
    "Bx": 0.0,
    "By": 2.7629151306453947e-09,
    "Bz": 0.0,
    "Ex": 2.4597363065789337,
    "Ey": 0.0,
    "Ez": 0.45901250290130735,
    "jx": 0.0,
    "jy": 0.0,
    "jz": 0.0
  }
}