{
  "lev=0": {
    "Bx": 229.28366410112736,
    "By": 242.40221902487008,
    "Bz": 164.70543954019666,
    "Ex": 789234700854.9321,
    "Ey": 15892271613.51144,
    "Ez": 693631132513.1528,
    "divE": 5.441439446237374e+19,
    "rho": 331367728.98455656
  }
}