{
  "electron": {
    "particle_cpu": 0.0,
    "particle_id": 1.0,
    "particle_momentum_x": 1.1374971259223112e-29,
    "particle_momentum_y": 1.781706433095581e-28,
    "particle_momentum_z": 1.0916827189050124e-44,
    "particle_position_x": 3.199799999997758e-05,
    "particle_position_y": 2.4579939508119704e-16,
    "particle_position_z": 1.4367273583048068e-32,
    "particle_weight": 1.0
  },
  "lev=0": {
    "Bx": 0.02063078818788873,
    "By": 0.26919197126735994,
    "Bz": 0.46082420081573894,
    "Ex": 21311406.01940426,
    "Ey": 47408746.73734099,
    "Ez": 27597248.26982928,
    "jx": 0.0021990220430938463,
    "jy": 43090052.27729228,
    "jz": 0.0
  },
  "proton": {
    "particle_cpu": 0.0,
    "particle_id": 2.0,
    "particle_momentum_x": 3.597855549650259e-29,
    "particle_momentum_y": 1.0028788756319134e-18,
    "particle_momentum_z": 6.212507406325179e-46,
    "particle_position_x": 3.199800000003799e-05,
    "particle_position_y": 6.572670690065388e-06,
    "particle_position_z": 9.279706463050266e-34,
    "particle_weight": 1.0
  }
}
