{
  "electron": {
    "particle_momentum_x": 4.382619354160471e-31,
    "particle_momentum_y": 1.339143090696219e-33,
    "particle_momentum_z": 2.071049171405733e-48,
    "particle_position_x": 3.199800000000243e-05,
    "particle_position_y": 9.548267142190976e-21,
    "particle_position_z": 4.305008078486292e-36,
    "particle_weight": 1.0
  },
  "lev=0": {
    "Bx": 3.180447620974905e-05,
    "By": 2.962228909260162e-16,
    "Bz": 6.964794089097413e-05,
    "Ex": 11374.33713603258,
    "Ey": 23243.75176686186,
    "Ez": 5509.192070677906,
    "jx": 8.544347497555065e-05,
    "jy": 257766.5556915736,
    "jz": 0.0
  },
  "proton": {
    "particle_momentum_x": 3.356304918351657e-32,
    "particle_momentum_y": 1.002878875615426e-18,
    "particle_momentum_z": 4.1182431708325955e-49,
    "particle_position_x": 3.199799999999955e-05,
    "particle_position_y": 6.5726706900619935e-06,
    "particle_position_z": 1.479296321650717e-36,
    "particle_weight": 1.0
  }
}