{
  "electron": {
    "particle_cpu": 0.0,
    "particle_id": 1.0,
    "particle_momentum_x": 4.561563069992461e-31,
    "particle_momentum_y": 4.735240262497721e-34,
    "particle_momentum_z": 2.071049171405733e-48,
    "particle_position_x": 3.199800000000243e-05,
    "particle_position_y": 6.5917770477795185e-21,
    "particle_position_z": 8.226638814151006e-36,
    "particle_weight": 1.0
  },
  "lev=0": {
    "Bx": 5.6613704793749595e-05,
    "By": 1.3914875815016033e-16,
    "Bz": 0.00011100031731969847,
    "Ex": 26731.84733762923,
    "Ey": 29057.3339904507,
    "Ez": 16060.200852126594,
    "jx": 4.476492463221237e-05,
    "jy": 43090052.26648572,
    "jz": 0.0
  },
  "proton": {
    "particle_cpu": 0.0,
    "particle_id": 2.0,
    "particle_momentum_x": 5.254805380842948e-32,
    "particle_momentum_y": 1.002878875615426e-18,
    "particle_momentum_z": 4.1182431708325955e-49,
    "particle_position_x": 3.199799999999955e-05,
    "particle_position_y": 6.5726706900619935e-06,
    "particle_position_z": 8.144837844277877e-37,
    "particle_weight": 1.0
  }
}