{
  "lev=0": {
    "Bx": 1.3137691514773655,
    "Ey": 1052208601.7204809
  },
  "lev=1": {
    "Bx": 0.36174107941906025,
    "Ey": 94466060.63059175
  }
}