{
  "lev=0": {
    "Bx": 1.3137691514773655,
    "Ey": 1052208601.7204809
  },
  "lev=1": {
    "Bx": 0.3714838555919295,
    "Ey": 98224588.87142882
  }
}
