{
  "lev=0": {
    "Bx": 6.52080713617892e-07,
    "By": 5.323555640562078e-18,
    "Bz": 1.1834601056649145e-06,
    "Ex": 300.06725745121753,
    "Ey": 320.82687281173185,
    "Ez": 185.62208934593673,
    "jx": 1.857782359527958e-06,
    "jy": 257766.55567863808,
    "jz": 0.0
  },
  "proton": {
    "particle_momentum_x": 1.0975605406855061e-33,
    "particle_momentum_y": 1.002878875615427e-18,
    "particle_momentum_z": 5.084424741580567e-51,
    "particle_position_x": 3.1998e-05,
    "particle_position_y": 6.572670690061996e-06,
    "particle_position_z": 5.681444715216788e-38,
    "particle_weight": 1.0
  },
  "electron": {
    "particle_momentum_x": 1.1142179380730476e-32,
    "particle_momentum_y": 4.516090321457367e-36,
    "particle_momentum_z": 2.2354046360787e-50,
    "particle_position_x": 3.199800000000006e-05,
    "particle_position_y": 6.267072536609136e-23,
    "particle_position_z": 1.4145775327446577e-37,
    "particle_weight": 1.0
  }
}
