{
  "electron": {
    "particle_cpu": 0.0,
    "particle_id": 1.0,
    "particle_momentum_x": 4.561563069992995e-31,
    "particle_momentum_y": 4.735240262495866e-34,
    "particle_momentum_z": 1.1663276912624509e-48,
    "particle_position_x": 3.199800000000243e-05,
    "particle_position_y": 6.591777047777489e-21,
    "particle_position_z": 9.312874618739578e-36,
    "particle_weight": 1.0
  },
  "lev=0": {
    "Bx": 5.661370479374975e-05,
    "By": 1.3668681064411596e-16,
    "Bz": 0.00011100031731970013,
    "Ex": 26731.847337630617,
    "Ey": 29057.333990451483,
    "Ez": 16060.200852127742,
    "jx": 4.476492463177985e-05,
    "jy": 43090052.26648687,
    "jz": 0.0
  },
  "proton": {
    "particle_cpu": 0.0,
    "particle_id": 2.0,
    "particle_momentum_x": 5.254805380844202e-32,
    "particle_momentum_y": 1.002878875615426e-18,
    "particle_momentum_z": 1.4307076091364584e-48,
    "particle_position_x": 3.199799999999955e-05,
    "particle_position_y": 6.5726706900619935e-06,
    "particle_position_z": 2.9858862553558572e-36,
    "particle_weight": 1.0
  }
}