{
  "lev=0": {
    "Bx": 1.3137691514770886,
    "Ey": 1052208601.720587
  },
  "lev=1": {
    "Bx": 0.3187370090421958,
    "Ey": 98224588.87142882
  }
}