{
  "lev=0": {
    "Bx": 0.0,
    "By": 0.0,
    "Bz": 0.0,
    "Ex": 0.0,
    "Ey": 0.0,
    "Ez": 0.0,
    "jx": 0.0,
    "jy": 0.0,
    "jz": 0.0
  },
  "p_dn_1": {
    "particle_momentum_x": 2.7309245307378233e-22,
    "particle_momentum_y": 2.7309245307378233e-22,
    "particle_momentum_z": 2.7309245307378233e-22,
    "particle_position_x": 2.6041666666666684e-07,
    "particle_position_y": 2.6041666666666684e-07,
    "particle_position_z": 2.6041666666666684e-07
  },
  "p_dn_10": {
    "particle_momentum_x": 2.7309245307378235e-21,
    "particle_momentum_y": 2.7309245307378235e-21,
    "particle_momentum_z": 2.7309245307378235e-21,
    "particle_position_x": 2.6041666666666684e-07,
    "particle_position_y": 2.6041666666666684e-07,
    "particle_position_z": 2.6041666666666684e-07
  },
  "p_dp_1": {
    "particle_momentum_x": 2.7309245307378233e-22,
    "particle_momentum_y": 2.7309245307378233e-22,
    "particle_momentum_z": 2.7309245307378233e-22,
    "particle_position_x": 2.6041666666666684e-07,
    "particle_position_y": 2.6041666666666684e-07,
    "particle_position_z": 2.6041666666666684e-07
  },
  "p_dp_10": {
    "particle_momentum_x": 2.7309245307378235e-21,
    "particle_momentum_y": 2.7309245307378235e-21,
    "particle_momentum_z": 2.7309245307378235e-21,
    "particle_position_x": 2.6041666666666684e-07,
    "particle_position_y": 2.6041666666666684e-07,
    "particle_position_z": 2.6041666666666684e-07
  },
  "p_xn_1": {
    "particle_momentum_x": 2.7309245307378233e-22,
    "particle_momentum_y": 0.0,
    "particle_momentum_z": 0.0,
    "particle_position_x": 4.510548978043957e-07,
    "particle_position_y": 0.0,
    "particle_position_z": 0.0
  },
  "p_xn_10": {
    "particle_momentum_x": 2.7309245307378235e-21,
    "particle_momentum_y": 0.0,
    "particle_momentum_z": 0.0,
    "particle_position_x": 4.510548978043957e-07,
    "particle_position_y": 0.0,
    "particle_position_z": 0.0
  },
  "p_xp_1": {
    "particle_momentum_x": 2.7309245307378233e-22,
    "particle_momentum_y": 0.0,
    "particle_momentum_z": 0.0,
    "particle_position_x": 4.510548978043957e-07,
    "particle_position_y": 0.0,
    "particle_position_z": 0.0
  },
  "p_xp_10": {
    "particle_momentum_x": 2.7309245307378235e-21,
    "particle_momentum_y": 0.0,
    "particle_momentum_z": 0.0,
    "particle_position_x": 4.510548978043957e-07,
    "particle_position_y": 0.0,
    "particle_position_z": 0.0
  },
  "p_yn_1": {
    "particle_momentum_x": 0.0,
    "particle_momentum_y": 2.7309245307378233e-22,
    "particle_momentum_z": 0.0,
    "particle_position_x": 0.0,
    "particle_position_y": 4.510548978043957e-07,
    "particle_position_z": 0.0
  },
  "p_yn_10": {
    "particle_momentum_x": 0.0,
    "particle_momentum_y": 2.7309245307378235e-21,
    "particle_momentum_z": 0.0,
    "particle_position_x": 0.0,
    "particle_position_y": 4.510548978043957e-07,
    "particle_position_z": 0.0
  },
  "p_yp_1": {
    "particle_momentum_x": 0.0,
    "particle_momentum_y": 2.7309245307378233e-22,
    "particle_momentum_z": 0.0,
    "particle_position_x": 0.0,
    "particle_position_y": 4.510548978043957e-07,
    "particle_position_z": 0.0
  },
  "p_yp_10": {
    "particle_momentum_x": 0.0,
    "particle_momentum_y": 2.7309245307378235e-21,
    "particle_momentum_z": 0.0,
    "particle_position_x": 0.0,
    "particle_position_y": 4.510548978043957e-07,
    "particle_position_z": 0.0
  },
  "p_zn_1": {
    "particle_momentum_x": 0.0,
    "particle_momentum_y": 0.0,
    "particle_momentum_z": 2.7309245307378233e-22,
    "particle_position_x": 0.0,
    "particle_position_y": 0.0,
    "particle_position_z": 4.510548978043957e-07
  },
  "p_zn_10": {
    "particle_momentum_x": 0.0,
    "particle_momentum_y": 0.0,
    "particle_momentum_z": 2.7309245307378235e-21,
    "particle_position_x": 0.0,
    "particle_position_y": 0.0,
    "particle_position_z": 4.510548978043957e-07
  },
  "p_zp_1": {
    "particle_momentum_x": 0.0,
    "particle_momentum_y": 0.0,
    "particle_momentum_z": 2.7309245307378233e-22,
    "particle_position_x": 0.0,
    "particle_position_y": 0.0,
    "particle_position_z": 4.510548978043957e-07
  },
  "p_zp_10": {
    "particle_momentum_x": 0.0,
    "particle_momentum_y": 0.0,
    "particle_momentum_z": 2.7309245307378235e-21,
    "particle_position_x": 0.0,
    "particle_position_y": 0.0,
    "particle_position_z": 4.510548978043957e-07
  }
}