{
  "lev=0": {
    "Bx": 3.7385403353584226e-14,
    "By": 3.7292876532200836e-14,
    "Bz": 3.2732657521969866e-16,
    "Ex": 4.41004339702857e-06,
    "Ey": 4.439432266313265e-06,
    "Ez": 9.00207860318963e-06,
    "jx": 2.330393138964886e-10,
    "jy": 1.860445536406592e-10,
    "jz": 2.1990624060171904e-08
  },
  "electrons": {
    "particle_momentum_x": 7.536513520138063e-24,
    "particle_momentum_y": 6.0319547137988445e-24,
    "particle_momentum_z": 2.7309245307375638e-22,
    "particle_position_x": 0.04004540036766792,
    "particle_position_y": 0.032039168509466705,
    "particle_position_z": 3.894748729683977
  }
}
