{
  "beam": {
    "particle_cpu": 0.0,
    "particle_id": 500500.0,
    "particle_momentum_x": 4.3221820451870806e-19,
    "particle_momentum_y": 4.51584372639501e-19,
    "particle_momentum_z": 5.444315572723708e-16,
    "particle_position_x": 0.0003944213839574242,
    "particle_position_y": 0.04700228854317311,
    "particle_weight": 12483018148921.53
  },
  "driver": {
    "particle_cpu": 0.0,
    "particle_id": 1500500.0,
    "particle_momentum_x": 4.275689680531945e-19,
    "particle_momentum_y": 4.173533978300699e-19,
    "particle_momentum_z": 5.473681318004841e-16,
    "particle_position_x": 0.001562894844791334,
    "particle_position_y": 0.03796762346701904,
    "particle_weight": 93622636116911.45
  },
  "lev=0": {
    "Bx": 10.971206057696065,
    "By": 129160.70458077628,
    "Bz": 4.7742061553639665,
    "Ex": 36269846569014.33,
    "Ey": 3698302984.410592,
    "Ez": 41138364604231.586,
    "jx": 2251964952778828.0,
    "jy": 304840114298.3696,
    "jz": 4252877895382342.0
  },
  "lev=1": {
    "Bx": 5.377181678865622,
    "By": 142098.79841193283,
    "Bz": 4.6585100733790705,
    "Ex": 49368488395341.42,
    "Ey": 2329098185.314123,
    "Ez": 52339572250984.125,
    "jx": 3016726519391346.5,
    "jy": 162992754789.04803,
    "jz": 4308416589615287.0
  },
  "plasma_e": {
    "particle_cpu": 3600.0,
    "particle_id": 6546600.0,
    "particle_momentum_x": 1.6052131138342664e-19,
    "particle_momentum_y": 7.604979650174618e-24,
    "particle_momentum_z": 1.6653769795689464e-19,
    "particle_position_x": 0.13410927422500246,
    "particle_position_y": 0.10349153092104842,
    "particle_weight": 823974609374999.9
  }
}
