{
  "beam": {
    "particle_cpu": 0.0,
    "particle_id": 1500500.0,
    "particle_momentum_x": 4.275414307401172e-19,
    "particle_momentum_y": 4.17353489404236e-19,
    "particle_momentum_z": 2.7466540338095267e-17,
    "particle_position_x": 0.00039078913353715605,
    "particle_position_y": 2.0171671368472985,
    "particle_weight": 3744905444676.4585
  },
  "driver": {
    "particle_cpu": 0.0,
    "particle_id": 500500.0,
    "particle_momentum_x": 4.3244537833987973e-19,
    "particle_momentum_y": 4.51585729236226e-19,
    "particle_momentum_z": 2.7298745908996476e-15,
    "particle_position_x": 0.0015631565341486242,
    "particle_position_y": 0.3224542161231393,
    "particle_weight": 93622636116911.45
  },
  "lev=0": {
    "Bx": 0.35061866559719373,
    "By": 9567.642706315866,
    "Bz": 0.39512026462747296,
    "Ex": 1063072187459.5623,
    "Ey": 136153819.5372767,
    "Ez": 3013326571785.375,
    "jx": 5164328089.206846,
    "jy": 4628811196.394387,
    "jz": 102420396542755.11
  },
  "plasma_e": {
    "particle_cpu": 504.0,
    "particle_id": 236124.0,
    "particle_momentum_x": 3.3723224011073765e-24,
    "particle_momentum_y": 1.0980821728000302e-27,
    "particle_momentum_z": 1.3694876444889658e-18,
    "particle_position_x": 0.017718756106128407,
    "particle_position_y": 0.02062006547950414,
    "particle_weight": 677858497765697.2
  },
  "plasma_p": {
    "particle_cpu": 504.0,
    "particle_id": 272412.0,
    "particle_momentum_x": 3.372321196955797e-24,
    "particle_momentum_y": 1.0980923474189992e-27,
    "particle_momentum_z": 2.5145867421837085e-15,
    "particle_position_x": 0.017718749996674485,
    "particle_position_y": 0.02062006546321032,
    "particle_weight": 677858497765697.2
  }
}