{
  "beam": {
    "particle_momentum_x": 4.395786293433948e-19,
    "particle_momentum_y": 4.492914967345404e-19,
    "particle_momentum_z": 2.7311683495354707e-17,
    "particle_position_x": 0.00039677048296411435,
    "particle_position_y": 0.0,
    "particle_position_z": 2.0168943089966525,
    "particle_weight": 3744905444676.4585
  },
  "driver": {
    "particle_momentum_x": 4.2007770013992006e-19,
    "particle_momentum_y": 4.394664070516301e-19,
    "particle_momentum_z": 2.743209757242203e-15,
    "particle_position_x": 0.0015699099884786683,
    "particle_position_y": 0.0,
    "particle_position_z": 0.3230374282381624,
    "particle_weight": 93622636116911.45
  },
  "lev=0": {
    "Bx": 0.31454257860523455,
    "By": 9564.523951089193,
    "Bz": 0.2997805327277486,
    "Ex": 1081575384333.5549,
    "Ey": 114955554.11279634,
    "Ez": 3014455102806.5527,
    "jx": 6202019553.174252,
    "jy": 3766838654.452317,
    "jz": 102421128782836.52
  },
  "plasma_e": {
    "particle_momentum_x": 5.977693083105584e-23,
    "particle_momentum_y": 5.506107554286222e-27,
    "particle_momentum_z": 1.3695150881814172e-18,
    "particle_position_x": 0.017718970670019946,
    "particle_position_y": 0.0,
    "particle_position_z": 0.020620066417947225,
    "particle_weight": 727797380314273.1
  },
  "plasma_p": {
    "particle_momentum_x": 5.977599764144948e-23,
    "particle_momentum_y": 5.5062772765246914e-27,
    "particle_momentum_z": 2.5163180664557282e-15,
    "particle_position_x": 0.017718749879895423,
    "particle_position_y": 0.0,
    "particle_position_z": 0.02062006546269071,
    "particle_weight": 727797380314273.1
  }
}