{
  "beam": {
    "particle_Bx": 3227.5589727359957,
    "particle_By": 3088.1685105461247,
    "particle_Bz": 4.57828126790789,
    "particle_Ex": 309125717582.3938,
    "particle_Ey": 328821757616.5381,
    "particle_Ez": 6694077359865.185,
    "particle_cpu": 0.0,
    "particle_id": 550364500.0,
    "particle_momentum_x": 4.275414307401172e-19,
    "particle_momentum_y": 4.17353489404236e-19,
    "particle_momentum_z": 2.7466540338095267e-17,
    "particle_position_x": 0.00038227754420858974,
    "particle_position_y": 0.00040084804060639605,
    "particle_position_z": 1.9713557063568812,
    "particle_weight": 3120754537.230381
  },
  "driver": {
    "particle_Bx": 11659.346120355556,
    "particle_By": 11215.848986117628,
    "particle_Bz": 0.3070321484989495,
    "particle_Ex": 530762394556.9341,
    "particle_Ey": 552097091951.6976,
    "particle_Ez": 5610847367213.652,
    "particle_cpu": 0.0,
    "particle_id": 500500.0,
    "particle_momentum_x": 4.747251762692475e+21,
    "particle_momentum_y": 4.957368621566192e+21,
    "particle_momentum_z": 2.9967719884827463e+25,
    "particle_position_x": 0.001529110176834359,
    "particle_position_y": 0.0016033921624255842,
    "particle_position_z": 0.37579166250443896,
    "particle_weight": 6241509074.460762
  },
  "driverback": {
    "particle_Bx": 11688.980573229921,
    "particle_By": 11159.188912235142,
    "particle_Bz": 0.2544570753786498,
    "particle_Ex": 523831138849.1566,
    "particle_Ey": 551237711480.2166,
    "particle_Ez": 5610277438559.053,
    "particle_cpu": 0.0,
    "particle_id": 551364500.0,
    "particle_momentum_x": 4.6831534563358655e+21,
    "particle_momentum_y": 5.084648482174756e+21,
    "particle_momentum_z": 2.999729460061163e+25,
    "particle_position_x": 0.0015291546455735929,
    "particle_position_y": 0.0016035722265970865,
    "particle_position_z": 0.422197910576549,
    "particle_weight": 6241509074.460762
  },
  "lev=0": {
    "Bx": 44941.49413640603,
    "By": 44979.43825578673,
    "Bz": 13.934939072805973,
    "Ex": 1826216104868.1426,
    "Ey": 1823330229384.4048,
    "Ez": 15903140534253.646,
    "jx": 478635383386.41437,
    "jy": 287752998229.3329,
    "jz": 1808527844770048.0
  },
  "plasma_e": {
    "particle_Bx": 0.4955999326255563,
    "particle_By": 0.5039645530718819,
    "particle_Bz": 0.0001248192975851117,
    "particle_Ex": 134686587.21869737,
    "particle_Ey": 131645153.54607514,
    "particle_Ez": 122964023.06369597,
    "particle_cpu": 3600.0,
    "particle_id": 1461156360.0,
    "particle_momentum_x": 2.0860691311063294e-24,
    "particle_momentum_y": 2.0163771091033843e-24,
    "particle_momentum_z": 9.78204978521714e-18,
    "particle_position_x": 0.12656250418442266,
    "particle_position_y": 0.12656250385223128,
    "particle_position_z": 0.06789177847668806,
    "particle_weight": 3869103021.3870597
  },
  "plasma_p": {
    "particle_Bx": 0.49560143627080033,
    "particle_By": 0.5039657942943742,
    "particle_Bz": 0.00012481965039337357,
    "particle_Ex": 134687136.7309273,
    "particle_Ey": 131645780.12750848,
    "particle_Ez": 122964266.16215158,
    "particle_cpu": 3600.0,
    "particle_id": 1970570760.0,
    "particle_momentum_x": 2.0860707893867245e-24,
    "particle_momentum_y": 2.016379117137926e-24,
    "particle_momentum_z": 1.7961333877559267e-14,
    "particle_position_x": 0.1265624999977211,
    "particle_position_y": 0.12656249999790198,
    "particle_position_z": 0.0678917784374789,
    "particle_weight": 3869103021.3870597
  }
}