{
  "beam": {
    "particle_cpu": 0.0,
    "particle_id": 1500500.0,
    "particle_momentum_x": 4.331952826767249e-19,
    "particle_momentum_y": 4.501000169972693e-19,
    "particle_momentum_z": 2.730833780425186e-17,
    "particle_position_x": 0.0003765650634942415,
    "particle_position_y": 2.017924300869033,
    "particle_weight": 3744905444676.4585
  },
  "driver": {
    "particle_cpu": 0.0,
    "particle_id": 500500.0,
    "particle_momentum_x": 4.404628898427658e-19,
    "particle_momentum_y": 4.375137239499453e-19,
    "particle_momentum_z": 2.74242453057886e-15,
    "particle_position_x": 0.001625341951975183,
    "particle_position_y": 0.3195380522103931,
    "particle_weight": 93622636116911.45
  },
  "lev=0": {
    "Bx": 0.3939499532670673,
    "By": 9563.615015137155,
    "Bz": 0.3591030714778953,
    "Ex": 1057402563551.624,
    "Ey": 144244338.6803337,
    "Ez": 3010491714956.791,
    "jx": 3215863168.881746,
    "jy": 5068791682.024239,
    "jz": 102420308627362.4
  },
  "plasma_e": {
    "particle_cpu": 504.0,
    "particle_id": 236124.0,
    "particle_momentum_x": 1.261492278768167e-23,
    "particle_momentum_y": 1.539229073145743e-27,
    "particle_momentum_z": 1.369490412666826e-18,
    "particle_position_x": 0.01771877489305462,
    "particle_position_y": 0.02062006553416991,
    "particle_weight": 677858497765697.2
  },
  "plasma_p": {
    "particle_cpu": 504.0,
    "particle_id": 272412.0,
    "particle_momentum_x": 1.261489389649524e-23,
    "particle_momentum_y": 1.539254935054062e-27,
    "particle_momentum_z": 2.514586739415174e-15,
    "particle_position_x": 0.017718749996674485,
    "particle_position_y": 0.02062006546321032,
    "particle_weight": 677858497765697.2
  }
}