{
  "lev=0": {
    "Bx": 3.742282886653039e-14,
    "By": 3.733653562337366e-14,
    "Bz": 3.159003724979974e-16,
    "Ex": 4.413173824952238e-06,
    "Ey": 4.440807110847932e-06,
    "Ez": 8.994610621212147e-06,
    "jx": 2.294712258669695e-10,
    "jy": 1.8314117733996873e-10,
    "jz": 2.1990787829485306e-08
  },
  "electrons": {
    "particle_momentum_x": 7.424668333878816e-24,
    "particle_momentum_y": 5.9396389377972404e-24,
    "particle_momentum_z": 2.730924530737562e-22,
    "particle_position_x": 0.03608389438974155,
    "particle_position_y": 0.028872102262786022,
    "particle_position_z": 3.894799963324232
  }
}
