{
  "beam": {
    "particle_cpu": 0.0,
    "particle_id": 1500500.0,
    "particle_momentum_x": 4.275414307401172e-19,
    "particle_momentum_y": 4.17353489404236e-19,
    "particle_momentum_z": 2.7466540338095267e-17,
    "particle_position_x": 0.00038227754420858974,
    "particle_position_y": 0.00040084804060639605,
    "particle_position_z": 1.9713557063568812,
    "particle_weight": 3120754537.230381
  },
  "driver": {
    "particle_cpu": 0.0,
    "particle_id": 500500.0,
    "particle_momentum_x": 4.747251762692475e+21,
    "particle_momentum_y": 4.957368621566192e+21,
    "particle_momentum_z": 2.9967719884827463e+25,
    "particle_position_x": 0.001529110176834359,
    "particle_position_y": 0.0016033921624255842,
    "particle_position_z": 0.3757916625044391,
    "particle_weight": 6241509074.460762
  },
  "driverback": {
    "particle_cpu": 0.0,
    "particle_id": 2500500.0,
    "particle_momentum_x": 4.6831534563358655e+21,
    "particle_momentum_y": 5.084648482174756e+21,
    "particle_momentum_z": 2.999729460061163e+25,
    "particle_position_x": 0.0015291546455735929,
    "particle_position_y": 0.0016035722265970865,
    "particle_position_z": 0.422197910576549,
    "particle_weight": 6241509074.460762
  },
  "lev=0": {
    "Bx": 44941.402928515585,
    "By": 44979.346973401756,
    "Bz": 13.934932422707037,
    "Ex": 1826219875574.1472,
    "Ey": 1823334082844.482,
    "Ez": 15903102110534.135,
    "jx": 478634143211.2581,
    "jy": 287751006794.0503,
    "jz": 1808524174499033.2
  },
  "plasma_e": {
    "particle_cpu": 3600.0,
    "particle_id": 9721800.0,
    "particle_momentum_x": 2.0860985336375993e-24,
    "particle_momentum_y": 2.0164052227295357e-24,
    "particle_momentum_z": 9.78204978524379e-18,
    "particle_position_x": 0.12656250418448325,
    "particle_position_y": 0.12656250385228734,
    "particle_position_z": 0.06789191625822297,
    "particle_weight": 3869115015.619221
  },
  "plasma_p": {
    "particle_cpu": 3600.0,
    "particle_id": 16201800.0,
    "particle_momentum_x": 2.086100191957863e-24,
    "particle_momentum_y": 2.0164072308156736e-24,
    "particle_momentum_z": 1.7961333877559242e-14,
    "particle_position_x": 0.12656249999772107,
    "particle_position_y": 0.12656249999790195,
    "particle_position_z": 0.06789191621901314,
    "particle_weight": 3869115015.619221
  }
}