{
  "electrons": {
    "particle_cpu": 1.0,
    "particle_id": 2.0,
    "particle_momentum_x": 7.437088723330809e-24,
    "particle_momentum_y": 5.949505661531207e-24,
    "particle_momentum_z": 5.117548636687948e-22,
    "particle_position_x": 0.0364899692620149,
    "particle_position_y": 0.02920120023126197,
    "particle_position_z": 6.968108528569411
  },
  "lev=0": {
    "Bx": 1.1961032252630063e-14,
    "By": 1.1924239845073221e-14,
    "Bz": 6.119748892789267e-17,
    "Ex": 2.9358244371907047e-06,
    "Ey": 2.9443198698749985e-06,
    "Ez": 3.3611576320665435e-06,
    "jx": 5.6217508926122293e-11,
    "jy": 4.4985424896119124e-11,
    "jz": 4.504736244048135e-09
  }
}