{
  "electrons": {
    "particle_momentum_x": 7.536513520138313e-24,
    "particle_momentum_y": 6.031954713799037e-24,
    "particle_momentum_z": 2.7309245307375703e-22,
    "particle_position_x": 0.04004540036766861,
    "particle_position_y": 0.0320391685094304,
    "particle_position_z": 3.89474872968395
  },
  "lev=0": {
    "Bx": 7.94022444540086e-14,
    "By": 7.922707854824403e-14,
    "Bz": 6.292544884046963e-16,
    "Ex": 1.232437240062016e-05,
    "Ey": 1.238688774308905e-05,
    "Ez": 2.134586540668881e-05,
    "jx": 4.660786277970919e-10,
    "jy": 3.720891072770551e-10,
    "jz": 4.398124812034121e-08
  }
}