{
  "lev=0": {
    "Bx": 0.3939499531818974,
    "By": 9563.615022656977,
    "Bz": 0.3591030695783777,
    "Ex": 1057402535431.6962,
    "Ey": 144244335.46926767,
    "Ez": 3010491709181.346,
    "jx": 3227914372.5244455,
    "jy": 5068791609.191265,
    "jz": 102420312561226.16
  },
  "beam": {
    "particle_position_x": 0.0003765650634942415,
    "particle_position_y": 0.0,
    "particle_position_z": 2.017924300869033,
    "particle_momentum_x": 4.3319528267672493e-19,
    "particle_momentum_y": 4.501000169972693e-19,
    "particle_momentum_z": 2.730833780425186e-17,
    "particle_weight": 3744905444676.4585
  },
  "driver": {
    "particle_position_x": 0.0016253419519739634,
    "particle_position_y": 0.0,
    "particle_position_z": 0.31953805221039305,
    "particle_momentum_x": 4.404628902111724e-19,
    "particle_momentum_y": 4.375137239494432e-19,
    "particle_momentum_z": 2.74242453056392e-15,
    "particle_weight": 93622636116911.45
  },
  "plasma_e": {
    "particle_position_x": 0.01771877489382093,
    "particle_position_y": 0.0,
    "particle_position_z": 0.020620065534187347,
    "particle_momentum_x": 1.2615128163630441e-23,
    "particle_momentum_y": 1.5392234055850962e-27,
    "particle_momentum_z": 1.3694904132251956e-18,
    "particle_weight": 727797380314273.1
  },
  "plasma_p": {
    "particle_position_x": 0.017718749986451513,
    "particle_position_y": 0.0,
    "particle_position_z": 0.020620065463180168,
    "particle_momentum_x": 1.2615099272164996e-23,
    "particle_momentum_y": 1.5392492681601607e-27,
    "particle_momentum_z": 2.51631809113383e-15,
    "particle_weight": 727797380314273.1
  }
}