{
  "beam": {
    "particle_cpu": 0.0,
    "particle_id": 1500500.0,
    "particle_momentum_x": 4.1784825059093756e-19,
    "particle_momentum_y": 4.56492260137707e-19,
    "particle_momentum_z": 2.733972888170628e-17,
    "particle_position_x": 0.0003995213395426269,
    "particle_position_y": 0.00041487956323604043,
    "particle_position_z": 1.8787501933086599,
    "particle_weight": 3120754537.230381
  },
  "driver": {
    "particle_cpu": 0.0,
    "particle_id": 500500.0,
    "particle_momentum_x": 4.700436405078562e+21,
    "particle_momentum_y": 4.6785862113093076e+21,
    "particle_momentum_z": 2.9995960930184427e+25,
    "particle_position_x": 0.0015811766888229445,
    "particle_position_y": 0.001621233705923834,
    "particle_position_z": 0.28097467103387264,
    "particle_weight": 6241509074.460762
  },
  "driverback": {
    "particle_cpu": 0.0,
    "particle_id": 2500500.0,
    "particle_momentum_x": 4.813131349021332e+21,
    "particle_momentum_y": 5.16548074090123e+21,
    "particle_momentum_z": 3.005830430844926e+25,
    "particle_position_x": 0.0016497061518136965,
    "particle_position_y": 0.0016167804490428818,
    "particle_position_z": 0.5131840092633663,
    "particle_weight": 6241509074.460762
  },
  "lev=0": {
    "Bx": 254740.25252704462,
    "By": 254761.47201363926,
    "Bz": 36.59956460191184,
    "Ex": 40281016800918.5,
    "Ey": 40277541730141.95,
    "Ez": 83344393717045.77,
    "jx": 375034189604.46545,
    "jy": 404034658343.9009,
    "jz": 1808630943777422.5
  },
  "plasma_e": {
    "particle_cpu": 12600.0,
    "particle_id": 147426300.0,
    "particle_momentum_x": 5.35879582076585e-21,
    "particle_momentum_y": 5.348862545124558e-21,
    "particle_momentum_z": 3.4238483821898766e-17,
    "particle_position_x": 0.44299487403195736,
    "particle_position_y": 0.44299482840676885,
    "particle_position_z": 0.8316760175980666,
    "particle_weight": 361785049075.76086
  },
  "plasma_p": {
    "particle_cpu": 12600.0,
    "particle_id": 170106300.0,
    "particle_momentum_x": 5.3610579126063325e-21,
    "particle_momentum_y": 5.351131441745109e-21,
    "particle_momentum_z": 6.286466725755022e-14,
    "particle_position_x": 0.4429687357677136,
    "particle_position_y": 0.4429687357925686,
    "particle_position_z": 0.8316759736464996,
    "particle_weight": 361785049075.76086
  }
}