{
  "electrons": {
    "particle_momentum_x": 2.000457748960032e-17,
    "particle_momentum_y": 0.0,
    "particle_momentum_z": 2.446670640741138e-17,
    "particle_position_x": 0.37688793289418476,
    "particle_position_y": 0.1714047288635171,
    "particle_weight": 2.904173860599889e+18
  },
  "ions": {
    "particle_momentum_x": 2.805690782833416e-17,
    "particle_momentum_y": 0.0,
    "particle_momentum_z": 9.605283484426823e-17,
    "particle_position_x": 0.3828171295926821,
    "particle_position_y": 0.17237242725257168,
    "particle_weight": 2.9212132379167017e+18
  },
  "lev=0": {
    "Bx": 0.0,
    "By": 75294856.83091721,
    "Bz": 0.0,
    "Ex": 2.081697252453305e+16,
    "Ey": 0.0,
    "Ez": 2.350511387513211e+16,
    "jx": 5.496779405360711e+19,
    "jy": 0.0,
    "jz": 7.159348923050661e+19
  }
}