{
  "beam": {
    "particle_momentum_x": 4.278894587984017e-19,
    "particle_momentum_y": 4.0908169483354626e-19,
    "particle_momentum_z": 5.4603362113804313e-17,
    "particle_position_x": 0.0004073990679742117,
    "particle_position_y": 0.00040229749956423387,
    "particle_position_z": 1.7797898827251948,
    "particle_weight": 1872452.7223382287
  },
  "driver": {
    "particle_momentum_x": 4.2537746521796484e-19,
    "particle_momentum_y": 4.265395425729062e-19,
    "particle_momentum_z": 2.7386179521483695e-15,
    "particle_position_x": 0.0015730820359599112,
    "particle_position_y": 0.001567442518035302,
    "particle_position_z": 0.3821097659069855,
    "particle_weight": 624150907.4460764
  },
  "lev=0": {
    "Ex": 40124341691.55219,
    "Ey": 40231025043.63612,
    "Ez": 767573724673.0515,
    "jx": 1964457768.6389933,
    "jy": 2135134278.0101168,
    "jz": 131704307418024.33,
    "part_per_cell": 5872.0
  },
  "plasma_e": {
    "particle_momentum_x": 7.643918230575959e-27,
    "particle_momentum_y": 7.663034837733629e-27,
    "particle_momentum_z": 5.260568129295649e-18,
    "particle_position_x": 0.06655000001193831,
    "particle_position_y": 0.06655000001284267,
    "particle_position_z": 0.013805068230195833,
    "particle_weight": 116268127.33666785
  }
}