{
  "beam": {
    "particle_cpu": 0.0,
    "particle_id": 1500500.0,
    "particle_momentum_x": 4.1784825059093756e-19,
    "particle_momentum_y": 4.56492260137707e-19,
    "particle_momentum_z": 2.733972888170628e-17,
    "particle_position_x": 0.0003995213395426269,
    "particle_position_y": 0.00041487956323604043,
    "particle_position_z": 1.7627876883921143,
    "particle_weight": 3120754537.230381
  },
  "driver": {
    "particle_cpu": 0.0,
    "particle_id": 500500.0,
    "particle_momentum_x": 4.700436405078561e+21,
    "particle_momentum_y": 4.6785862113093076e+21,
    "particle_momentum_z": 2.9995960930184427e+25,
    "particle_position_x": 0.001581065933355528,
    "particle_position_y": 0.0016215820912889197,
    "particle_position_z": 0.16554807754167952,
    "particle_weight": 6241509074.460762
  },
  "driverback": {
    "particle_cpu": 0.0,
    "particle_id": 2500500.0,
    "particle_momentum_x": 4.813131349021332e+21,
    "particle_momentum_y": 5.16548074090123e+21,
    "particle_momentum_z": 3.005830430844926e+25,
    "particle_position_x": 0.0016508464365779993,
    "particle_position_y": 0.0016147166714613058,
    "particle_position_z": 0.6291996285772193,
    "particle_weight": 6241509074.460762
  },
  "lev=0": {
    "Bx": 312272.60071126436,
    "By": 312308.6788452987,
    "Bz": 459.5320538478338,
    "Ex": 71557906660662.98,
    "Ey": 71534863392535.56,
    "Ez": 166242399784623.2,
    "jx": 194905561390041.88,
    "jy": 194759899121367.75,
    "jz": 2031041620965512.0
  },
  "plasma_e": {
    "particle_cpu": 22500.0,
    "particle_id": 486416250.0,
    "particle_momentum_x": 5.657219857976341e-19,
    "particle_momentum_y": 5.653286893048227e-19,
    "particle_momentum_z": 6.123185050798835e-17,
    "particle_position_x": 0.7985641223766833,
    "particle_position_y": 0.7985580094285912,
    "particle_position_z": 2.65916614936722,
    "particle_weight": 2023529388463.727
  },
  "plasma_p": {
    "particle_cpu": 22500.0,
    "particle_id": 526106250.0,
    "particle_momentum_x": 5.80449708005246e-19,
    "particle_momentum_y": 5.800853048758118e-19,
    "particle_momentum_z": 1.1225822901181369e-13,
    "particle_position_x": 0.7910114283337187,
    "particle_position_y": 0.7910114315129504,
    "particle_position_z": 2.6593949181799323,
    "particle_weight": 2023529388463.727
  }
}