{
  "electrons": {
    "particle_momentum_x": 7.437088723330809e-24,
    "particle_momentum_y": 5.949505661531207e-24,
    "particle_momentum_z": 5.117548636687948e-22,
    "particle_position_x": 0.0364899692620149,
    "particle_position_y": 0.02920120023126197,
    "particle_position_z": 6.968108528569411
  },
  "lev=0": {
    "Bx": 1.991123258534096e-14,
    "By": 1.985250580140028e-14,
    "Bz": 1.077204276995101e-16,
    "Ex": 4.081063769267445e-06,
    "Ey": 4.091857717367827e-06,
    "Ez": 4.776435792678949e-06,
    "jx": 5.03114325998232e-11,
    "jy": 4.027436848088097e-11,
    "jz": 1.201262998412809e-08
  }
}