{
  "electrons": {
    "particle_momentum_x": 7.437088723330809e-24,
    "particle_momentum_y": 5.949505661531207e-24,
    "particle_momentum_z": 5.117548636687948e-22,
    "particle_position_x": 0.0364899692620149,
    "particle_position_y": 0.02920120023126197,
    "particle_position_z": 6.968108528569411
  },
  "lev=0": {
    "Bx": 1.924115937161737e-14,
    "By": 1.918204686809447e-14,
    "Bz": 8.619137912314215e-17,
    "Ex": 4.513326174177381e-06,
    "Ey": 4.524665860438128e-06,
    "Ez": 5.039174965547142e-06,
    "jx": 5.03114325998232e-11,
    "jy": 4.027436848088097e-11,
    "jz": 1.201262998412809e-08
  }
}