{
  "lev=0": {
    "Bx": 4.093198356834658e-14,
    "By": 4.0795032963682256e-14,
    "Bz": 3.232943258908024e-16,
    "Ex": 4.572879540684184e-06,
    "Ey": 4.60474461880309e-06,
    "Ez": 9.437540685534066e-06,
    "jx": 1.590089545689823e-10,
    "jy": 1.2662277673531566e-10,
    "jz": 2.7488280075214882e-08
  },
  "electrons": {
    "particle_momentum_x": 7.53651352013772e-24,
    "particle_momentum_y": 6.0319547137986696e-24,
    "particle_momentum_z": 2.7309245307375525e-22,
    "particle_position_x": 0.04004540036766714,
    "particle_position_y": 0.032039168509482664,
    "particle_position_z": 3.8947487296840024
  }
}
