{
  "beam": {
    "particle_cpu": 0.0,
    "particle_id": 500500.0,
    "particle_momentum_x": 4.404311388516167e-19,
    "particle_momentum_y": 4.375126262047493e-19,
    "particle_momentum_z": 5.469376271778846e-16,
    "particle_position_x": 0.0004075412207630731,
    "particle_position_y": 0.04696574192915028,
    "particle_weight": 12483018148921.53
  },
  "driver": {
    "particle_cpu": 0.0,
    "particle_id": 1500500.0,
    "particle_momentum_x": 4.347833600751912e-19,
    "particle_momentum_y": 4.500996286271091e-19,
    "particle_momentum_z": 5.442203664759936e-16,
    "particle_position_x": 0.001505310630145018,
    "particle_position_y": 0.03781050095046222,
    "particle_weight": 93622636116911.45
  },
  "lev=0": {
    "Bx": 11.07473836201651,
    "By": 129344.8692944785,
    "Bz": 3.390850561317131,
    "Ex": 36239739943859.74,
    "Ey": 3402737308.773589,
    "Ez": 41205015631437.36,
    "jx": 2250406126582474.0,
    "jy": 265599977575.8648,
    "jz": 4235811839330752.0
  },
  "lev=1": {
    "Bx": 4.150715838073591,
    "By": 142753.1342940014,
    "Bz": 2.536506757005651,
    "Ex": 49292890789333.12,
    "Ey": 1422005008.958596,
    "Ez": 52701928262289.76,
    "jx": 3029834005553842.0,
    "jy": 92336633890.84117,
    "jz": 4286789664067064.0
  },
  "plasma_e": {
    "particle_cpu": 3600.0,
    "particle_id": 6546600.0,
    "particle_momentum_x": 1.604694564847229e-19,
    "particle_momentum_y": 4.35828725994675e-24,
    "particle_momentum_z": 1.65287992326933e-19,
    "particle_position_x": 0.1340722964651594,
    "particle_position_y": 0.1035059304082606,
    "particle_weight": 823974609374999.9
  }
}
