{
  "lev=0": {
    "Bx": 1.4185050489395321e-14,
    "By": 1.4141870640623701e-14,
    "Bz": 5.269248630227905e-17,
    "Ex": 2.666445134152188e-06,
    "Ey": 2.6734028241024518e-06,
    "Ez": 3.6007987116353107e-06,
    "jx": 1.1721129678457812e-11,
    "jy": 9.391162599295819e-12,
    "jz": 7.507893740080167e-09
  },
  "electrons": {
    "particle_momentum_x": 7.437088723326177e-24,
    "particle_momentum_y": 5.9495056615265464e-24,
    "particle_momentum_z": 5.117548636687862e-22,
    "particle_position_x": 0.036489969262011486,
    "particle_position_y": 0.02920120023125851,
    "particle_position_z": 6.968108528569406
  }
}
