{
  "beam": {
    "particle_momentum_x": 1.8423755260433275e-18,
    "particle_momentum_y": 2.0859880260205586e-19,
    "particle_momentum_z": 7.676594287059493e-17,
    "particle_position_x": 0.0013339503527111177,
    "particle_position_y": 0.0,
    "particle_position_z": 3.671405956625172,
    "particle_weight": 1816279140668.082
  },
  "driver": {
    "particle_momentum_x": 3.115683017169361e-18,
    "particle_momentum_y": 4.394588713624396e-19,
    "particle_momentum_z": 2.6545670289865143e-15,
    "particle_position_x": 0.0012681091255133036,
    "particle_position_y": 0.0,
    "particle_position_z": 9.267570780012996,
    "particle_weight": 93622636116911.45
  },
  "lev=0": {
    "Bx": 4.733507042473059,
    "By": 4849538.204088704,
    "Bz": 0.6751060881901435,
    "Ex": 1452320967886148.0,
    "Ey": 1374021042.0395203,
    "Ez": 145092135511167.4,
    "jx": 1.6340212410600158e+16,
    "jy": 23743332196.64691,
    "jz": 2.9869327097862534e+17
  },
  "plasma_e": {
    "particle_momentum_x": 1.0905545563924707e-18,
    "particle_momentum_y": 1.65249707517801e-24,
    "particle_momentum_z": 7.150980676310214e-17,
    "particle_position_x": 0.8791558840678769,
    "particle_position_y": 0.0,
    "particle_position_z": 188.57676569699257,
    "particle_weight": 4.207080745817442e+17
  },
  "plasma_p": {
    "particle_momentum_x": 1.862552689568476e-18,
    "particle_momentum_y": 1.8852107932089717e-24,
    "particle_momentum_z": 1.150157312529408e-13,
    "particle_position_x": 0.810013381330207,
    "particle_position_y": 0.0,
    "particle_position_z": 188.6285601972559,
    "particle_weight": 4.208176625146907e+17
  }
}