{
  "lev=0": {
    "Bx": 1.3073041371012706e-14,
    "By": 1.3033038210840872e-14,
    "Bz": 5.595105968291083e-17,
    "Ex": 2.801134785671445e-06,
    "Ey": 2.8088613469887243e-06,
    "Ez": 3.343430731047825e-06,
    "jx": 2.5155716299904363e-11,
    "jy": 2.013718424043256e-11,
    "jz": 6.00631499206418e-09
  },
  "electrons": {
    "particle_momentum_x": 7.437088723328491e-24,
    "particle_momentum_y": 5.9495056615288754e-24,
    "particle_momentum_z": 5.117548636687908e-22,
    "particle_position_x": 0.036489969262013186,
    "particle_position_y": 0.029201200231260247,
    "particle_position_z": 6.9681085285694095
  }
}
