{
  "electrons": {
    "particle_momentum_x": 7.536513520138313e-24,
    "particle_momentum_y": 6.031954713799037e-24,
    "particle_momentum_z": 2.7309245307375703e-22,
    "particle_position_x": 0.04004540036766861,
    "particle_position_y": 0.0320391685094304,
    "particle_position_z": 3.89474872968395
  },
  "lev=0": {
    "Bx": 3.448521518552731e-14,
    "By": 3.441725193808431e-14,
    "Bz": 3.3138806900734516e-16,
    "Ex": 4.460232378185175e-06,
    "Ey": 4.4889256557770925e-06,
    "Ez": 9.270629731132272e-06,
    "jx": 4.1993991820092705e-10,
    "jy": 3.3589553305457244e-10,
    "jz": 1.6492968045128927e-08
  }
}