{
  "electrons": {
    "particle_momentum_x": 7.536513520138313e-24,
    "particle_momentum_y": 6.031954713799037e-24,
    "particle_momentum_z": 2.7309245307375703e-22,
    "particle_position_x": 0.04004540036766861,
    "particle_position_y": 0.0320391685094304,
    "particle_position_z": 3.89474872968395
  },
  "lev=0": {
    "Bx": 7.793467388058752e-14,
    "By": 7.77921647623258e-14,
    "Bz": 5.266778010708902e-16,
    "Ex": 1.2378098494447e-05,
    "Ey": 1.244663405023207e-05,
    "Ez": 2.174395892032434e-05,
    "jx": 4.660786277970919e-10,
    "jy": 3.720891072770551e-10,
    "jz": 4.398124812034121e-08
  }
}