{
  "beam": {
    "particle_cpu": 0.0,
    "particle_id": 500500.0,
    "particle_momentum_x": 4.32218204518708e-19,
    "particle_momentum_y": 4.51584372639501e-19,
    "particle_momentum_z": 5.444315572723708e-16,
    "particle_position_x": 0.0003944213839574242,
    "particle_position_y": 0.04700228854317311,
    "particle_weight": 12483018148921.53
  },
  "driver": {
    "particle_cpu": 0.0,
    "particle_id": 1500500.0,
    "particle_momentum_x": 4.2756896805319457e-19,
    "particle_momentum_y": 4.1735339783006983e-19,
    "particle_momentum_z": 5.473681318004841e-16,
    "particle_position_x": 0.001562894844791334,
    "particle_position_y": 0.03796762346701904,
    "particle_weight": 93622636116911.45
  },
  "lev=0": {
    "Bx": 10.97120605769572,
    "By": 129160.70458077671,
    "Bz": 4.774206155364004,
    "Ex": 36269846569014.33,
    "Ey": 3698302984.4105244,
    "Ez": 41138364604231.72,
    "jx": 2251964952778814.5,
    "jy": 304840114298.38513,
    "jz": 4252877895382317.0
  },
  "lev=1": {
    "Bx": 5.377181678865664,
    "By": 142098.79841193178,
    "Bz": 4.423956467050441,
    "Ex": 49368488395341.14,
    "Ey": 2329098185.314154,
    "Ez": 52339572250983.49,
    "jx": 3016726519391277.0,
    "jy": 162992754789.0487,
    "jz": 4308416589615177.0
  },
  "plasma_e": {
    "particle_cpu": 3600.0,
    "particle_id": 6546600.0,
    "particle_momentum_x": 1.6052131138342664e-19,
    "particle_momentum_y": 7.604979650174618e-24,
    "particle_momentum_z": 1.6653769795689464e-19,
    "particle_position_x": 0.13410927422500246,
    "particle_position_y": 0.10349153092104842,
    "particle_weight": 823974609374999.9
  }
}
