{
  "beam": {
    "particle_cpu": 0.0,
    "particle_id": 1500500.0,
    "particle_momentum_x": 4.1784825059093756e-19,
    "particle_momentum_y": 4.56492260137707e-19,
    "particle_momentum_z": 2.733972888170628e-17,
    "particle_position_x": 0.0003995213395426269,
    "particle_position_y": 0.00041487956323604043,
    "particle_position_z": 1.7627876883921143,
    "particle_weight": 3120754537.230381
  },
  "driver": {
    "particle_cpu": 0.0,
    "particle_id": 500500.0,
    "particle_momentum_x": 4.700436405078561e+21,
    "particle_momentum_y": 4.6785862113093076e+21,
    "particle_momentum_z": 2.9995960930184427e+25,
    "particle_position_x": 0.001581065933355528,
    "particle_position_y": 0.0016215820912889197,
    "particle_position_z": 0.16554807754167952,
    "particle_weight": 6241509074.460762
  },
  "driverback": {
    "particle_cpu": 0.0,
    "particle_id": 2500500.0,
    "particle_momentum_x": 4.813131349021332e+21,
    "particle_momentum_y": 5.16548074090123e+21,
    "particle_momentum_z": 3.005830430844926e+25,
    "particle_position_x": 0.0016508464365779993,
    "particle_position_y": 0.0016147166714613058,
    "particle_position_z": 0.6291996285772193,
    "particle_weight": 6241509074.460762
  },
  "lev=0": {
    "Bx": 312086.32389687025,
    "By": 312122.04229974747,
    "Bz": 422.26324491204105,
    "Ex": 71724693602458.92,
    "Ey": 71701509187595.58,
    "Ez": 166239105337886.47,
    "jx": 179597870162448.56,
    "jy": 179464539910427.75,
    "jz": 2010494012443299.8
  },
  "plasma_e": {
    "particle_cpu": 22500.0,
    "particle_id": 486416250.0,
    "particle_momentum_x": 5.668266910902589e-19,
    "particle_momentum_y": 5.664329358431414e-19,
    "particle_momentum_z": 6.123149962428415e-17,
    "particle_position_x": 0.7985728625679029,
    "particle_position_y": 0.7985667453549044,
    "particle_position_z": 2.6591658579110837,
    "particle_weight": 1968820015805.5923
  },
  "plasma_p": {
    "particle_cpu": 22500.0,
    "particle_id": 526106250.0,
    "particle_momentum_x": 5.815611646583679e-19,
    "particle_momentum_y": 5.811963115587695e-19,
    "particle_momentum_z": 1.1225822946513029e-13,
    "particle_position_x": 0.7910114235961254,
    "particle_position_y": 0.7910114267775388,
    "particle_position_z": 2.6593949181947414,
    "particle_weight": 1968820015805.592
  }
}