{
  "lev=0": {
    "Bx": 4.096899686205015e-14,
    "By": 4.083802695355444e-14,
    "Bz": 3.120480027600881e-16,
    "Ex": 4.573589725796022e-06,
    "Ey": 4.605076924040365e-06,
    "Ez": 9.433740951249552e-06,
    "jx": 1.5650160858616e-10,
    "jy": 1.2460942115082503e-10,
    "jz": 2.7488484786856626e-08
  },
  "electrons": {
    "particle_momentum_x": 7.424668333878197e-24,
    "particle_momentum_y": 5.9396389377966446e-24,
    "particle_momentum_z": 2.73092453073755e-22,
    "particle_position_x": 0.03608389438974118,
    "particle_position_y": 0.028872102262802013,
    "particle_position_z": 3.894799963324256
  }
}
