{
  "beam": {
    "particle_cpu": 0.0,
    "particle_id": 1500500.0,
    "particle_momentum_x": 4.178482505909376e-19,
    "particle_momentum_y": 4.56492260137707e-19,
    "particle_momentum_z": 2.733972888170628e-17,
    "particle_position_x": 0.0003995213395426269,
    "particle_position_y": 0.0004148795632360405,
    "particle_position_z": 1.971520197241896,
    "particle_weight": 3120754537.230381
  },
  "driver": {
    "particle_cpu": 0.0,
    "particle_id": 500500.0,
    "particle_momentum_x": 4.700436405078562e+21,
    "particle_momentum_y": 4.678586211309308e+21,
    "particle_momentum_z": 2.999596093018443e+25,
    "particle_position_x": 0.001581171564560721,
    "particle_position_y": 0.001621241612001656,
    "particle_position_z": 0.3737871668388371,
    "particle_weight": 6241509074.460762
  },
  "driverback": {
    "particle_cpu": 0.0,
    "particle_id": 2500500.0,
    "particle_momentum_x": 4.813131349021333e+21,
    "particle_momentum_y": 5.165480740901231e+21,
    "particle_momentum_z": 3.005830430844926e+25,
    "particle_position_x": 0.001648993262358345,
    "particle_position_y": 0.001618626767559713,
    "particle_position_z": 0.4203715138122838,
    "particle_weight": 6241509074.460762
  },
  "lev=0": {
    "Bx": 44900.36241701626,
    "By": 44925.149756099,
    "Bz": 6.522149557730263,
    "Ex": 1740395711918.568,
    "Ey": 1739383965652.243,
    "Ez": 15904996412605.86,
    "jx": 181761783637.0391,
    "jy": 211922069538.1537,
    "jz": 1808517835456762.0
  },
  "plasma_e": {
    "particle_cpu": 3600.0,
    "particle_id": 9721800.0,
    "particle_momentum_x": 1.252095679647391e-25,
    "particle_momentum_y": 1.255131061786229e-25,
    "particle_momentum_z": 9.782048215409952e-18,
    "particle_position_x": 0.126562500284578,
    "particle_position_y": 0.1265625002853938,
    "particle_position_z": 0.06789191625822297,
    "particle_weight": 3869115015.619221
  },
  "plasma_p": {
    "particle_cpu": 3600.0,
    "particle_id": 16201800.0,
    "particle_momentum_x": 1.252095682124398e-25,
    "particle_momentum_y": 1.255131063319169e-25,
    "particle_momentum_z": 1.7961333877559242e-14,
    "particle_position_x": 0.12656249999772107,
    "particle_position_y": 0.12656249999790195,
    "particle_position_z": 0.06789191621901314,
    "particle_weight": 3869115015.619221
  }
}