{
  "lev=0": {
    "Bx": 1.4955215245100567e-08,
    "By": 2.5469842834335128e-08,
    "Bz": 1.2057291224076326e-08,
    "Ex": 6.069795070322746,
    "Ey": 5.355918172750489,
    "Ez": 5.016738378883853,
    "divE": 202005.08108089963,
    "rho": 1.6719346125116958e-06
  }
}