{
  "lev=0": {
    "Bx": 2.916821611439007e-06,
    "By": 2.905967588894673e-06,
    "Bz": 2.910675767589761e-06,
    "Ex": 1638.225417535941,
    "Ey": 1643.469685733573,
    "Ez": 1645.623696125757,
    "rho": 0.00017408482555034496
  }
}
