{
  "lev=0": {
    "Bx": 2.9025658853498176e-06,
    "By": 2.9007903785438975e-06,
    "Bz": 2.9006439095978047e-06,
    "Ex": 1639.2657294711155,
    "Ey": 1648.9781131837074,
    "Ez": 1649.012795508662,
    "rho": 0.00017408482555034496
  }
}