{
  "lev=0": {
    "Bx": 2.72911278133829e-08,
    "By": 6.199187798960146e-07,
    "Bz": 8.748936993424974e-08,
    "Ex": 60.31860050298514,
    "Ey": 9.76644669627931,
    "Ez": 23.48688060784214,
    "divE": 771231.1297887784,
    "rho": 2.0884054758920365e-06
  }
}