{
  "lev=0": {
    "Bx": 1.2110998243414779e-08,
    "By": 1.5545485705380978e-08,
    "Bz": 9.134211013787592e-09,
    "Ex": 4.050591183040409,
    "Ey": 4.248614715015242,
    "Ez": 3.3401282934200776,
    "divE": 188920.76108729007,
    "rho": 1.6719346125882405e-06
  }
}