{
  "lev=0": {
    "Bx": 1.1593525237393989e-08,
    "By": 1.5110569654968376e-08,
    "Bz": 8.985467170981363e-09,
    "Ex": 3.9386934154767923,
    "Ey": 4.134907100275868,
    "Ez": 3.3085880750067016,
    "divE": 188915.38924357053,
    "rho": 1.6719346122590767e-06
  }
}