{
  "lev=0": {
    "Bx": 6.598168513669639e-09,
    "By": 1.325367782856018e-08,
    "Bz": 4.124248587258615e-09,
    "Ex": 4.275153150272437,
    "Ey": 2.500921454160279,
    "Ez": 3.618579508348751,
    "jx": 0.0,
    "jy": 4.725970147774612e-169,
    "jz": 0.0
  }
}