{
  "lev=0": {
    "Ex": 1317.2337418101674,
    "Ey": 0.0,
    "Ez": 1156.1377910176022,
    "Bx": 0.0,
    "By": 3.2688462949057505e-06,
    "Bz": 0.0,
    "jx": 0.0,
    "jy": 0.0,
    "jz": 0.0,
    "rho": 0.0
  }
}
