{
  "lev=0": {
    "Bx": 1.482006352778953e-07,
    "By": 1.48205157883426e-07,
    "Bz": 1.4954704195856524e-07,
    "Ex": 11.789793626679334,
    "Ey": 11.78688532983594,
    "Ez": 11.770112090435557,
    "rho": 4.903696256562049e-05
  }
}