{
  "lev=0": {
    "Bx": 3.08721349019437e-20,
    "By": 3.268846294905577e-06,
    "Bz": 4.2412199210270035e-21,
    "Ex": 1317.2337418101645,
    "Ey": 8.371761148228583e-12,
    "Ez": 1156.1377910176307,
    "jx": 0.0,
    "jy": 0.0,
    "jz": 0.0,
    "rho": 0.0
  }
}