{
  "lev=0": {
    "Bx": 1.4955213883225615e-08,
    "By": 2.5469838278883616e-08,
    "Bz": 1.205728995299769e-08,
    "Ex": 6.069794171544256,
    "Ey": 5.355917208303502,
    "Ez": 5.016737331847911,
    "divE": 202005.08114094258,
    "rho": 1.67193461204679e-06
  }
}