{
  "lev=0": {
    "Bx": 0.0000000115934922595108653400133868777849,
    "By": 0.0000000151105874509448789476968307921370,
    "Bz": 0.0000000089855317729980750970015230638492,
    "Ex": 3.9386851408461347467948598932707682251930,
    "Ey": 4.1349222519754311733208851364906877279282,
    "Ez": 3.3085920402662600814380766678368672728539,
    "divE": 188916.91920602522441186010837554931640625,
    "rho": 1.6719346122590767e-06
  }
}
