{
  "lev=0": {
    "Bx": 1.1593525885537073e-08,
    "By": 1.5110582523976935e-08,
    "Bz": 8.985469460532544e-09,
    "Ex": 3.9386967450599664,
    "Ey": 4.134908228423252,
    "Ez": 3.3085899293232806,
    "divE": 188915.39234655761,
    "rho": 1.6719346122590767e-06
  }
}
