{
  "lev=0": {
    "Bx": 1.3610898787980585e-08,
    "By": 1.3611920100222044e-08,
    "Bz": 1.3614462378408363e-08,
    "Ex": 18.74052436795991,
    "Ey": 18.739131874557195,
    "Ez": 18.73917596625471,
    "rho": 0.00017713857500552797
  }
}