{
  "lev=0": {
    "Bx": 1.1354071488623088e-08,
    "By": 3.303085485964718e-07,
    "Bz": 3.979689685147769e-08,
    "Ex": 33.33417182574561,
    "Ey": 4.679994989401349,
    "Ez": 11.557704907195436,
    "divE": 610377.1807195494,
    "rho": 2.0884054758920365e-06
  }
}