{
  "lev=0": {
    "Bt": 3.268846294905577e-06,
    "Er": 1317.2337418101645,
    "Ez": 1156.1377910176307,
    "jr": 0.0,
    "jt": 0.0,
    "jz": 0.0,
    "rho": 0.0
  }
}