{
  "lev=0": {
    "Bx": 1.3582454274967736e-08,
    "By": 1.3585628519855815e-08,
    "Bz": 1.3594037646470728e-08,
    "Ex": 18.75779441734614,
    "Ey": 18.75937784792576,
    "Ez": 18.753302211359724,
    "rho": 0.00017408482555034496
  }
}