{
  "lev=0": {
    "Bx": 6.536815391908755e-09,
    "By": 1.3254697230842855e-08,
    "Bz": 4.0479985737748934e-09,
    "Ex": 4.275452348736324,
    "Ey": 2.4988288417646696,
    "Ez": 3.6186055289607837,
    "jx": 0.0,
    "jy": 4.725970147774612e-169,
    "jz": 0.0
  }
}