{
  "lev=0": {
    "Bx": 1.3610687381384125e-08,
    "By": 1.361341814453787e-08,
    "Bz": 1.361623444282223e-08,
    "Ex": 18.733019975918303,
    "Ey": 18.73132517981054,
    "Ez": 18.731454226529113,
    "rho": 0.00017713857500552797
  }
}