{
  "lev=0": {
    "Bx": 1.2401714071102193e-06,
    "By": 1.21931343936974e-06,
    "Bz": 1.2293954248570514e-06,
    "Ex": 614.2618449422512,
    "Ey": 622.4788672892859,
    "Ez": 613.5910967525642,
    "rho": 4.90369639123331e-05
  }
}