{
  "lev=0": {
    "Bx": 1.4820063339458393e-07,
    "By": 1.4820515850615877e-07,
    "Bz": 1.495470407235984e-07,
    "Ex": 11.789793389856982,
    "Ey": 11.786884764477099,
    "Ez": 11.770110814468563,
    "rho": 4.903696256562049e-05
  }
}