{
  "lev=0": {
    "Bx": 1.4057829252832728e-08,
    "By": 2.757045949136279e-08,
    "Bz": 1.3865191276990567e-08,
    "Ex": 6.958002424312354,
    "Ey": 5.9635745010013395,
    "Ez": 6.887406989044427,
    "divE": 486381.0076555129,
    "rho": 1.7297829145620754e-06
  }
}