{
  "lev=0": {
    "Bx": 1.3616949503719536e-08,
    "By": 1.361975610653119e-08,
    "Bz": 1.3619613264306137e-08,
    "Ex": 18.894592694619536,
    "Ey": 18.89286755826416,
    "Ez": 18.899463674048764,
    "rho": 0.00017713857500552797
  }
}