{
  "lev=0": {
    "Bx": 6.598168513669639e-09,
    "By": 1.3253677828560178e-08,
    "Bz": 4.124248587258615e-09,
    "Ex": 4.275153150272437,
    "Ey": 2.5009214541602787,
    "Ez": 3.618579508348751,
    "jx": 0.0,
    "jy": 4.725925051340115e-169,
    "jz": 0.0
  }
}