{
  "lev=0": {
    "Bx": 3.0099402855774705e-20,
    "By": 3.2688462949057505e-06,
    "Bz": 4.034162973153942e-21,
    "Ex": 1317.2337418101674,
    "Ey": 8.728170181542073e-12,
    "Ez": 1156.1377910176022,
    "jx": 0.0,
    "jy": 0.0,
    "jz": 0.0
  }
}