{
  "lev=0": {
    "Bx": 1.1599384673077106e-08,
    "By": 1.515799977053999e-08,
    "Bz": 8.995717690678642e-09,
    "Ex": 3.9363123107318456,
    "Ey": 4.134487508968383,
    "Ez": 3.3070809317529846,
    "divE": 189105.63427643626,
    "rho": 1.6734952000013346e-06
  }
}