{
  "lev=0": {
    "By": 3.2688462949057505e-06,
    "Ex": 1317.2337418101674,
    "Ez": 1156.1377910176022
  }
}
