{
  "lev=0": {
    "Bx": 1.159349225951124e-08,
    "By": 1.5110587450944313e-08,
    "Bz": 8.985531772997968e-09,
    "Ex": 3.93868514084609,
    "Ey": 4.13492225197527,
    "Ez": 3.3085920402662996,
    "divE": 188916.91920600203,
    "rho": 1.6719346125882405e-06
  }
}