{
  "lev=0": {
    "Bx": 1.357999256781357e-08,
    "By": 1.358274729423031e-08,
    "Bz": 1.358525756954841e-08,
    "Ex": 1.874000101543667e+01,
    "Ey": 1.873784914641192e+01,
    "Ez": 1.873787090565788e+01,
    "rho": 0.00017408482555034496
  }
}
