{
  "lev=0": {
    "Bx": 1.4955213831213448e-08,
    "By": 2.5469838289617698e-08,
    "Bz": 1.2057289958322291e-08,
    "Ex": 6.069794167350488,
    "Ey": 5.355917200286195,
    "Ez": 5.016737326518848,
    "divE": 202005.08161950513,
    "rho": 1.67193461204679e-06
  }
}