{
  "lev=0": {
    "Ex": 1317.2337418101674,
    "Ey": 7.056477765087081e-12,
    "Ez": 1156.1377910176022,
    "Bx": 2.594232124519114e-20,
    "By": 3.2688462949057505e-06,
    "Bz": 4.292128402662449e-21,
    "jx": 0.0,
    "jy": 0.0,
    "jz": 0.0,
    "rho": 0.0
  }
}
