{
  "lev=0": {
    "Bx": 9.111505955244123e-09,
    "By": 1.743610723263872e-08,
    "Bz": 8.692076437162089e-09,
    "Ex": 4.8377358061392215,
    "Ey": 3.8096703194246215,
    "Ez": 4.747325170136437,
    "divE": 480170.26408400893,
    "rho": 1.7297829145620754e-06
  }
}