{
  "lev=0": {
    "Bx": 4.001711120559782e-09,
    "By": 1.4066910238919108e-08,
    "Bz": 3.4475362435255117e-09,
    "Ex": 13.671400943108354,
    "Ey": 2.221451187418119,
    "Ez": 14.114305918658266,
    "jx": 0.0,
    "jy": 0.0,
    "jz": 0.0
  }
}