{
  "lev=0": {
    "Bx": 1.3617635294833692e-08,
    "By": 1.3615919867831479e-08,
    "Bz": 1.361194835692174e-08,
    "Ex": 18.894797511969543,
    "Ey": 18.89317198891423,
    "Ez": 18.899687521594966,
    "rho": 1.7713857500909887e-04
  }
}
