{
  "lev=0": {
    "Bx": 1.240175732139287e-06,
    "By": 1.2193087760500872e-06,
    "Bz": 1.2294021258059171e-06,
    "Ex": 614.260964622694,
    "Ey": 622.4773198394323,
    "Ez": 613.5902829786862,
    "rho": 4.903696525896805e-05
  }
}
