{
  "lev=0": {
    "Bx": 1.1599355635528331e-08,
    "By": 1.5158011001988313e-08,
    "Bz": 8.995705405879026e-09,
    "Ex": 3.9363155460110746,
    "Ey": 4.134482727292589,
    "Ez": 3.3070827418135487,
    "divE": 189105.46307809104,
    "rho": 1.6734952000013346e-06
  }
}