{
  "lev=0": {
    "Bx": 1.358272339640314e-08,
    "By": 1.358374136656383e-08,
    "Bz": 1.35862691106522e-08,
    "Ex": 18.7558530407117,
    "Ey": 18.75445901719022,
    "Ez": 18.754503444585,
    "rho": 0.000174084825550345
  }
}