{
  "lev=0": {
    "Bx": 0.0,
    "By": 3.268846294905577e-06,
    "Bz": 0.0,
    "Ex": 1317.2337418101645,
    "Ey": 0.0,
    "Ez": 1156.1377910176307,
    "jx": 0.0,
    "jy": 0.0,
    "jz": 0.0,
    "rho": 0.0
  }
}