{
  "lev=0": {
    "Bx": 1.55895366473558e-08,
    "By": 1.5015206116838625e-08,
    "Bz": 1.516725065646249e-08,
    "Ex": 19.175719716905533,
    "Ey": 19.25088294791974,
    "Ez": 19.244587842285785,
    "rho": 0.00017713857500552797
  }
}