{
    "lev=0": {
        "rho": 0.0
    },
    "proton3": {
        "particle_momentum_x": 1.684809640261926e-15,
        "particle_momentum_y": 1.6828399494797829e-15,
        "particle_momentum_z": 1.6804535487104095e-15,
        "particle_position_x": 2457338.899376694,
        "particle_position_y": 2457069.647393952,
        "particle_position_z": 4914642.288898885,
        "particle_weight": 1.0236580897818594e+31
    },
    "alpha5": {
        "particle_momentum_x": 2.3336421176154494e-14,
        "particle_momentum_y": 2.345583787205298e-14,
        "particle_momentum_z": 2.3574859187827772e-14,
        "particle_position_x": 2457556.857163842,
        "particle_position_y": 2457059.6353793233,
        "particle_position_z": 4915847.043341331,
        "particle_weight": 3.0719999999999984e-18
    },
    "boron3": {
        "particle_momentum_x": 9.277692671587846e-15,
        "particle_momentum_y": 9.268409636965691e-15,
        "particle_momentum_z": 9.279446607709548e-15,
        "particle_position_x": 4096178.1664224654,
        "particle_position_y": 4096499.7060386725,
        "particle_position_z": 8191465.586938233,
        "particle_weight": 5.119658089781855e+31
    },
    "boron1": {
        "particle_momentum_x": 0.0,
        "particle_momentum_y": 0.0,
        "particle_momentum_z": 2.524872467113344e-13,
        "particle_position_x": 40958301.591654316,
        "particle_position_y": 40961136.14476712,
        "particle_position_z": 81920546.19181262,
        "particle_weight": 1024.000000000021
    },
    "alpha4": {
        "particle_momentum_x": 2.3374367002622734e-14,
        "particle_momentum_y": 2.3439200330576348e-14,
        "particle_momentum_z": 2.3559200621107925e-14,
        "particle_position_x": 2457367.4582781536,
        "particle_position_y": 2457512.044373057,
        "particle_position_z": 4914475.776513074,
        "particle_weight": 3072.000000000002
    },
    "alpha3": {
        "particle_momentum_x": 4.857656981301579e-16,
        "particle_momentum_y": 4.811177053359803e-16,
        "particle_momentum_z": 4.766749863500389e-16,
        "particle_position_x": 51282.9136300544,
        "particle_position_y": 51045.39533309579,
        "particle_position_z": 101578.82008857065,
        "particle_weight": 1.0257306544231767e+28
    },
    "alpha2": {
        "particle_momentum_x": 4.071664828713061e-15,
        "particle_momentum_y": 4.119627260272026e-15,
        "particle_momentum_z": 4.181812341443065e-15,
        "particle_position_x": 405848.1200755021,
        "particle_position_y": 408011.53191288817,
        "particle_position_z": 866330.5923068221,
        "particle_weight": 1.9180757241165136e+19
    },
    "proton2": {
        "particle_momentum_x": 0.0,
        "particle_momentum_y": 0.0,
        "particle_momentum_z": 2.3745333755307162e-14,
        "particle_position_x": 4095630.698135355,
        "particle_position_y": 4096073.5517983637,
        "particle_position_z": 8191737.5566503005,
        "particle_weight": 1.0227810240716198e+29
    },
    "proton4": {
        "particle_momentum_x": 0.0,
        "particle_momentum_y": 0.0,
        "particle_momentum_z": 1.7586062624930794e-15,
        "particle_position_x": 409630.8789482905,
        "particle_position_y": 409598.7077771135,
        "particle_position_z": 818958.0399127571,
        "particle_weight": 1.0240000000000003e+38
    },
    "proton1": {
        "particle_momentum_x": 0.0,
        "particle_momentum_y": 0.0,
        "particle_momentum_z": 2.524872467113344e-13,
        "particle_position_x": 40960140.72983793,
        "particle_position_y": 40959772.69310104,
        "particle_position_z": 81919021.52308556,
        "particle_weight": 1024.000000000021
    },
    "proton5": {
        "particle_momentum_x": 0.0,
        "particle_momentum_y": 0.0,
        "particle_momentum_z": 1.7586062624930794e-15,
        "particle_position_x": 409638.28776185703,
        "particle_position_y": 409501.32257833943,
        "particle_position_z": 819309.1804186807,
        "particle_weight": 1.0240000000000003e+38
    },
    "boron5": {
        "particle_momentum_x": 0.0,
        "particle_momentum_y": 0.0,
        "particle_momentum_z": 0.0,
        "particle_position_x": 409547.33129275695,
        "particle_position_y": 409518.5558814353,
        "particle_position_z": 819306.5006950963,
        "particle_weight": 1023.9999999999999
    },
    "alpha1": {
        "particle_momentum_x": 4.659632773478301e-15,
        "particle_momentum_y": 4.617309192789389e-15,
        "particle_momentum_z": 4.6173901462667306e-15,
        "particle_position_x": 453219.3436004627,
        "particle_position_y": 457393.42114332493,
        "particle_position_z": 970481.0580153911,
        "particle_weight": 1.8966442168729786e-27
    },
    "boron2": {
        "particle_momentum_x": 0.0,
        "particle_momentum_y": 0.0,
        "particle_momentum_z": 0.0,
        "particle_position_x": 409798.0158217681,
        "particle_position_y": 409670.9858143465,
        "particle_position_z": 819255.8152412223,
        "particle_weight": 1.023999999936064e+29
    }
}