{
  "lev=0": {
    "rho": 0.0
  },
  "alpha2": {
    "particle_momentum_x": 4.057984510682467e-15,
    "particle_momentum_y": 4.104188139725855e-15,
    "particle_momentum_z": 4.17858000090827e-15,
    "particle_position_x": 408793.7905852193,
    "particle_position_y": 861780.8020495367,
    "particle_weight": 5.078061191951185e+18
  },
  "alpha3": {
    "particle_momentum_x": 5.017656304003558e-16,
    "particle_momentum_y": 4.935595075276182e-16,
    "particle_momentum_z": 4.867133212376827e-16,
    "particle_position_x": 52678.192400911765,
    "particle_position_y": 105483.59950020742,
    "particle_weight": 1.5413633830148085e+27
  },
  "boron1": {
    "particle_momentum_x": 0.0,
    "particle_momentum_y": 0.0,
    "particle_momentum_z": 2.524872467113344e-13,
    "particle_position_x": 40958301.591654316,
    "particle_position_y": 81921136.14476715,
    "particle_weight": 128.00000000000261
  },
  "boron2": {
    "particle_momentum_x": 0.0,
    "particle_momentum_y": 0.0,
    "particle_momentum_z": 0.0,
    "particle_position_x": 409798.015821768,
    "particle_position_y": 819270.9858143466,
    "particle_weight": 1.2799999998307316e+28
  },
  "boron5": {
    "particle_momentum_x": 0.0,
    "particle_momentum_y": 0.0,
    "particle_momentum_z": 0.0,
    "particle_position_x": 409547.3312927569,
    "particle_position_y": 819118.5558814355,
    "particle_weight": 127.99999999999999
  },
  "alpha1": {
    "particle_momentum_x": 4.691909092431811e-15,
    "particle_momentum_y": 4.6836958163275755e-15,
    "particle_momentum_z": 4.657203546376977e-15,
    "particle_position_x": 463465.27131109464,
    "particle_position_y": 978207.6061359186,
    "particle_weight": 4.977661460251435e-28
  },
  "proton2": {
    "particle_momentum_x": 0.0,
    "particle_momentum_y": 0.0,
    "particle_momentum_z": 2.3723248133690294e-14,
    "particle_position_x": 4095630.6981353555,
    "particle_position_y": 8192073.551798361,
    "particle_weight": 1.2885512788807322e+28
  },
  "proton1": {
    "particle_momentum_x": 0.0,
    "particle_momentum_y": 0.0,
    "particle_momentum_z": 2.524872467113344e-13,
    "particle_position_x": 40960140.72983792,
    "particle_position_y": 81919772.69310114,
    "particle_weight": 128.00000000000261
  },
  "alpha5": {
    "particle_momentum_x": 2.3343485859070736e-14,
    "particle_momentum_y": 2.3451128753701046e-14,
    "particle_momentum_z": 2.3579462789062662e-14,
    "particle_position_x": 2457556.8571638423,
    "particle_position_y": 4914659.635379322,
    "particle_weight": 3.839999999999998e-19
  },
  "boron3": {
    "particle_momentum_x": 9.277692671587846e-15,
    "particle_momentum_y": 9.268409636965691e-15,
    "particle_momentum_z": 9.279446607709548e-15,
    "particle_position_x": 4096178.1664224654,
    "particle_position_y": 8192499.7060386725,
    "particle_weight": 6.399486212205656e+30
  },
  "proton4": {
    "particle_momentum_x": 0.0,
    "particle_momentum_y": 0.0,
    "particle_momentum_z": 1.7586062624930794e-15,
    "particle_position_x": 409630.8789482905,
    "particle_position_y": 819198.7077771134,
    "particle_weight": 1.2800000000000004e+37
  },
  "proton3": {
    "particle_momentum_x": 1.6847290893972251e-15,
    "particle_momentum_y": 1.6827074502304075e-15,
    "particle_momentum_z": 1.6802489646490975e-15,
    "particle_position_x": 2457270.6999197667,
    "particle_position_y": 4914315.665267942,
    "particle_weight": 1.279486212205663e+30
  },
  "alpha4": {
    "particle_momentum_x": 2.338084461204216e-14,
    "particle_momentum_y": 2.3436156778849828e-14,
    "particle_momentum_z": 2.35535708386288e-14,
    "particle_position_x": 2457367.4582781536,
    "particle_position_y": 4915112.044373056,
    "particle_weight": 384.0000000000002
  },
  "proton5": {
    "particle_momentum_x": 0.0,
    "particle_momentum_y": 0.0,
    "particle_momentum_z": 1.7586062624930794e-15,
    "particle_position_x": 409638.2877618571,
    "particle_position_y": 819101.3225783394,
    "particle_weight": 1.2800000000000004e+37
  }
}
