{
  "alpha1": {
    "particle_momentum_x": 4.659631949650719e-15,
    "particle_momentum_y": 4.617308377231923e-15,
    "particle_momentum_z": 4.617389330519975e-15,
    "particle_position_x": 453219.3436004627,
    "particle_position_y": 457393.42114332493,
    "particle_position_z": 970481.0580153911,
    "particle_weight": 1.9043802455895325e-27
  },
  "alpha2": {
    "particle_momentum_x": 4.071678402460901e-15,
    "particle_momentum_y": 4.1196410276880726e-15,
    "particle_momentum_z": 4.181784710058622e-15,
    "particle_position_x": 405848.1200755021,
    "particle_position_y": 408011.53191288817,
    "particle_position_z": 866330.5923068221,
    "particle_weight": 1.9261737121655108e+19
  },
  "alpha3": {
    "particle_momentum_x": 4.853582081563116e-16,
    "particle_momentum_y": 4.797297548379446e-16,
    "particle_momentum_z": 4.759501504671248e-16,
    "particle_position_x": 51342.57223394147,
    "particle_position_y": 50913.6612890173,
    "particle_position_z": 101306.34059008301,
    "particle_weight": 1.0360147595748265e+28
  },
  "alpha4": {
    "particle_momentum_x": 2.3373908106523292e-14,
    "particle_momentum_y": 2.3439419725501755e-14,
    "particle_momentum_z": 2.3559411845892612e-14,
    "particle_position_x": 2457367.4582781526,
    "particle_position_y": 2457512.044373058,
    "particle_position_z": 4914475.776513073,
    "particle_weight": 3072.000000000002
  },
  "alpha5": {
    "particle_momentum_x": 2.333624251961068e-14,
    "particle_momentum_y": 2.3455939695798916e-14,
    "particle_momentum_z": 2.3574526216382372e-14,
    "particle_position_x": 2457556.857163842,
    "particle_position_y": 2457059.6353793237,
    "particle_position_z": 4915847.043341331,
    "particle_weight": 3.0719999999999984e-18
  },
  "boron1": {
    "particle_momentum_x": 0.0,
    "particle_momentum_y": 0.0,
    "particle_momentum_z": 2.524242836246531e-13,
    "particle_position_x": 40958301.591654316,
    "particle_position_y": 40961136.14476712,
    "particle_position_z": 81920546.19181262,
    "particle_weight": 1024.000000000021
  },
  "boron2": {
    "particle_momentum_x": 0.0,
    "particle_momentum_y": 0.0,
    "particle_momentum_z": 0.0,
    "particle_position_x": 409798.0158217681,
    "particle_position_y": 409670.9858143465,
    "particle_position_z": 819255.8152412223,
    "particle_weight": 1.0239999999357942e+29
  },
  "boron3": {
    "particle_momentum_x": 9.277692671587846e-15,
    "particle_momentum_y": 9.268409636965691e-15,
    "particle_momentum_z": 9.279446607709548e-15,
    "particle_position_x": 4096178.1664224654,
    "particle_position_y": 4096499.7060386725,
    "particle_position_z": 8191465.586938233,
    "particle_weight": 5.119654661746806e+31
  },
  "boron5": {
    "particle_momentum_x": 0.0,
    "particle_momentum_y": 0.0,
    "particle_momentum_z": 0.0,
    "particle_position_x": 409547.33129275695,
    "particle_position_y": 409518.5558814353,
    "particle_position_z": 819306.5006950963,
    "particle_weight": 1023.9999999999999
  },
  "lev=0": {
    "rho": 0.0
  },
  "proton1": {
    "particle_momentum_x": 0.0,
    "particle_momentum_y": 0.0,
    "particle_momentum_z": 2.524242836246531e-13,
    "particle_position_x": 40960140.72983793,
    "particle_position_y": 40959772.69310104,
    "particle_position_z": 81919021.52308556,
    "particle_weight": 1024.000000000021
  },
  "proton2": {
    "particle_momentum_x": 0.0,
    "particle_momentum_y": 0.0,
    "particle_momentum_z": 2.3738870507189214e-14,
    "particle_position_x": 4095630.698135355,
    "particle_position_y": 4096073.5517983637,
    "particle_position_z": 8191737.5566503005,
    "particle_weight": 1.0227810240713489e+29
  },
  "proton3": {
    "particle_momentum_x": 1.6843510515198723e-15,
    "particle_momentum_y": 1.6823818968683368e-15,
    "particle_momentum_z": 1.6799961456539653e-15,
    "particle_position_x": 2457338.899376694,
    "particle_position_y": 2457069.647393952,
    "particle_position_z": 4914642.288898885,
    "particle_weight": 1.0236546617468092e+31
  },
  "proton4": {
    "particle_momentum_x": 0.0,
    "particle_momentum_y": 0.0,
    "particle_momentum_z": 1.7581275870306353e-15,
    "particle_position_x": 409630.8789482905,
    "particle_position_y": 409598.7077771135,
    "particle_position_z": 818958.0399127571,
    "particle_weight": 1.0240000000000003e+38
  },
  "proton5": {
    "particle_momentum_x": 0.0,
    "particle_momentum_y": 0.0,
    "particle_momentum_z": 1.7581275870306353e-15,
    "particle_position_x": 409638.28776185703,
    "particle_position_y": 409501.32257833943,
    "particle_position_z": 819309.1804186807,
    "particle_weight": 1.0240000000000003e+38
  }
}