{
  "lev=0": {
    "rho": 0.0
  },
  "alpha2": {
    "particle_momentum_x": 4.0815251136381854e-15,
    "particle_momentum_y": 4.122335955939925e-15,
    "particle_momentum_z": 4.201726051973563e-15,
    "particle_position_x": 410664.0477768091,
    "particle_position_y": 868193.1483606595,
    "particle_weight": 2.947401325355292e+18
  },
  "alpha3": {
    "particle_momentum_x": 4.925995964082186e-16,
    "particle_momentum_y": 4.780894181553476e-16,
    "particle_momentum_z": 4.688680302272935e-16,
    "particle_position_x": 52240.870920562535,
    "particle_position_y": 103873.30862578771,
    "particle_weight": 1.4784234459335885e+27
  },
  "proton1": {
    "particle_momentum_x": 0.0,
    "particle_momentum_y": 0.0,
    "particle_momentum_z": 2.524872467113344e-13,
    "particle_position_x": 40960140.72983792,
    "particle_position_y": 81919772.69310114,
    "particle_weight": 128.00000000000261
  },
  "alpha4": {
    "particle_momentum_x": 2.3422553081132076e-14,
    "particle_momentum_y": 2.3416860254545166e-14,
    "particle_momentum_z": 2.3532380279126124e-14,
    "particle_position_x": 2457367.4582781536,
    "particle_position_y": 4915112.044373058,
    "particle_weight": 384.0000000000002
  },
  "proton4": {
    "particle_momentum_x": 0.0,
    "particle_momentum_y": 0.0,
    "particle_momentum_z": 1.7586062624930794e-15,
    "particle_position_x": 409630.8789482905,
    "particle_position_y": 819198.7077771134,
    "particle_weight": 1.2800000000000004e+37
  },
  "boron3": {
    "particle_momentum_x": 9.277692671587846e-15,
    "particle_momentum_y": 9.268409636965691e-15,
    "particle_momentum_z": 9.279446607709548e-15,
    "particle_position_x": 4096178.1664224654,
    "particle_position_y": 8192499.7060386725,
    "particle_weight": 6.399507192184686e+30
  },
  "boron2": {
    "particle_momentum_x": 0.0,
    "particle_momentum_y": 0.0,
    "particle_momentum_z": 0.0,
    "particle_position_x": 409798.015821768,
    "particle_position_y": 819270.9858143466,
    "particle_weight": 1.2799999999017534e+28
  },
  "boron1": {
    "particle_momentum_x": 0.0,
    "particle_momentum_y": 0.0,
    "particle_momentum_z": 2.524872467113344e-13,
    "particle_position_x": 40958301.591654316,
    "particle_position_y": 81921136.14476715,
    "particle_weight": 128.00000000000261
  },
  "proton3": {
    "particle_momentum_x": 1.684673285246867e-15,
    "particle_momentum_y": 1.6827557106531144e-15,
    "particle_momentum_z": 1.6802642612723895e-15,
    "particle_position_x": 2457259.537951346,
    "particle_position_y": 4914248.771185745,
    "particle_weight": 1.2795071921846893e+30
  },
  "proton5": {
    "particle_momentum_x": 0.0,
    "particle_momentum_y": 0.0,
    "particle_momentum_z": 1.7586062624930794e-15,
    "particle_position_x": 409638.2877618571,
    "particle_position_y": 819101.3225783394,
    "particle_weight": 1.2800000000000004e+37
  },
  "alpha1": {
    "particle_momentum_x": 4.714228774936194e-15,
    "particle_momentum_y": 4.676079523757908e-15,
    "particle_momentum_z": 4.676143086393951e-15,
    "particle_position_x": 463834.9497057527,
    "particle_position_y": 977592.6452214213,
    "particle_weight": 2.9280275175431764e-28
  },
  "alpha5": {
    "particle_momentum_x": 2.3300446729308862e-14,
    "particle_momentum_y": 2.3449941485701153e-14,
    "particle_momentum_z": 2.3618372938672865e-14,
    "particle_position_x": 2457556.8571638414,
    "particle_position_y": 4914659.635379325,
    "particle_weight": 3.839999999999998e-19
  },
  "proton2": {
    "particle_momentum_x": 0.0,
    "particle_momentum_y": 0.0,
    "particle_momentum_z": 2.3723248133690294e-14,
    "particle_position_x": 4095630.6981353555,
    "particle_position_y": 8192073.551798361,
    "particle_weight": 1.2885512789517532e+28
  },
  "boron5": {
    "particle_momentum_x": 0.0,
    "particle_momentum_y": 0.0,
    "particle_momentum_z": 0.0,
    "particle_position_x": 409547.3312927569,
    "particle_position_y": 819118.5558814355,
    "particle_weight": 127.99999999999999
  }
}