{
    "lev=0": {
        "rho": 0.0
    },
    "alpha2": {
        "particle_momentum_x": 4.1179548991012315e-15,
        "particle_momentum_y": 4.110026665992801e-15,
        "particle_momentum_z": 4.169802553223462e-15,
        "particle_position_x": 408575.75269073684,
        "particle_position_y": 413407.5155277014,
        "particle_position_z": 863983.4313441743,
        "particle_weight": 1.901545867395127e+19
    },
    "alpha4": {
        "particle_momentum_x": 2.3389474647479255e-14,
        "particle_momentum_y": 2.3425362750821152e-14,
        "particle_momentum_z": 2.3515097401900785e-14,
        "particle_position_x": 2457367.458278154,
        "particle_position_y": 2457512.044373057,
        "particle_position_z": 4914475.776513075,
        "particle_weight": 3072.000000000002
    },
    "boron5": {
        "particle_momentum_x": 0.0,
        "particle_momentum_y": 0.0,
        "particle_momentum_z": 0.0,
        "particle_position_x": 409547.33129275695,
        "particle_position_y": 409518.5558814353,
        "particle_position_z": 819306.5006950963,
        "particle_weight": 1023.9999999999999
    },
    "proton2": {
        "particle_momentum_x": 0.0,
        "particle_momentum_y": 0.0,
        "particle_momentum_z": 2.3745333755307162e-14,
        "particle_position_x": 4095630.698135355,
        "particle_position_y": 4096073.5517983637,
        "particle_position_z": 8191737.5566503005,
        "particle_weight": 1.0227810240721708e+29
    },
    "proton3": {
        "particle_momentum_x": 1.6847690263373399e-15,
        "particle_momentum_y": 1.682851264092124e-15,
        "particle_momentum_z": 1.6803794796027466e-15,
        "particle_position_x": 2457363.4111393224,
        "particle_position_y": 2457049.324917686,
        "particle_position_z": 4914549.051577593,
        "particle_weight": 1.0236635064099502e+31
    },
    "proton4": {
        "particle_momentum_x": 0.0,
        "particle_momentum_y": 0.0,
        "particle_momentum_z": 1.7586062624930794e-15,
        "particle_position_x": 409630.8789482905,
        "particle_position_y": 409598.7077771135,
        "particle_position_z": 818958.0399127571,
        "particle_weight": 1.0240000000000003e+38
    },
    "alpha5": {
        "particle_momentum_x": 2.3387550695963677e-14,
        "particle_momentum_y": 2.33445389960837e-14,
        "particle_momentum_z": 2.3635948557453833e-14,
        "particle_position_x": 2457556.8571638414,
        "particle_position_y": 2457059.6353793237,
        "particle_position_z": 4915847.043341329,
        "particle_weight": 3.0719999999999984e-18
    },
    "alpha3": {
        "particle_momentum_x": 4.72203056468584e-16,
        "particle_momentum_y": 4.622060921861793e-16,
        "particle_momentum_z": 4.5443204949049515e-16,
        "particle_position_x": 50603.134609459696,
        "particle_position_y": 48681.319634796026,
        "particle_position_z": 100449.24933492322,
        "particle_weight": 1.0094807701511393e+28
    },
    "proton5": {
        "particle_momentum_x": 0.0,
        "particle_momentum_y": 0.0,
        "particle_momentum_z": 1.7586062624930794e-15,
        "particle_position_x": 409638.28776185703,
        "particle_position_y": 409501.32257833943,
        "particle_position_z": 819309.1804186807,
        "particle_weight": 1.0240000000000003e+38
    },
    "proton1": {
        "particle_momentum_x": 0.0,
        "particle_momentum_y": 0.0,
        "particle_momentum_z": 2.524872467113344e-13,
        "particle_position_x": 40960140.72983793,
        "particle_position_y": 40959772.69310104,
        "particle_position_z": 81919021.52308556,
        "particle_weight": 1024.000000000021
    },
    "boron2": {
        "particle_momentum_x": 0.0,
        "particle_momentum_y": 0.0,
        "particle_momentum_z": 0.0,
        "particle_position_x": 409798.0158217681,
        "particle_position_y": 409670.9858143465,
        "particle_position_z": 819255.8152412223,
        "particle_weight": 1.0239999999366152e+29
    },
    "alpha1": {
        "particle_momentum_x": 4.665933695243743e-15,
        "particle_momentum_y": 4.603805875733438e-15,
        "particle_momentum_z": 4.706765986105302e-15,
        "particle_position_x": 461871.79172011977,
        "particle_position_y": 461162.2166206925,
        "particle_position_z": 969262.7809050508,
        "particle_weight": 1.9171578359058453e-27
    },
    "boron1": {
        "particle_momentum_x": 0.0,
        "particle_momentum_y": 0.0,
        "particle_momentum_z": 2.524872467113344e-13,
        "particle_position_x": 40958301.591654316,
        "particle_position_y": 40961136.14476712,
        "particle_position_z": 81920546.19181262,
        "particle_weight": 1024.000000000021
    },
    "boron3": {
        "particle_momentum_x": 9.277692671587846e-15,
        "particle_momentum_y": 9.268409636965691e-15,
        "particle_momentum_z": 9.279446607709548e-15,
        "particle_position_x": 4096178.1664224654,
        "particle_position_y": 4096499.7060386725,
        "particle_position_z": 8191465.586938233,
        "particle_weight": 5.119663506409945e+31
    }
}