{
  "alpha1": {
    "particle_cpu": 61206.0,
    "particle_id": 1369246086324.0,
    "particle_momentum_x": 4.714227948839551e-15,
    "particle_momentum_y": 4.676078701959904e-15,
    "particle_momentum_z": 4.676142266462326e-15,
    "particle_position_x": 463834.9497057527,
    "particle_position_y": 977592.6452214213,
    "particle_weight": 2.940000093807323e-28
  },
  "alpha2": {
    "particle_cpu": 54468.0,
    "particle_id": 1214972952561.0,
    "particle_momentum_x": 4.081538674143691e-15,
    "particle_momentum_y": 4.122349693618236e-15,
    "particle_momentum_z": 4.201699189448955e-15,
    "particle_position_x": 410664.0477768091,
    "particle_position_y": 868193.1483606595,
    "particle_weight": 2.959852107088932e+18
  },
  "alpha3": {
    "particle_cpu": 6528.0,
    "particle_id": 154374474171.0,
    "particle_momentum_x": 4.934249084589244e-16,
    "particle_momentum_y": 4.791039564460439e-16,
    "particle_momentum_z": 4.698462130524534e-16,
    "particle_position_x": 52309.63968324501,
    "particle_position_y": 104322.0547863817,
    "particle_weight": 1.491736282762796e+27
  },
  "alpha4": {
    "particle_cpu": 307200.0,
    "particle_id": 7431790080000.0,
    "particle_momentum_x": 2.342240913445794e-14,
    "particle_momentum_y": 2.34177318709557e-14,
    "particle_momentum_z": 2.353174771675334e-14,
    "particle_position_x": 2457367.458278153,
    "particle_position_y": 4915112.044373058,
    "particle_weight": 384.0000000000002
  },
  "alpha5": {
    "particle_cpu": 307200.0,
    "particle_id": 7620533760000.0,
    "particle_momentum_x": 2.330088308142745e-14,
    "particle_momentum_y": 2.344976927616691e-14,
    "particle_momentum_z": 2.361827647381584e-14,
    "particle_position_x": 2457556.857163842,
    "particle_position_y": 4914659.635379327,
    "particle_weight": 3.839999999999998e-19
  },
  "boron1": {
    "particle_cpu": 5120000.0,
    "particle_id": 78643205120000.0,
    "particle_momentum_x": 0.0,
    "particle_momentum_y": 0.0,
    "particle_momentum_z": 2.524242836246531e-13,
    "particle_position_x": 40958301.591654316,
    "particle_position_y": 81921136.14476715,
    "particle_weight": 128.00000000000261
  },
  "boron2": {
    "particle_cpu": 51200.0,
    "particle_id": 1103626291200.0,
    "particle_momentum_x": 0.0,
    "particle_momentum_y": 0.0,
    "particle_momentum_z": 0.0,
    "particle_position_x": 409798.015821768,
    "particle_position_y": 819270.9858143466,
    "particle_weight": 1.2799999999016446e+28
  },
  "boron3": {
    "particle_cpu": 512000.0,
    "particle_id": 11639194112000.0,
    "particle_momentum_x": 9.277692671587846e-15,
    "particle_momentum_y": 9.268409636965691e-15,
    "particle_momentum_z": 9.279446607709548e-15,
    "particle_position_x": 4096178.166422465,
    "particle_position_y": 8192499.706038672,
    "particle_weight": 6.399502754572407e+30
  },
  "boron5": {
    "particle_cpu": 51200.0,
    "particle_id": 1208483891200.0,
    "particle_momentum_x": 0.0,
    "particle_momentum_y": 0.0,
    "particle_momentum_z": 0.0,
    "particle_position_x": 409547.3312927569,
    "particle_position_y": 819118.5558814355,
    "particle_weight": 127.99999999999999
  },
  "lev=0": {
    "rho": 0.0
  },
  "proton1": {
    "particle_cpu": 5120000.0,
    "particle_id": 26214405120000.0,
    "particle_momentum_x": 0.0,
    "particle_momentum_y": 0.0,
    "particle_momentum_z": 2.524242836246531e-13,
    "particle_position_x": 40960140.72983792,
    "particle_position_y": 81919772.69310114,
    "particle_weight": 128.00000000000261
  },
  "proton2": {
    "particle_cpu": 512000.0,
    "particle_id": 10747904512000.0,
    "particle_momentum_x": 0.0,
    "particle_momentum_y": 0.0,
    "particle_momentum_z": 2.371679089706304e-14,
    "particle_position_x": 4095630.6981353555,
    "particle_position_y": 8192073.551798361,
    "particle_weight": 1.2885512789516445e+28
  },
  "proton3": {
    "particle_cpu": 307162.0,
    "particle_id": 6731056725872.0,
    "particle_momentum_x": 1.684214433067055e-15,
    "particle_momentum_y": 1.682290595962152e-15,
    "particle_momentum_z": 1.679806121802876e-15,
    "particle_position_x": 2457258.407562205,
    "particle_position_y": 4914234.891662369,
    "particle_weight": 1.279502754572413e+30
  },
  "proton4": {
    "particle_cpu": 51200.0,
    "particle_id": 1192755251200.0,
    "particle_momentum_x": 0.0,
    "particle_momentum_y": 0.0,
    "particle_momentum_z": 1.7581275870306353e-15,
    "particle_position_x": 409630.8789482905,
    "particle_position_y": 819198.7077771134,
    "particle_weight": 1.2800000000000004e+37
  },
  "proton5": {
    "particle_cpu": 51200.0,
    "particle_id": 1203241011200.0,
    "particle_momentum_x": 0.0,
    "particle_momentum_y": 0.0,
    "particle_momentum_z": 1.7581275870306353e-15,
    "particle_position_x": 409638.2877618571,
    "particle_position_y": 819101.3225783394,
    "particle_weight": 1.2800000000000004e+37
  }
}