{
  "lev=0": {
    "rho": 0.0
  },
  "proton2": {
    "particle_momentum_x": 0.0,
    "particle_momentum_y": 0.0,
    "particle_momentum_z": 2.3723248133690294e-14,
    "particle_position_x": 4095630.6981353555,
    "particle_position_y": 8192073.551798361,
    "particle_weight": 1.2885512789535533e+28
  },
  "alpha4": {
    "particle_momentum_x": 2.3381598715816888e-14,
    "particle_momentum_y": 2.3435337108040707e-14,
    "particle_momentum_z": 2.3554073734365495e-14,
    "particle_position_x": 2457367.4582781526,
    "particle_position_y": 4915112.044373058,
    "particle_weight": 384.0000000000002
  },
  "boron3": {
    "particle_momentum_x": 9.277692671587846e-15,
    "particle_momentum_y": 9.268409636965691e-15,
    "particle_momentum_z": 9.279446607709548e-15,
    "particle_position_x": 4096178.1664224654,
    "particle_position_y": 8192499.7060386725,
    "particle_weight": 6.399508749004609e+30
  },
  "boron2": {
    "particle_momentum_x": 0.0,
    "particle_momentum_y": 0.0,
    "particle_momentum_z": 0.0,
    "particle_position_x": 409798.015821768,
    "particle_position_y": 819270.9858143466,
    "particle_weight": 1.279999999903553e+28
  },
  "proton4": {
    "particle_momentum_x": 0.0,
    "particle_momentum_y": 0.0,
    "particle_momentum_z": 1.7586062624930794e-15,
    "particle_position_x": 409630.8789482905,
    "particle_position_y": 819198.7077771134,
    "particle_weight": 1.2800000000000004e+37
  },
  "alpha2": {
    "particle_momentum_x": 4.057984510682467e-15,
    "particle_momentum_y": 4.104188139725855e-15,
    "particle_momentum_z": 4.17858000090827e-15,
    "particle_position_x": 408793.7905852193,
    "particle_position_y": 861780.8020495367,
    "particle_weight": 2.893405947366684e+18
  },
  "proton3": {
    "particle_momentum_x": 1.6847528610914633e-15,
    "particle_momentum_y": 1.6827441855152735e-15,
    "particle_momentum_z": 1.6802807054711977e-15,
    "particle_position_x": 2457284.001605452,
    "particle_position_y": 4914327.937654163,
    "particle_weight": 1.2795087490046132e+30
  },
  "alpha3": {
    "particle_momentum_x": 4.969030674549252e-16,
    "particle_momentum_y": 4.889174794354074e-16,
    "particle_momentum_z": 4.826711561221412e-16,
    "particle_position_x": 52379.50835085382,
    "particle_position_y": 104954.74986555413,
    "particle_weight": 1.4737529861620076e+27
  },
  "boron5": {
    "particle_momentum_x": 0.0,
    "particle_momentum_y": 0.0,
    "particle_momentum_z": 0.0,
    "particle_position_x": 409547.3312927569,
    "particle_position_y": 819118.5558814355,
    "particle_weight": 127.99999999999999
  },
  "proton5": {
    "particle_momentum_x": 0.0,
    "particle_momentum_y": 0.0,
    "particle_momentum_z": 1.7586062624930794e-15,
    "particle_position_x": 409638.2877618571,
    "particle_position_y": 819101.3225783394,
    "particle_weight": 1.2800000000000004e+37
  },
  "boron1": {
    "particle_momentum_x": 0.0,
    "particle_momentum_y": 0.0,
    "particle_momentum_z": 2.524872467113344e-13,
    "particle_position_x": 40958301.591654316,
    "particle_position_y": 81921136.14476715,
    "particle_weight": 128.00000000000261
  },
  "proton1": {
    "particle_momentum_x": 0.0,
    "particle_momentum_y": 0.0,
    "particle_momentum_z": 2.524872467113344e-13,
    "particle_position_x": 40960140.72983792,
    "particle_position_y": 81919772.69310114,
    "particle_weight": 128.00000000000261
  },
  "alpha1": {
    "particle_momentum_x": 4.691909092431811e-15,
    "particle_momentum_y": 4.6836958163275755e-15,
    "particle_momentum_z": 4.657203546376977e-15,
    "particle_position_x": 463465.27131109464,
    "particle_position_y": 978207.6061359186,
    "particle_weight": 2.964832324596836e-28
  },
  "alpha5": {
    "particle_momentum_x": 2.3343469003376247e-14,
    "particle_momentum_y": 2.3450435277836452e-14,
    "particle_momentum_z": 2.357999284036709e-14,
    "particle_position_x": 2457556.8571638423,
    "particle_position_y": 4914659.635379323,
    "particle_weight": 3.839999999999998e-19
  }
}
