{
  "lev=0": {
    "Bt": 24117.718451392408,
    "Er": 4540004699345.599,
    "Ez": 4306379504718.7017,
    "jr": 362115693633295.75,
    "jz": 1803151994496478.0,
    "rho": 4883248.243760535,
    "rho_driver": 6300876.546820345,
    "rho_plasma_e": 49559938.22122434,
    "rho_plasma_p": 50769196.67577357
  },
  "plasma_p": {
    "particle_momentum_x": 6.83364167534884e-20,
    "particle_momentum_y": 6.616130385433896e-20,
    "particle_momentum_z": 5.506842521475822e-20,
    "particle_position_x": 1.1365201084814816,
    "particle_position_y": 0.6152066652923855,
    "particle_theta": 20332.353827191808,
    "particle_weight": 1002457942911.3788
  },
  "driver": {
    "particle_momentum_x": 8.695914234803508e-16,
    "particle_momentum_y": 8.718424841879564e-16,
    "particle_momentum_z": 5.461668104101017e-13,
    "particle_position_x": 6.256244803222717,
    "particle_position_y": 17.977975126597887,
    "particle_theta": 1570796.3267948935,
    "particle_weight": 6241509074.460753
  },
  "plasma_e": {
    "particle_momentum_x": 6.736884319291569e-20,
    "particle_momentum_y": 6.71043967362751e-20,
    "particle_momentum_z": 2.818433494819741e-20,
    "particle_position_x": 1.142400386023676,
    "particle_position_y": 0.6140070304945777,
    "particle_theta": 20179.09543792218,
    "particle_weight": 1002457942911.3788
  }
}