{
  "lev=0": {
    "Bx": 0.08438730082685914,
    "By": 0.07441196572286886,
    "Bz": 256.0,
    "Ex": 1968.8414049166201,
    "Ey": 2364.0738753056394,
    "Ez": 4371.51477001606
  },
  "ions": {
    "particle_momentum_x": 1.6151338761053513e-19,
    "particle_momentum_y": 1.6152523901409365e-19,
    "particle_momentum_z": 1.6134718502029243e-19,
    "particle_position_x": 3678.512466269192,
    "particle_weight": 4.220251350277737e+21
  }
}