{
  "electrons": {
    "particle_momentum_x": 6.808479576836945e-20,
    "particle_momentum_y": 6.876934757849776e-20,
    "particle_momentum_z": 6.802215755177324e-20,
    "particle_position_x": 6339.279719574188,
    "particle_position_y": 6400.519522256783,
    "particle_position_z": 6332.552838182088,
    "particle_weight": 4999999954710.04
  },
  "lev=0": {
    "Bx": 2.18760546171463e-05,
    "By": 1.777427672926153e-05,
    "Bz": 1.798431779205324e-05,
    "Ex": 262735.3418998487,
    "Ey": 264285.9081716973,
    "Ez": 262283.0576561827,
    "jx": 930.8363498458478,
    "jy": 940.577756171662,
    "jz": 929.9701516370898,
    "part_per_cell": 65536.0
  },
  "protons": {
    "particle_momentum_x": 3.177356695273816e-21,
    "particle_momentum_y": 3.165603704977051e-21,
    "particle_momentum_z": 3.157786057110636e-21,
    "particle_position_x": 6550.923797287247,
    "particle_position_y": 6537.195882086984,
    "particle_position_z": 6523.379262220709,
    "particle_weight": 4999999954710.04
  }
}