{
  "beam_ions": {
    "particle_momentum_x": 8.073938986706024e-19,
    "particle_momentum_y": 8.079268695213106e-19,
    "particle_momentum_z": 1.403709339638494e-17,
    "particle_position_x": 4.597621395461374e+03,
    "particle_weight": 2.110125675138869e+20
  },
  "ions": {
    "particle_momentum_x": 1.615531902645207e-18,
    "particle_momentum_y": 1.612856109686663e-18,
    "particle_momentum_z": 1.677436826878681e-18,
    "particle_position_x": 9.196354962274498e+03,
    "particle_weight": 1.055062837569432e+22
  },
  "lev=0": {
    "Bx": 1.3820060613652831,
    "By": 1.2366942397988443,
    "Bz": 256.0,
    "Ex": 58325.38801728154,
    "Ey": 58068.365882692284,
    "Ez": 24041.009294403753,
    "jx": 24899915332.478516,
    "jy": 24882014358.642548,
    "jz": 31647915109.32222
  }
}