{
  "lev=0": {
    "Bx": 148618.63186220315,
    "By": 148618.63186220315,
    "Bz": 3385.851454453729,
    "Ex": 55362729623335.9,
    "Ey": 55362729623335.89,
    "Ez": 68396725892689.86
  }
}