{
  "lev=0": {
    "Bx": 27.864884714606287,
    "By": 27.512065552904964,
    "Bz": 256.0,
    "Ex": 1814830.0899118558,
    "Ey": 1807490.954696831,
    "Ez": 481172.9611816857,
    "jx": 686892027617.7311,
    "jy": 688159642665.3784,
    "jz": 100142185494.34584
  },
  "beam_ions": {
    "particle_momentum_x": 4.457531098465277e-18,
    "particle_momentum_y": 4.473403768918693e-18,
    "particle_momentum_z": 1.0898804348671991e-17,
    "particle_position_x": 4771.045393185418,
    "particle_weight": 2.1101256751388695e+20
  },
  "ions": {
    "particle_momentum_x": 1.7363382576743058e-18,
    "particle_momentum_y": 1.7349619341342414e-18,
    "particle_momentum_z": 1.6420833334404384e-18,
    "particle_position_x": 9199.410918598116,
    "particle_weight": 1.0550628375694317e+22
  }
}
