{
  "electrons": {
    "particle_Ex": 219449752302051.72,
    "particle_cpu": 4096.0,
    "particle_id": 17567744.0,
    "particle_momentum_x": 1.0449418710231497e-19,
    "particle_position_x": 0.0831205701527011,
    "particle_position_y": 0.08192,
    "particle_weight": 8000000000000001.0
  },
  "lev=0": {
    "Ex": 2.822551050612963e+16,
    "jx": 2.8225510506129636e+16
  }
}