{
  "electrons": {
    "particle_momentum_x": 0.0,
    "particle_momentum_y": 1.295766758135391e-20,
    "particle_momentum_z": 3.314669116074607e-21,
    "particle_position_x": 2.235662928400318e-02,
    "particle_weight": 5.1796875e+18
  },
  "lev=0": {
    "Bx": 1.780168926454668e+05,
    "By": 0.0,
    "Bz": 0.0,
    "Ex": 0.0,
    "Ey": 4.087830051790674e+13,
    "Ez": 1.266251470309245e+10,
    "jx": 0.0,
    "jy": 3.037044861122445e+13,
    "jz": 5.611270121187104e+12,
    "rho": 3.111231757950731e+06
  }
}
