{
  "lev=0": {
    "Ex": 555886.5184288189,
    "Ey": 555886.518428819,
    "Ez": 555886.5184288191,
    "phi": 171058.18465926865,
    "rho": 0.0
  }
}