{
  "ions": {
    "particle_momentum_x": 1.614463190784125e-19,
    "particle_momentum_y": 1.614197240042878e-19,
    "particle_momentum_z": 1.614024682888866e-19,
    "particle_position_x": 3.678627194307898e+03,
    "particle_weight": 4.220251350277737e+21
  },
  "lev=0": {
    "Bx": 0.07058788952813363,
    "By": 0.0781383526252009,
    "Bz": 256.0,
    "Ex": 2088.681292417109,
    "Ey": 2264.3887600351673,
    "Ez": 5277.14290849885
  }
}