{
  "lev=0": {
    "Bx": 0.0,
    "By": 7.079689225965801e-06,
    "Bz": 0.0,
    "Ex": 2726044.0536275962,
    "Ey": 0.0,
    "Ez": 4060168.641413071,
    "jx": 189201931.64404637,
    "jy": 187432180.1854357,
    "jz": 597547355.0200177
  },
  "ions": {
    "particle_momentum_x": 9.141594694084741e-17,
    "particle_momentum_y": 9.135546407258979e-17,
    "particle_momentum_z": 9.137866220861288e-17,
    "particle_position_x": 1197.3344862524434,
    "particle_position_y": 153269.17690371812,
    "particle_weight": 8.032598963696067e+16
  }
}
