{
  "lev=0": {
    "Bx": 1524.8990938140869,
    "By": 639.8314135126764,
    "Bz": 6.889211714927233,
    "Ex": 26207331.04845482,
    "Ey": 50208952.33933641,
    "Ez": 164039983.55222845
  },
  "ions": {
    "particle_momentum_x": 7.139872884210587e-15,
    "particle_momentum_y": 7.138243157997088e-15,
    "particle_momentum_z": 7.137315579086667e-15,
    "particle_position_x": 11170638.232089287,
    "particle_position_y": 5585385.71329114,
    "particle_weight": 9.036667901693183e+18
  }
}