{
  "lev=0": {
    "Br": 1.958570326753289,
    "Bt": 3.61609923740931,
    "Bz": 4095.87515769908,
    "Er": 7680394.216169896,
    "Et": 4910630.568971425,
    "Ez": 4879.919496011589,
    "jr": 790026084.7276139,
    "jt": 641085683.5877098,
    "jz": 948413869.9065346
  },
  "ions": {
    "particle_momentum_x": 5.041718376863661e-17,
    "particle_momentum_y": 5.042128407646951e-17,
    "particle_momentum_z": 5.04854632014715e-17,
    "particle_position_x": 143164.44982197453,
    "particle_position_y": 143150.86363271208,
    "particle_theta": 2572688.3094517305,
    "particle_weight": 8.128724054539888e+18
  }
}
