{
  "lev=0": {
    "Bx": 29.8448958859583,
    "By": 29.844895885958305,
    "Bz": 197.55124310523018,
    "Ex": 0.0,
    "Ey": 0.0,
    "Ez": 0.0,
    "jx": 0.0,
    "jy": 0.0,
    "jz": 0.0
  },
  "proton": {
    "particle_momentum_x": 1.2118953253556959e-23,
    "particle_momentum_y": 7.822512598009088e-23,
    "particle_momentum_z": 2.2761898274347412e-23,
    "particle_position_x": 0.12238072371983327,
    "particle_position_y": 0.009653941154598592,
    "particle_position_z": 4.317544769595657,
    "particle_weight": 1.0
  }
}