{
  "beam": {
    "particle_momentum_x": 0.0,
    "particle_momentum_y": 0.0,
    "particle_momentum_z": 1.9870961886335568e-14,
    "particle_position_x": 310352.26471238094,
    "particle_position_y": 310378.72296647483,
    "particle_position_z": 1828158.7989667656,
    "particle_weight": 10461889881025.078
  },
  "lev=0": {
    "Ax": 0.0,
    "Ay": 0.0,
    "Az": 5.694700041473713,
    "Bx": 70.67556884558685,
    "By": 70.14107628458022,
    "Bz": 0.0,
    "Ex": 18867831174.02263,
    "Ey": 18867302619.1213,
    "Ez": 3432062117.6984525,
    "jx": 0.0,
    "jy": 0.0,
    "jz": 1040351357.2005762,
    "phi": 1510516230.1194413,
    "rho": 3.487721012457302
  }
}