{
  "lev=0": {
    "Bx": 1524.878571729715,
    "By": 639.8314135126764,
    "Bz": 7.529823075341584,
    "Ex": 58576123.45577836,
    "Ey": 82902306.2909478,
    "Ez": 349264711.42909837
  },
  "ions": {
    "particle_momentum_x": 7.14294818812501e-15,
    "particle_momentum_y": 7.138079000245964e-15,
    "particle_momentum_z": 7.140953427339305e-15,
    "particle_position_x": 11170689.228305249,
    "particle_position_y": 5585328.184221942,
    "particle_weight": 9.036667901693183e+18
  }
}