{
  "lev=0": {
    "Bx": 0.08460920626188952,
    "By": 0.07485331147996604,
    "Bz": 256.0,
    "Ex": 1954.3267519602405,
    "Ey": 2363.4281756166347,
    "Ez": 4873.508158589938
  },
  "ions": {
    "particle_momentum_x": 1.6151135948675135e-19,
    "particle_momentum_y": 1.6152336151551518e-19,
    "particle_momentum_z": 1.6134581268392543e-19,
    "particle_position_x": 3678.484650899751,
    "particle_weight": 4.220251350277737e+21
  }
}
