{
  "beam": {
    "particle_momentum_x": 1.239584083267328e-22,
    "particle_momentum_y": 1.2151111172925652e-22,
    "particle_momentum_z": 1.4190442252265097e-16,
    "particle_position_x": 2600.9999898441392,
    "particle_position_y": 26127.577882561814,
    "particle_theta": 82132.88080725112,
    "particle_weight": 20761165777044.42
  },
  "lev=0": {
    "Ax": 1.3537581809450251e-06,
    "Ay": 1.0774637942287234e-23,
    "Az": 1.7271420089221332,
    "Bx": 1.7083029725940996e-22,
    "By": 15.520877628738663,
    "Bz": 1.8445522481838366e-22,
    "Ex": 4333723927.9811,
    "Ey": 3.5940323563067193e-20,
    "Ez": 522070839.74609387,
    "jx": 276.120045734345,
    "jy": 2.5750376534681253e-14,
    "jz": 207219729.96814314,
    "phi": 479458089.2006886,
    "rho": 0.6946928324271433
  }
}