{
  "lev=0": {
    "Bx": 0.0,
    "By": 26296568.434868,
    "Bz": 0.0,
    "Ex": 7878103122971888.0,
    "Ey": 0.0,
    "Ez": 3027.995293554466,
    "jx": 1.2111358330750162e+16,
    "jy": 0.0,
    "jz": 1.3483401471475687e-07
  },
  "electrons": {
    "particle_momentum_x": 4.4206237143449475e-18,
    "particle_momentum_y": 0.0,
    "particle_momentum_z": 2.6361297302081026e-18,
    "particle_orig_z": 0.43043207622230534,
    "particle_position_x": 0.11009154442846772,
    "particle_position_y": 0.6414658436421568,
    "particle_weight": 3.4450781249999996e-10
  },
  "ions": {
    "particle_ionizationLevel": 72897.0,
    "particle_momentum_x": 1.76132401934254e-18,
    "particle_momentum_y": 0.0,
    "particle_momentum_z": 3.644887053263054e-23,
    "particle_position_x": 0.03200001189420337,
    "particle_position_y": 0.1280000046901387,
    "particle_weight": 9.999999999999999e-11
  }
}
