{
  "lev=0": {
    "Ex": 1428856.0323152007,
    "Ey": 0.0,
    "Ez": 1414591.6479792167,
    "T_electrons": 1652.0361205183694,
    "T_ions": 851.0244739005777,
    "jx": 151920.26162133453,
    "jy": 453186.62923648424,
    "jz": 159070.6572202958,
    "phi": 705.4775524885782,
    "rho_electrons": 12.100065187070399,
    "rho_ions": 12.149198603846399
  }
}
