{
  "beam": {
    "particle_momentum_x": 0.0,
    "particle_momentum_y": 0.0,
    "particle_momentum_z": 9.883509736468965e-16,
    "particle_position_x": 18186.31477830906,
    "particle_position_y": 90929.16379169896,
    "particle_theta": 1140705.578576798,
    "particle_weight": 10462201883156.158
  },
  "lev=0": {
    "Ax": 0.0,
    "Ay": 0.0,
    "Az": 0.2698400224470477,
    "Bx": 0.0,
    "By": 2.9460314338458558,
    "Bz": 0.0,
    "Ex": 790833620.2913496,
    "Ey": 0.0,
    "Ez": 162448413.83270177,
    "jx": 0.0,
    "jy": 0.0,
    "jz": 51717738.832487345,
    "phi": 71621379.20204152,
    "rho": 0.17338089021021869
  }
}