{
  "beam": {
    "particle_momentum_x": 1.3886924289718236e-21,
    "particle_momentum_y": 1.3886924289718236e-21,
    "particle_momentum_z": 7.150872953131381e-16,
    "particle_position_x": 11163.99997100626,
    "particle_position_y": 11163.999971006258,
    "particle_position_z": 131662.50031033106,
    "particle_weight": 20895107655113.465
  },
  "lev=0": {
    "Ax": 1.4116916802797094e-05,
    "Ay": 1.4116916802797093e-05,
    "Az": 11.423480469586337,
    "Bx": 112.66246443434565,
    "By": 112.66246443434564,
    "Bz": 0.0001921099463691167,
    "Ex": 31418238387.40156,
    "Ey": 31418238387.40156,
    "Ez": 3461330433.0693283,
    "jx": 1966.7501947563644,
    "jy": 1966.750194756365,
    "jz": 1038931606.7570546,
    "phi": 3157908107.1780033,
    "rho": 3.48296147980224
  }
}