{
  "ions": {
    "particle_momentum_x": 9.137197264452502e-17,
    "particle_momentum_y": 9.137639968843748e-17,
    "particle_momentum_z": 9.134594930243633e-17,
    "particle_position_x": 1197.5816678067945,
    "particle_position_y": 153275.0990813125,
    "particle_weight": 8.032598963696062e+16
  },
  "lev=0": {
    "Bx": 0.0,
    "By": 7.425007166289301e-06,
    "Bz": 0.0,
    "Ex": 2722667.7135377517,
    "Ey": 0.0,
    "Ez": 3916721.311505654,
    "jx": 179158874.68523067,
    "jy": 168199547.17213535,
    "jz": 575032458.7860987
  }
}