{
  "beam_ions": {
    "particle_momentum_x": 8.070836384632826e-19,
    "particle_momentum_y": 8.100726303115429e-19,
    "particle_momentum_z": 1.403520972392248e-17,
    "particle_position_x": 4.598451423573363e+03,
    "particle_weight": 2.110125675138869e+20
  },
  "ions": {
    "particle_momentum_x": 1.614997917800771e-18,
    "particle_momentum_y": 1.615088780452388e-18,
    "particle_momentum_z": 1.674753856312785e-18,
    "particle_position_x": 9.196276227155206e+03,
    "particle_weight": 1.055062837569432e+22
  },
  "lev=0": {
    "Bx": 1.262324797301500,
    "By": 1.157380441417099,
    "Bz": 256.0,
    "Ex": 5.342470401416723e+04,
    "Ey": 5.931763039755814e+04,
    "Ez": 1.564498270012665e+04,
    "jx": 2.567328770033474e+10,
    "jy": 2.358796799203616e+10,
    "jz": 3.261401680855392e+10
  }
}