{
  "beam": {
    "particle_cpu": 0.0,
    "particle_id": 46454366187008.0,
    "particle_momentum_x": 3.8119259477932654e-21,
    "particle_momentum_y": 3.811925947793233e-21,
    "particle_momentum_z": 1.9589051047404492e-17,
    "particle_position_x": 0.21969753065693753,
    "particle_position_y": 0.21969753065693748,
    "particle_position_z": 2.6292392322539397,
    "particle_weight": 8251953124.999998
  },
  "lev=0": {
    "Ex": 6818198913.113014,
    "Ey": 6818198913.112965,
    "Ez": 2113758867468.3706,
    "jx": 102717196714.27661,
    "jy": 102717196714.16138,
    "jz": 1554717960263530.8,
    "part_per_cell": 7864320.0
  },
  "lev=1": {
    "Ex": 54688854466.86934,
    "Ey": 54688854466.8683,
    "Ez": 16910070939746.969,
    "jx": 821737573714.2129,
    "jy": 821737573713.291,
    "jz": 1.2437743682108246e+16,
    "part_per_cell": 21632.0
  },
  "plasma": {
    "particle_cpu": 8388608.0,
    "particle_id": 1161246952652800.0,
    "particle_momentum_x": 0.0,
    "particle_momentum_y": 0.0,
    "particle_momentum_z": 0.0,
    "particle_position_x": 838.8608000000077,
    "particle_position_y": 838.8608,
    "particle_position_z": 838.8608000000019,
    "particle_weight": 320000000000.0
  }
}