{
  "lev=0": {
    "Bx": 1524.8784460028314,
    "By": 639.8314135126764,
    "Bz": 7.530272208370648,
    "Ex": 58231209.551942885,
    "Ey": 82666285.03945509,
    "Ez": 349004615.14801115
  },
  "ions": {
    "particle_momentum_x": 7.142948336999707e-15,
    "particle_momentum_y": 7.13807896448926e-15,
    "particle_momentum_z": 7.140955351044487e-15,
    "particle_position_x": 11170689.28905194,
    "particle_position_y": 5585328.210837743,
    "particle_weight": 9.036667901693183e+18
  }
}