{
  "electrons": {
    "particle_momentum_x": 0.0,
    "particle_momentum_y": 1.2426858089556802e-20,
    "particle_momentum_z": 1.4187765007430268e-21,
    "particle_position_x": 0.02243266637270741,
    "particle_weight": 5.20625e+18
  },
  "lev=0": {
    "Bx": 178016.7504669478,
    "By": 0.0,
    "Bz": 0.0,
    "Ex": 0.0,
    "Ey": 40878227583310.83,
    "Ez": 568254685.6950157,
    "jx": 0.0,
    "jy": 30442928969125.46,
    "jz": 1108530282155.6707,
    "rho": 3127749.1976868743
  }
}
