{
  "lev=0": {
    "Ax": 1.384873860947095e-06,
    "Az": 1.727163745340317,
    "By": 15.461522638943869,
    "Ex": 4333723927.697012,
    "Ez": 522070840.0155388,
    "jx": 276.07053443692695,
    "jz": 207219729.9164319,
    "phi": 479458089.18270504,
    "rho": 0.6946928322536624
  }
}