{
  "lev=0": {
    "Bx": 1.3821759794655142,
    "By": 1.2375297328098878,
    "Bz": 256.0,
    "Ex": 58477.69992232167,
    "Ey": 57981.15944810376,
    "Ez": 14683.625488746038,
    "jx": 24898546207.19935,
    "jy": 24877128564.65599,
    "jz": 31694624218.846466
  },
  "beam_ions": {
    "particle_momentum_x": 8.073937585321562e-19,
    "particle_momentum_y": 8.07927000898849e-19,
    "particle_momentum_z": 1.4037093259099724e-17,
    "particle_position_x": 4597.6213946630705,
    "particle_weight": 2.1101256751388695e+20
  },
  "ions": {
    "particle_momentum_x": 1.6155331347103333e-18,
    "particle_momentum_y": 1.6128564072149048e-18,
    "particle_momentum_z": 1.6774497080568009e-18,
    "particle_position_x": 9196.337436939992,
    "particle_weight": 1.0550628375694317e+22
  }
}