{
  "electrons": {
    "particle_Bx": 47.223888719248514,
    "particle_By": 81.29252077224889,
    "particle_Bz": 44.825833191000626,
    "particle_Ex": 32416882559812.16,
    "particle_Ey": 36617948944833.2,
    "particle_Ez": 47879188522350.67,
    "particle_cpu": 353280.0,
    "particle_id": 158538771840.0,
    "particle_momentum_x": 2.1038307987216882e-20,
    "particle_momentum_y": 2.3745155589395634e-20,
    "particle_momentum_z": 3.102444510250924e-20,
    "particle_position_x": 6.61250119096399,
    "particle_position_y": 14.719999999999999,
    "particle_theta": 1156106.5707136206,
    "particle_weight": 81147583679.15045
  },
  "lev=0": {
    "By": 444709779490.0855,
    "Ex": 106685013327889.28,
    "Ez": 801319011887.467,
    "jx": 319963410303586.9,
    "jz": 192097069873626.8,
    "part_per_cell": 706561.2728711024
  }
}