{
  "beam": {
    "particle_momentum_x": 1.2432091531845982e-22,
    "particle_momentum_y": 1.2135676056769873e-22,
    "particle_momentum_z": 1.4190442252265097e-16,
    "particle_position_x": 2600.9999898441392,
    "particle_position_y": 26127.577882561814,
    "particle_theta": 82245.36061079666,
    "particle_weight": 20761165777044.42
  },
  "lev=0": {
    "Ax": 1.3537581809449514e-06,
    "Ay": 1.8182067305181018e-23,
    "Az": 1.7271420089221368,
    "Bx": 2.4047741494186995e-22,
    "By": 15.520877628738695,
    "Bz": 2.309788827992541e-22,
    "Ex": 4333723927.981097,
    "Ey": 6.064884829484609e-20,
    "Ez": 522070839.7460988,
    "jx": 276.1200457343296,
    "jy": 2.5509322451873264e-14,
    "jz": 207219729.96814314,
    "phi": 479458089.2006879,
    "rho": 0.6946928324271433
  }
}