{
  "beam": {
    "particle_momentum_x": 0.0,
    "particle_momentum_y": 0.0,
    "particle_momentum_z": 3.9167864276450756e-16,
    "particle_position_x": 7205.817479549738,
    "particle_position_y": 72066.11798607552,
    "particle_theta": 453533.9393319121,
    "particle_weight": 20915196428234.81
  },
  "lev=0": {
    "Ax": 0.0,
    "Ay": 0.0,
    "Az": 1.7367778911355243,
    "Bx": 0.0,
    "By": 15.527951669043903,
    "Bz": 0.0,
    "Ex": 4351050449.019695,
    "Ey": 0.0,
    "Ez": 526395409.52606946,
    "jx": 0.0,
    "jy": 0.0,
    "jz": 207730548.6237542,
    "phi": 482012172.99738884,
    "rho": 0.6964053003341912
  }
}