{
  "electrons": {
    "particle_cpu": 0.0,
    "particle_id": 94297.0,
    "particle_momentum_x": 9.807995674378817e-23,
    "particle_momentum_y": 3.622684723036708e-24,
    "particle_momentum_z": 6.098294305458148e-24,
    "particle_position_x": 0.736474268019345,
    "particle_position_y": 0.6848785580788523,
    "particle_prev_x": 0.7184224866380428,
    "particle_prev_z": 0.6557100296237564,
    "particle_weight": 9448242187.5
  },
  "lev=0": {
    "Bx": 0.0,
    "By": 0.0,
    "Bz": 0.0,
    "Ex": 4108487.089436553,
    "Ey": 0.0,
    "Ez": 593049.3128018657,
    "jx": 0.0,
    "jy": 0.0,
    "jz": 0.0
  }
}