{
  "electrons": {
    "particle_cpu": 695224.0,
    "particle_id": 290501119140.0,
    "particle_momentum_x": 2.36755772669732e-19,
    "particle_momentum_y": 1.9290614212841715e-21,
    "particle_momentum_z": 1.8938349865018830e-20,
    "particle_position_x": 7.0065548820957835,
    "particle_position_y": 7.006554897199218,
    "particle_position_z": 4.600065455619851,
    "particle_weight": 21640883789.062504
  },
  "lev=0": {
    "Bx": 2.0570940778040221,
    "By": 2449254.9647385371,
    "Bz": 71239.03439068704,
    "Ex": 752773908979237.0,
    "Ey": 1907341714160.9873,
    "Ez": 28672358913898.098,
    "jx": 1.9287740799385943e+18,
    "jy": 69804336095097.0,
    "jz": 742686844234635.5,
    "rho": 27910721385.365227
  }
}
