{
  "lev=0": {
    "Bx": 0.0846232979356012,
    "By": 0.0748927888009307,
    "Bz": 256.0,
    "Ex": 1960.2420822749025,
    "Ey": 2368.794327568534,
    "Ez": 4873.496044339846
  },
  "ions": {
    "particle_momentum_x": 1.615113301362171e-19,
    "particle_momentum_y": 1.6152332353795267e-19,
    "particle_momentum_z": 1.6134581585733078e-19,
    "particle_position_x": 3678.484650863704,
    "particle_weight": 4.220251350277737e+21
  }
}
