{
  "lev=0": {
    "Ex": 1166229.3217510823,
    "Ey": 0.0,
    "Ez": 1236947.9176095286,
    "T_electrons": 1702.6191883360068,
    "T_ions": 858.7295550843751,
    "jx": 154473.7772622879,
    "jy": 470386.6132005394,
    "jz": 153606.65643944603,
    "phi": 500.8578828191274,
    "rho_electrons": 12.0613993243032,
    "rho_ions": 12.083188926525597
  }
}
