{
  "beam": {
    "particle_momentum_x": 4.278894587984017e-19,
    "particle_momentum_y": 4.0908169483354626e-19,
    "particle_momentum_z": 5.460336211380432e-17,
    "particle_position_x": 0.0004073990679742117,
    "particle_position_y": 0.00040229749956423387,
    "particle_position_z": 1.7643228018096613,
    "particle_weight": 1872452.7223382287
  },
  "driver": {
    "particle_momentum_x": 4.2537746521796484e-19,
    "particle_momentum_y": 4.2653954257290616e-19,
    "particle_momentum_z": 2.7386179521483695e-15,
    "particle_position_x": 0.0015730820359599112,
    "particle_position_y": 0.0015674425180353018,
    "particle_position_z": 0.36664101658692066,
    "particle_weight": 624150907.4460764
  },
  "lev=0": {
    "Ex": 84134901995.28325,
    "Ey": 84099629183.28047,
    "Ez": 769267158488.8561,
    "jx": 603681829.9546801,
    "jy": 795849142.210423,
    "jz": 65852153696524.58,
    "part_per_cell": 2000.0
  },
  "plasma_e": {
    "particle_momentum_x": 0.0,
    "particle_momentum_y": 0.0,
    "particle_momentum_z": 0.0,
    "particle_position_x": 0.0,
    "particle_position_y": 0.0,
    "particle_position_z": 0.0,
    "particle_weight": 0.0
  }
}