{
  "electrons": {
    "particle_momentum_x": 7.424668333879405e-24,
    "particle_momentum_y": 5.93963893779683e-24,
    "particle_momentum_z": 2.7309245307375727e-22,
    "particle_position_x": 0.0360838943897417,
    "particle_position_y": 0.028872102262743393,
    "particle_position_z": 3.894799963324205
  },
  "lev=0": {
    "Bx": 3.4518920711615626e-14,
    "By": 3.4457590162508847e-14,
    "Bz": 3.1975595242439324e-16,
    "Ex": 4.460637209979829e-06,
    "Ey": 4.4877026638440135e-06,
    "Ez": 9.259738797694699e-06,
    "jx": 4.136556647397788e-10,
    "jy": 3.3072821927157533e-10,
    "jz": 1.649309087211398e-08
  }
}
