{
  "ions": {
    "particle_momentum_x": 9.141594694084751e-17,
    "particle_momentum_y": 9.135546407258978e-17,
    "particle_momentum_z": 9.137866220861253e-17,
    "particle_position_x": 1.197334486252443e+03,
    "particle_position_y": 1.532691769037181e+05,
    "particle_weight": 8.032598963696062e+16
  },
  "lev=0": {
    "Bx": 0.0,
    "By": 7.079680033034308e-06,
    "Bz": 0.0,
    "Ex": 2.726044053637530e+06,
    "Ey": 0.0,
    "Ez": 4.060168641329034e+06,
    "jx": 1.891893887991301e+08,
    "jy": 1.874321787605706e+08,
    "jz": 5.950627194560430e+08
  }
}