{
  "lev=0": {
    "Bx": 1.497274506674906,
    "By": 1.3825938897192216,
    "Bz": 256.0,
    "Ex": 58767.903244172834,
    "Ey": 62450.174552714365,
    "Ez": 15637.435704621308,
    "jx": 25464368466.382072,
    "jy": 23531895141.86322,
    "jz": 32620318372.350742
  },
  "beam_ions": {
    "particle_momentum_x": 8.07084045162137e-19,
    "particle_momentum_y": 8.100731414801213e-19,
    "particle_momentum_z": 1.4035208075633204e-17,
    "particle_position_x": 4598.45139894248,
    "particle_weight": 2.1101256751388695e+20
  },
  "ions": {
    "particle_momentum_x": 1.6149897062830642e-18,
    "particle_momentum_y": 1.6150824699591063e-18,
    "particle_momentum_z": 1.6747217700583275e-18,
    "particle_position_x": 9196.24122423425,
    "particle_weight": 1.0550628375694317e+22
  }
}