{
  "lev=0": {
    "rho_electrons": 0.004434311371276535,
    "rho_he_ions": 0.005200489146365628
  },
  "he_ions": {
    "particle_momentum_x": 2.7688639005236794e-19,
    "particle_momentum_y": 2.760648864116014e-19,
    "particle_momentum_z": 3.6226628630061563e-19,
    "particle_position_x": 2201.614485497906,
    "particle_weight": 17190996093750.002
  },
  "neutrals": {
    "particle_momentum_x": 1.4040775167811838e-19,
    "particle_momentum_y": 1.4009514702703257e-19,
    "particle_momentum_z": 1.4093144247152345e-19,
    "particle_position_x": 1119.524782452131,
    "particle_weight": 6.4588e+19
  },
  "electrons": {
    "particle_momentum_x": 3.5193566020597954e-20,
    "particle_momentum_y": 3.5368803263788353e-20,
    "particle_momentum_z": 1.2572273121326582e-19,
    "particle_position_x": 2139.3709122461873,
    "particle_weight": 14579566406250.002
  }
}
