{
  "beam": {
    "particle_cpu": 0.0,
    "particle_id": 5050.0,
    "particle_momentum_x": 4.707586336874016e-20,
    "particle_momentum_y": 4.4850722108112576e-20,
    "particle_momentum_z": 1.36054441043288e-17,
    "particle_position_x": 4.058764306495361e-05,
    "particle_position_y": 3.7888695722549883e-05,
    "particle_position_z": 0.00019656701118308398,
    "particle_weight": 6241509.074460764
  },
  "electrons": {
    "particle_cpu": 69212.0,
    "particle_id": 2655287162.0,
    "particle_momentum_x": 1.7921232203945004e-20,
    "particle_momentum_y": 7.225819894813053e-20,
    "particle_momentum_z": 4.231725460173154e-20,
    "particle_position_x": 0.7139122621161993,
    "particle_position_y": 0.7150340887578637,
    "particle_position_z": 1.3175770600690966,
    "particle_weight": 12926557617.187498
  },
  "lev=0": {
    "Bx": 5866866.85492377,
    "By": 11177.920546471447,
    "Bz": 116026.93444649166,
    "Ex": 8178548880638.266,
    "Ey": 1671614207789070.8,
    "Ez": 106548168484665.61,
    "jx": 555903247963958.4,
    "jy": 1595974150308405.2,
    "jz": 1366292284444382.5,
    "rho": 2212813480.6236324
  }
}