{
  "electrons": {
    "particle_Bx": 47.22388871895397,
    "particle_By": 81.29252077272655,
    "particle_Bz": 44.82583319084903,
    "particle_Ex": 32416882559812.15,
    "particle_Ey": 36617948944833.266,
    "particle_Ez": 47879188522350.445,
    "particle_cpu": 0.0,
    "particle_id": 315662642560.0,
    "particle_momentum_x": 2.1038307987217165e-20,
    "particle_momentum_y": 2.3745155589395773e-20,
    "particle_momentum_z": 3.10244451025094e-20,
    "particle_position_x": 6.61250119096399,
    "particle_position_y": 14.720000000000006,
    "particle_theta": 1156106.5707136206,
    "particle_weight": 81147583679.15045
  },
  "lev=0": {
    "Bx": 3.756205680015238e-10,
    "By": 2.4960978462547296,
    "Bz": 3.4228405461810596e-10,
    "Ex": 879037550423.2717,
    "Ey": 0.11897652498654904,
    "Ez": 1707660097260.003,
    "jx": 210208695619973.06,
    "jy": 609.158739643349,
    "jz": 407196128263308.2,
    "part_per_cell": 1472000.0
  }
}