{
  "lev=0": {
    "Bx": 1.4164716489601465,
    "By": 2.1894266078982687,
    "Bz": 1.416471649201454,
    "Ex": 448995225.23017913,
    "Ey": 169118401.03614146,
    "Ez": 333179637.593441
  }
}