{
  "lev=0": {},
  "ions": {
    "particle_momentum_x": 5.043873837579827e-17,
    "particle_momentum_y": 5.04445113937769e-17,
    "particle_momentum_z": 5.051930416996439e-17,
    "particle_position_x": 143164.4268324243,
    "particle_position_y": 143166.5184643828,
    "particle_theta": 2573261.7450408577,
    "particle_weight": 8.12868064536689e+18
  }
}
