{
  "lev=0": {
    "Bx": 4.089516949008287,
    "By": 3.964621114477893,
    "Bz": 256.0,
    "Ex": 291399.1211721288,
    "Ey": 298167.043849745,
    "Ez": 19079.63993978517,
    "jx": 115170373847.02603,
    "jy": 113186454567.04205,
    "jz": 32918415560.864037
  },
  "beam_ions": {
    "particle_momentum_x": 1.1133213974167773e-18,
    "particle_momentum_y": 1.1043217310041941e-18,
    "particle_momentum_z": 1.3958733342153504e-17,
    "particle_position_x": 4597.237513005143,
    "particle_weight": 2.1101256751388695e+20
  },
  "ions": {
    "particle_momentum_x": 1.6164329612561557e-18,
    "particle_momentum_y": 1.6171570307530875e-18,
    "particle_momentum_z": 1.6764707989396833e-18,
    "particle_position_x": 9194.623286832888,
    "particle_weight": 1.0550628375694317e+22
  }
}
