{
  "lev=0": {
    "Bx": 1524.8789585917777,
    "By": 639.8314135126764,
    "Bz": 7.47620755452188,
    "Ex": 56501626.46458994,
    "Ey": 75077196.84777552,
    "Ez": 309549625.87520117
  },
  "ions": {
    "particle_momentum_x": 7.14295522521196e-15,
    "particle_momentum_y": 7.138078058060595e-15,
    "particle_momentum_z": 7.14113444229561e-15,
    "particle_position_x": 11170689.203149928,
    "particle_position_y": 5585328.083195208,
    "particle_weight": 9.036667901693183e+18
  }
}
