{
  "ions": {
    "particle_momentum_x": 1.615113305779482e-19,
    "particle_momentum_y": 1.615233241621393e-19,
    "particle_momentum_z": 1.613458167195455e-19,
    "particle_position_x": 3.678484650289318e+03,
    "particle_weight": 4.220251350277737e+21
  },
  "lev=0": {
    "Bx": 8.476590982553252e-02,
    "By": 7.505625522812093e-02,
    "Bz": 256.0,
    "Ex": 1.970024611093576e+03,
    "Ey": 2.368540124808344e+03,
    "Ez": 4.873495689966144e+03
  }
}