{
  "lev=0": {
    "Bx": 0.0,
    "By": 7.079679609748623e-06,
    "Bz": 0.0,
    "Ex": 2726044.0536666242,
    "Ey": 0.0,
    "Ez": 4060168.6414095857,
    "jx": 177543428.8941278,
    "jy": 187432087.03814715,
    "jz": 594259755.4658135
  },
  "ions": {
    "particle_momentum_x": 9.141594694084731e-17,
    "particle_momentum_y": 9.135546407258978e-17,
    "particle_momentum_z": 9.137866220861254e-17,
    "particle_position_x": 1197.3344862524336,
    "particle_position_y": 153269.17690371818,
    "particle_weight": 8.032598963696067e+16
  }
}
