{
  "electrons": {
    "particle_cpu": 206080.0,
    "particle_id": 169156013440.0,
    "particle_momentum_x": 2.102411225112119e-20,
    "particle_momentum_y": 2.345711646254576e-20,
    "particle_momentum_z": 3.100966756414775e-20,
    "particle_position_x": 6.61250119096399,
    "particle_position_y": 14.719999999999999,
    "particle_theta": 1156106.366967281,
    "particle_weight": 81147583679.15047
  },
  "lev=0": {
    "By": 2.496097613843332,
    "Ex": 879037494036.5272,
    "Ez": 1707659987719.488,
    "jx": 210208682137002.0,
    "jz": 407196102143353.38,
    "part_per_cell": 1472000.0
  }
}
