{
  "electrons": {
    "particle_momentum_x": 6.031742830656991e-19,
    "particle_momentum_y": 0.0,
    "particle_momentum_z": 1.7837793622079475e-18,
    "particle_position_x": 0.014652057213435796,
    "particle_position_y": 0.0,
    "particle_position_z": 0.05600311954919143,
    "particle_weight": 5.332681204511206e+17
  },
  "lev=0": {
    "Bx": 0.0,
    "By": 11406516.737324182,
    "Bz": 0.0,
    "Ex": 2032785026975781.0,
    "Ey": 0.0,
    "Ez": 315269171271122.75,
    "jx": 1.6224680921022521e+19,
    "jy": 0.0,
    "jz": 8.875043590548824e+18,
    "rho": 61329928310.45101,
    "rho_electrons": 17450329551552.684,
    "rho_hydrogen": 17441799909767.852
  }
}