{
  "lev=0": {
    "Bx": 1524.8780270017237,
    "By": 639.8314135126764,
    "Bz": 7.476157309487394,
    "Ex": 57845455.529713355,
    "Ey": 80481560.53863028,
    "Ez": 340715130.6129334
  },
  "ions": {
    "particle_momentum_x": 7.139831657910939e-15,
    "particle_momentum_y": 7.138154876111635e-15,
    "particle_momentum_z": 7.13660187530328e-15,
    "particle_position_x": 11170638.17897361,
    "particle_position_y": 5585380.785063285,
    "particle_weight": 9.036667901693183e+18
  }
}