{
  "lev=0": {
    "Bx": 1.3641435093370002,
    "By": 2.064187020248739,
    "Bz": 1.3641435106886308,
    "Ex": 424983256.20110655,
    "Ey": 159848272.83698195,
    "Ez": 321466524.9277822
  }
}