{
  "electrons": {
    "particle_momentum_x": 4.410992240916769e-18,
    "particle_momentum_y": 0.0,
    "particle_momentum_z": 2.637306716013194e-18,
    "particle_position_x": 0.1095060155214851,
    "particle_position_y": 0.6411875726789248,
    "particle_weight": 3.44453125e-10
  },
  "ions": {
    "particle_ionizationLevel": 72897.0,
    "particle_momentum_x": 1.761324019342538e-18,
    "particle_momentum_y": 0.0,
    "particle_momentum_z": 3.644887006212893e-23,
    "particle_position_x": 0.03199998810579664,
    "particle_position_y": 0.12800000462171646,
    "particle_weight": 9.999999999999999e-11
  },
  "lev=0": {
    "Bx": 0.0,
    "By": 26296568.43487075,
    "Bz": 0.0,
    "Ex": 7878103122973058.0,
    "Ey": 0.0,
    "Ez": 3027.995293554496,
    "jx": 1.2111358333819302e+16,
    "jy": 0.0,
    "jz": 1.355517269126987e-07
  }
}
