{
  "electrons": {
    "particle_cpu": 20.0,
    "particle_id": 41333.0,
    "particle_momentum_x": 8.787640447317913e-23,
    "particle_momentum_y": 3.78128494181519e-24,
    "particle_momentum_z": 5.3969089254531566e-24,
    "particle_position_x": 0.622794878797875,
    "particle_position_y": 0.5553787028915823,
    "particle_prev_x": 0.6152547943927383,
    "particle_prev_z": 0.5559363015469327,
    "particle_weight": 8569335937.5
  },
  "lev=0": {
    "Bx": 0.0,
    "By": 0.0,
    "Bz": 0.0,
    "Ex": 3710590.5879783216,
    "Ey": 0.0,
    "Ez": 646727.5978359394,
    "jx": 0.0,
    "jy": 0.0,
    "jz": 0.0
  }
}