{
  "beam": {
    "particle_momentum_x": 0.0,
    "particle_momentum_y": 0.0,
    "particle_momentum_z": 1.5813873715732222e-14,
    "particle_position_x": 291005.6349304166,
    "particle_position_y": 2909914.632405936,
    "particle_theta": 18278332.32164699,
    "particle_weight": 20926172639229.023
  },
  "lev=0": {
    "Ax": 0.0,
    "Ay": 0.0,
    "Az": 6.980532019241196,
    "Bx": 0.0,
    "By": 62.67013944532032,
    "Bz": 0.0,
    "Ex": 17439488506.477386,
    "Ey": 0.0,
    "Ez": 2105012407.6493165,
    "jx": 0.0,
    "jy": 0.0,
    "jz": 833597288.7957494,
    "phi": 1932164356.89221,
    "rho": 2.794589308638586
  }
}