{
  "beam": {
    "particle_momentum_x": 3.816669863798136e-20,
    "particle_momentum_y": 3.821475512311686e-20,
    "particle_momentum_z": 1.9864820549443656e-14,
    "particle_position_x": 310289.81631076714,
    "particle_position_y": 310253.786710795,
    "particle_position_z": 3656487.7686385233,
    "particle_weight": 20917376391595.723
  },
  "lev=0": {
    "Ax": 1.4019319459148582e-05,
    "Ay": 1.4070962030821248e-05,
    "Az": 11.390945091095606,
    "Bx": 112.34390192707613,
    "By": 111.50959921701717,
    "Bz": 0.00019173756110063225,
    "Ex": 31448829926.343765,
    "Ey": 31449683847.385586,
    "Ez": 3472319951.933724,
    "jx": 1943.587161222147,
    "jy": 1950.4419621194515,
    "jz": 1040182008.7235419,
    "phi": 3161335428.7785754,
    "rho": 3.487153384302776
  }
}