{
  "electrons": {
    "particle_cpu": 0.0,
    "particle_id": 536887296.0,
    "particle_momentum_x": 6.797039213991982e-20,
    "particle_momentum_y": 6.790188155340276e-20,
    "particle_momentum_z": 6.786594787976873e-20,
    "particle_position_x": 6331.49843101049,
    "particle_position_y": 6325.919509355288,
    "particle_position_z": 6320.949165191141,
    "particle_weight": 4999999954710.04
  },
  "lev=0": {
    "Bx": 1.4237125684591286e-05,
    "By": 1.568000834365418e-05,
    "Bz": 1.523978655807232e-05,
    "Ex": 261461.57101810834,
    "Ey": 261273.6604194712,
    "Ez": 260681.87892799953,
    "jx": 929.4510166559471,
    "jy": 928.4362669107152,
    "jz": 927.785112494667,
    "part_per_cell": 65536.0
  },
  "protons": {
    "particle_cpu": 0.0,
    "particle_id": 1610629120.0,
    "particle_momentum_x": 3.199547530708718e-21,
    "particle_momentum_y": 3.1998270000050153e-21,
    "particle_momentum_z": 3.1840341126490095e-21,
    "particle_position_x": 6516.749308759827,
    "particle_position_y": 6511.005449949303,
    "particle_position_z": 6505.902305990808,
    "particle_weight": 4999999954710.04
  }
}