{
  "lev=0": {
    "Bx": 1524.8789585554075,
    "By": 639.8314135126764,
    "Bz": 7.476000395458839,
    "Ex": 56499935.20497879,
    "Ey": 75068107.08471295,
    "Ez": 309535670.18599623
  },
  "ions": {
    "particle_momentum_x": 7.14295522755638e-15,
    "particle_momentum_y": 7.1380780610425e-15,
    "particle_momentum_z": 7.141134469227045e-15,
    "particle_position_x": 11170689.203149632,
    "particle_position_y": 5585328.083196239,
    "particle_weight": 9.036667901693183e+18
  }
}
