{
  "beam": {
    "particle_momentum_x": 1.3878812158350944e-21,
    "particle_momentum_y": 1.387881215835094e-21,
    "particle_momentum_z": 7.150872953138685e-16,
    "particle_position_x": 11163.999973134894,
    "particle_position_y": 11163.999973134896,
    "particle_position_z": 131662.5003103311,
    "particle_weight": 20895107655113.465
  },
  "lev=0": {
    "Ax": 1.408892468360627e-05,
    "Ay": 1.4088924683606269e-05,
    "Az": 11.423480469161868,
    "Bx": 112.23826555908032,
    "By": 112.2382655590803,
    "Bz": 0.00019186770330025167,
    "Ex": 31418238386.183773,
    "Ey": 31418238386.183773,
    "Ez": 3461330433.5026026,
    "jx": 1961.0003914783667,
    "jy": 1961.0003914783663,
    "jz": 1038931606.7573991,
    "phi": 3157908107.1102533,
    "rho": 3.482961479802248
  }
}