{
  "lev=0": {
    "Bx": 1.364593614316485,
    "By": 2.064447838259352,
    "Bz": 1.364570701326938,
    "Ex": 4.250673561431686e8,
    "Ey": 1.604520783637900e8,
    "Ez": 3.222261178063704e8
  }
}
