{
  "electrons": {
    "particle_Bx": 47.22388871895396,
    "particle_By": 81.29252077272656,
    "particle_Bz": 44.82583319084903,
    "particle_Ex": 32416882559812.156,
    "particle_Ey": 36617948944833.27,
    "particle_Ez": 47879188522350.445,
    "particle_cpu": 353280.0,
    "particle_id": 158538771840.0,
    "particle_momentum_x": 2.103830798721716e-20,
    "particle_momentum_y": 2.3745155589395773e-20,
    "particle_momentum_z": 3.1024445102509395e-20,
    "particle_position_x": 6.61250119096399,
    "particle_position_y": 14.719999999999999,
    "particle_theta": 1156106.5707136204,
    "particle_weight": 81147583679.15045
  },
  "lev=0": {
    "Bx": 0.06186329483598284,
    "By": 1.223226743978361,
    "Bz": 308.09368993512214,
    "Ex": 879037550423.2717,
    "Ey": 1.3299843328025558,
    "Ez": 216806718486938.75,
    "jx": 104864351913902.25,
    "jy": 765741.0650497082,
    "jz": 191190728022816.94,
    "part_per_cell": 106250686263443.36
  }
}