{
  "beam": {
    "particle_momentum_x": 1.373353164501978e-21,
    "particle_momentum_y": 1.3735244857703457e-21,
    "particle_momentum_z": 7.150872952886859e-16,
    "particle_position_x": 11163.999977370671,
    "particle_position_y": 11163.999973220827,
    "particle_position_z": 131662.50031033106,
    "particle_weight": 20895107655113.465
  },
  "lev=0": {
    "Ax": 1.3976412308061065e-05,
    "Ay": 1.4030691708444447e-05,
    "Az": 11.378506141203465,
    "Bx": 112.226086365969,
    "By": 111.39509061589169,
    "Bz": 0.0001912840029634558,
    "Ex": 31418238383.151176,
    "Ey": 31418238384.38385,
    "Ez": 3461330423.04199,
    "jx": 1939.561207804969,
    "jy": 1945.152862428693,
    "jz": 1038931606.757319,
    "phi": 3157908106.980005,
    "rho": 3.482961479802249
  }
}