{
  "beam": {
    "particle_momentum_x": 1.3880560423000294e-21,
    "particle_momentum_y": 1.3886924289065423e-21,
    "particle_momentum_z": 7.150872953137526e-16,
    "particle_position_x": 11163.99997526353,
    "particle_position_y": 11163.99997100626,
    "particle_position_z": 131662.5003103311,
    "particle_weight": 20895107655113.465
  },
  "lev=0": {
    "Ax": 1.4060938443634196e-05,
    "Ay": 1.4116916802327628e-05,
    "Az": 11.423480469160706,
    "Bx": 112.6624660242331,
    "By": 111.81406513455592,
    "Bz": 0.00019197672678306044,
    "Ex": 31418238385.552113,
    "Ey": 31418238386.815437,
    "Ez": 3461330433.5025992,
    "jx": 1958.0575188937182,
    "jy": 1966.7501946939935,
    "jz": 1038931606.7572887,
    "phi": 3157908107.1102533,
    "rho": 3.4829614798022472
  }
}