{
  "lev=0": {
    "Bx": 0.0709938216654426,
    "By": 0.07840269254981864,
    "Bz": 256.0,
    "Ex": 2097.543735829493,
    "Ey": 2270.330911045232,
    "Ez": 4757.739793567482
  },
  "ions": {
    "particle_momentum_x": 1.6145014883031169e-19,
    "particle_momentum_y": 1.6142341920245502e-19,
    "particle_momentum_z": 1.6140236266551276e-19,
    "particle_position_x": 3678.6270150603523,
    "particle_weight": 4.220251350277737e+21
  }
}
