{
  "lev=0": {
    "Bx": 5.334191428317849,
    "By": 5.304367780440314,
    "Bz": 256.0,
    "Ex": 4.023743699806469e+05,
    "Ey": 3.989324532762268e+05,
    "Ez": 2.281344128344855e+04,
    "jx": 1.525180463636894e+11,
    "jy": 1.541352360760910e+11,
    "jz": 3.182915979017075e+10
  },
  "beam_ions": {
    "particle_momentum_x": 1.267740609380299e-18,
    "particle_momentum_y": 1.274270632846882e-18,
    "particle_momentum_z": 1.391082122553233e-17,
    "particle_position_x": 4.598149111137194e+03,
    "particle_weight": 2.1101256751388695e+20
  },
  "ions": {
    "particle_momentum_x": 1.619717848597040e-18,
    "particle_momentum_y": 1.619530182887040e-18,
    "particle_momentum_z": 1.673190364768869e-18,
    "particle_position_x": 9.193260427295945e+03,
    "particle_weight": 1.0550628375694317e+22
  }
}
