{
  "beam": {
    "particle_momentum_x": 4.5610191313831193e-20,
    "particle_momentum_y": 4.1498429191345516e-20,
    "particle_momentum_z": 1.3647084767509034e-17,
    "particle_position_x": 4.6527700821181575e-05,
    "particle_position_y": 0.001484501913502292,
    "particle_weight": 12483018148921.525
  },
  "electrons": {
    "particle_momentum_x": 4.275117840757316e-20,
    "particle_momentum_y": 1.9580305087552577e-19,
    "particle_momentum_z": 8.913655221012749e-20,
    "particle_position_x": 0.04741929968294935,
    "particle_position_y": 0.08483137297620594,
    "particle_weight": 119232421875000.25
  },
  "lev=0": {
    "Bx": 24121595.024715852,
    "By": 78232.13397859206,
    "Bz": 601058.5314543134,
    "Ex": 22865766698494.816,
    "Ey": 6508549201873332.0,
    "Ez": 32072534017950.547,
    "jx": 1130516319665756.2,
    "jy": 2.325136305137274e+18,
    "jz": 6769519391624705.0,
    "rho": 152898720.2638083
  },
  "lev=1": {
    "Bx": 53303280.77277007,
    "By": 213836.7648067578,
    "Bz": 1321618.9792460166,
    "Ex": 47846162009894.625,
    "Ey": 1.4551014101478356e+16,
    "Ez": 65304501716354.97,
    "jx": 46169274324016.0,
    "jy": 9.274837523569297e+18,
    "jz": 1.9262772355054252e+16,
    "rho": 67304284.98422328
  }
}