{
  "lev=0": {
    "Bx": 0.0,
    "By": 7.4250071663825735e-06,
    "Bz": 0.0,
    "Ex": 2722667.713537752,
    "Ey": 0.0,
    "Ez": 3916721.311505648,
    "jx": 179158874.6852306,
    "jy": 168199547.17213535,
    "jz": 575032458.7860985
  },
  "ions": {
    "particle_momentum_x": 9.137197264452503e-17,
    "particle_momentum_y": 9.13763996884375e-17,
    "particle_momentum_z": 9.134594930243636e-17,
    "particle_position_x": 1197.5816678067945,
    "particle_position_y": 153275.0990813125,
    "particle_weight": 8.032598963696062e+16
  }
}