{
  "lev=0": {
    "Bx": 0.0,
    "By": 0.0,
    "Bz": 0.0,
    "Ex": 3710700.956616212,
    "Ey": 0.0,
    "Ez": 646752.4642948855,
    "jx": 15258.82611558372,
    "jy": 650.13507310447,
    "jz": 942.8394748261528
  },
  "electrons": {
    "particle_momentum_x": 8.787556176835159e-23,
    "particle_momentum_y": 3.78128494181519e-24,
    "particle_momentum_z": 5.395758515337991e-24,
    "particle_position_x": 0.6227736757162666,
    "particle_position_y": 0.5553800210930071,
    "particle_prev_x": 0.615237399194202,
    "particle_prev_z": 0.5559373934585523,
    "particle_weight": 8569335937.5
  }
}