{
  "beam": {
    "particle_cpu": 0.0,
    "particle_id": 5050.0,
    "particle_momentum_x": 3.87997644296733e-20,
    "particle_momentum_y": 5.078338417986405e-20,
    "particle_momentum_z": 1.350360018411703e-17,
    "particle_position_x": 6.242147159505209e-05,
    "particle_position_y": 0.002676436329644457,
    "particle_theta": 151.408043244598,
    "particle_weight": 6241509.074460764
  },
  "electrons": {
    "particle_cpu": 4128.0,
    "particle_id": 10445216.0,
    "particle_momentum_x": 2.114384362557539e-24,
    "particle_momentum_y": 3.9172628978456397e-22,
    "particle_momentum_z": 1.2567935092687156e-23,
    "particle_position_x": 0.04160250004822599,
    "particle_position_y": 0.047891250425121774,
    "particle_theta": 7325.124728188977,
    "particle_weight": 813672305.532158
  },
  "lev=0": {
    "Bx": 101913.9132182723,
    "By": 1330.818599062426,
    "Bz": 4514.781857725756,
    "Ex": 246731098537.3218,
    "Ey": 37825184509557.35,
    "Ez": 590251477994.7521,
    "jx": 1353405747591.269,
    "jy": 2.147722453194553e+17,
    "jz": 1863310088559710.0,
    "rho": 38912415.75698389,
    "Br_0_real": 0.2137064585155872,
    "Br_1_imag": 172.2988890744096,
    "Br_1_real": 101913.9323749251,
    "Btheta_0_real": 1326.759151241743,
    "Btheta_1_imag": 103543.8641160633,
    "Btheta_1_real": 225.3854904799976,
    "Bz_0_real": 0.2910069650253564,
    "Bz_1_imag": 0.8113703469857545,
    "Bz_1_real": 4514.731146319417,
    "Er_0_real": 235160954221.997,
    "Er_1_imag": 38566923642693.89,
    "Er_1_real": 71516895156.89052,
    "Etheta_0_real": 78758938.63585563,
    "Etheta_1_imag": 59697352935.93607,
    "Etheta_1_real": 37825159479125.69,
    "Ez_0_real": 563243350549.5107,
    "Ez_1_imag": 1442184351135.906,
    "Ez_1_real": 39851376061.69563,
    "Jr_0_real": 955171862749.2391,
    "Jr_1_imag": 2.267085398348701e+17,
    "Jr_1_real": 1672099718770.67,
    "Jtheta_0_real": 355427737499.2148,
    "Jtheta_1_imag": 911714777272.9283,
    "Jtheta_1_real": 2.147722332337163e+17,
    "Jz_0_real": 1745718246376104.0,
    "Jz_1_imag": 499465565312123.3,
    "Jz_1_real": 532424954910440.6,
    "rho_0_real": 38503729.9081786,
    "rho_1_imag": 20910554.24239848,
    "rho_1_real": 1806820.209899142
  }
}