{
  "beam": {
    "particle_momentum_x": 3.412702968605165e-22,
    "particle_momentum_y": 3.402428540811816e-22,
    "particle_momentum_z": 3.9162565761660307e-16,
    "particle_position_x": 7206.814278191237,
    "particle_position_y": 72091.17240736919,
    "particle_theta": 226641.6311298698,
    "particle_weight": 20918089757170.434
  },
  "lev=0": {
    "Ax": 1.3978240270975174e-06,
    "Ay": 1.956762035168827e-23,
    "Az": 1.7370403431762975,
    "Bx": 1.6491600826252323e-22,
    "By": 15.529337919640476,
    "Bz": 1.985206594118181e-22,
    "Ex": 4352223245.135262,
    "Ey": 6.527055577791843e-20,
    "Ez": 527249543.0727954,
    "jx": 278.6157354363727,
    "jy": 1.5269493156084666e-14,
    "jz": 207752683.95191967,
    "phi": 482177094.7250634,
    "rho": 0.6964795316701435
  }
}