{
  "lev=0": {
    "rho_electrons": 0.004434344777851671,
    "rho_he_ions": 0.005197923347751826
  },
  "electrons": {
    "particle_momentum_x": 3.5085781535197105e-20,
    "particle_momentum_y": 3.5223650794629794e-20,
    "particle_momentum_z": 1.2590167981597797e-19,
    "particle_position_x": 2140.446817544049,
    "particle_weight": 14580875000000.002
  },
  "neutrals": {
    "particle_momentum_x": 1.3758338368621575e-19,
    "particle_momentum_y": 1.3743481866323362e-19,
    "particle_momentum_z": 1.3799837532778488e-19,
    "particle_position_x": 1097.7294111426725,
    "particle_weight": 6.4588e+19
  },
  "he_ions": {
    "particle_momentum_x": 2.7692191374152365e-19,
    "particle_momentum_y": 2.7573133235572285e-19,
    "particle_momentum_z": 3.6224813732795523e-19,
    "particle_position_x": 2200.276783622158,
    "particle_weight": 17182882812500.002
  }
}
