{
  "beam_ions": {
    "particle_momentum_x": 8.070836339520980e-19,
    "particle_momentum_y": 8.100725782377026e-19,
    "particle_momentum_z": 1.403520977719868e-17,
    "particle_position_x": 4.598451423573363e+03,
    "particle_weight": 2.110125675138869e+20
  },
  "ions": {
    "particle_momentum_x": 1.614997928208478e-18,
    "particle_momentum_y": 1.615088760306900e-18,
    "particle_momentum_z": 1.674739744982662e-18,
    "particle_position_x": 9.196276227155206e+03,
    "particle_weight": 1.055062837569432e+22
  },
  "lev=0": {
    "Bx": 1.262298173220116,
    "By": 1.157374788465705,
    "Bz": 256.0,
    "Ex": 5.342153246160105e+04,
    "Ey": 5.931724279710034e+04,
    "Ez": 2.569033182001820e+04,
    "jx": 2.567318503456228e+10,
    "jy": 2.358753799401987e+10,
    "jz": 3.252547012890317e+10
  }
}