{
  "lev=0": {
    "Az": 1.7305569939709868,
    "By": 15.491015800463124,
    "Ex": 4333723928.002945,
    "jz": 207219729.93770367,
    "phi": 479458089.202181,
    "rho": 0.6946928323248138
  }
}