{
  "lev=0": {
    "Bx": 0.0,
    "By": 7.079689225890069e-06,
    "Bz": 0.0,
    "Ex": 2726044.0536276414,
    "Ey": 0.0,
    "Ez": 4060168.6414129985,
    "jx": 189201931.64404523,
    "jy": 187432180.18543562,
    "jz": 597547355.020006
  },
  "ions": {
    "particle_momentum_x": 9.141594694084741e-17,
    "particle_momentum_y": 9.135546407258978e-17,
    "particle_momentum_z": 9.137866220861289e-17,
    "particle_position_x": 1197.3344862524434,
    "particle_position_y": 153269.17690371812,
    "particle_weight": 8.032598963696067e+16
  }
}