{
  "beam": {
    "particle_momentum_x": 0.0,
    "particle_momentum_y": 0.0,
    "particle_momentum_z": 1.589734936714626e-13,
    "particle_position_x": 2483069.7090909723,
    "particle_position_y": 2483079.480391739,
    "particle_position_z": 29252956.101230398,
    "particle_weight": 20924542987727.855
  },
  "lev=0": {
    "Ax": 0.0,
    "Ay": 0.0,
    "Az": 91.69431321842832,
    "Bx": 897.9505016201102,
    "By": 894.5401559660177,
    "Bz": 0.0,
    "Ex": 249755663454.51126,
    "Ey": 249755003262.04776,
    "Ez": 27759812707.73081,
    "jx": 0.0,
    "jy": 0.0,
    "jz": 8355941776.067562,
    "phi": 25356092365.62632,
    "rho": 28.012837691374223
  }
}