{
  "beam": {
    "particle_momentum_x": 0.0,
    "particle_momentum_y": 0.0,
    "particle_momentum_z": 1.98717335812459e-14,
    "particle_position_x": 310376.22010375006,
    "particle_position_y": 310383.9289624688,
    "particle_position_z": 3656706.208284172,
    "particle_weight": 20924592343466.18
  },
  "lev=0": {
    "Ax": 0.0,
    "Ay": 0.0,
    "Az": 11.393363921105157,
    "Bx": 112.36531942983468,
    "By": 111.5337121158089,
    "Bz": 0.0,
    "Ex": 31451213256.990726,
    "Ey": 31451135976.522186,
    "Ez": 3472184154.731459,
    "jx": 0.0,
    "jy": 0.0,
    "jz": 1040405304.525375,
    "phi": 3161534553.539162,
    "rho": 3.487901867912494
  }
}