{
  "lev=0": {
    "Bx": 0.07086770550245751,
    "By": 0.07826424533166351,
    "Bz": 256.0,
    "Ex": 2089.6949090355056,
    "Ey": 2282.322979301517,
    "Ez": 4757.741089443596
  },
  "ions": {
    "particle_momentum_x": 1.6145014892666473e-19,
    "particle_momentum_y": 1.6142341937630537e-19,
    "particle_momentum_z": 1.614023626638007e-19,
    "particle_position_x": 3678.627015060317,
    "particle_weight": 4.220251350277737e+21
  }
}