{
  "beam": {
    "particle_cpu": 0.0,
    "particle_id": 5050.0,
    "particle_momentum_x": 3.880109055649298e-20,
    "particle_momentum_y": 5.0781930103830196e-20,
    "particle_momentum_z": 1.3503608494680855e-17,
    "particle_position_x": 6.242131236443886e-05,
    "particle_position_y": 0.0026764363296979446,
    "particle_theta": 151.4079870868123,
    "particle_weight": 6241509.074460764
  },
  "electrons": {
    "particle_cpu": 4128.0,
    "particle_id": 10445216.0,
    "particle_momentum_x": 1.787201778017949e-24,
    "particle_momentum_y": 3.9234822345143987e-22,
    "particle_momentum_z": 1.0100062552925791e-23,
    "particle_position_x": 0.041602500069929174,
    "particle_position_y": 0.047891250477036906,
    "particle_theta": 7325.1193688944695,
    "particle_weight": 813672305.532158
  },
  "lev=0": {
    "Br_0_real": 0.36356649135193925,
    "Br_1_imag": 115.41886748920795,
    "Br_1_real": 142258.01965536995,
    "Btheta_0_real": 1299.8816721733124,
    "Btheta_1_imag": 143318.04456658955,
    "Btheta_1_real": 155.37774833024366,
    "Bx": 142258.01319076555,
    "By": 1301.5695263567557,
    "Bz": 5993.640969075834,
    "Bz_0_real": 0.4737412745527051,
    "Bz_1_imag": 1.1409956493384725,
    "Bz_1_real": 5993.528898267216,
    "Er_0_real": 276179575540.0639,
    "Er_1_imag": 47911367858371.875,
    "Er_1_real": 46900598536.03668,
    "Etheta_0_real": 135868121.7945822,
    "Etheta_1_imag": 36802874200.20133,
    "Etheta_1_real": 47328835452079.97,
    "Ex": 278531658643.55005,
    "Ey": 47328876227481.125,
    "Ez": 514006664374.9789,
    "Ez_0_real": 499008075334.7451,
    "Ez_1_imag": 1565161989236.6174,
    "Ez_1_real": 28898922272.75169,
    "Jr_0_real": 1459118139844.9216,
    "Jr_1_imag": 2.3356630589200717e+17,
    "Jr_1_real": 2726204346551.3022,
    "Jtheta_0_real": 499384029970.2145,
    "Jtheta_1_imag": 1179215927404.282,
    "Jtheta_1_real": 2.17663715880068e+17,
    "Jz_0_real": 1832470462501306.8,
    "Jz_1_imag": 621924149855721.0,
    "Jz_1_real": 660909646259030.1,
    "jx": 2109207014985.481,
    "jy": 2.1766370884715638e+17,
    "jz": 1954236712029783.0,
    "rho": 39480730.556067616,
    "rho_0_real": 39055926.50167212,
    "rho_1_imag": 21660770.34248945,
    "rho_1_real": 2131498.060778751
  }
}