{
  "lev=0": {
    "Bx": 1524.8787030963545,
    "By": 639.8314135126764,
    "Bz": 7.426827947249349,
    "Ex": 55861538.51676546,
    "Ey": 72378555.53423825,
    "Ez": 304141253.3165592
  },
  "ions": {
    "particle_momentum_x": 7.139858023357858e-15,
    "particle_momentum_y": 7.137973106773408e-15,
    "particle_momentum_z": 7.136961183942627e-15,
    "particle_position_x": 11170688.447856156,
    "particle_position_y": 5585378.664524556,
    "particle_weight": 9.036667901693183e+18
  }
}
