{
  "lev=0": {
    "Bx": 0.0842477958892397,
    "By": 0.07425479369912313,
    "Bz": 256.0,
    "Ex": 1957.8972323275036,
    "Ey": 2365.010490440108,
    "Ez": 4371.515921305974
  },
  "ions": {
    "particle_momentum_x": 1.6151338767579608e-19,
    "particle_momentum_y": 1.6152523905701892e-19,
    "particle_momentum_z": 1.6134718502107195e-19,
    "particle_position_x": 3678.5124662693147,
    "particle_weight": 4.220251350277737e+21
  }
}