{
  "lev=0": {
    "Ex": 186404.72510792234,
    "Ey": 186404.72510792228,
    "Ez": 186404.72510792228,
    "phi": 43517.784751440566,
    "rho": 0.0
  }
}