{
  "electrons": {
    "particle_Bx": 47.22388871895396,
    "particle_By": 81.29252077272656,
    "particle_Bz": 44.82583319084903,
    "particle_Ex": 32416882559812.156,
    "particle_Ey": 36617948944833.27,
    "particle_Ez": 47879188522350.445,
    "particle_cpu": 353280.0,
    "particle_id": 158538771840.0,
    "particle_momentum_x": 2.103830798721716e-20,
    "particle_momentum_y": 2.3745155589395773e-20,
    "particle_momentum_z": 3.1024445102509395e-20,
    "particle_position_x": 6.61250119096399,
    "particle_position_y": 14.719999999999999,
    "particle_theta": 1156106.5707136204,
    "particle_weight": 81147583679.15045
  },
  "lev=0": {
    "Bx": 1.2728711026519894,
    "By": 1.2232267439669229,
    "Bz": 308.09368993512214,
    "Ex": 106685013327817.77,
    "Ey": 216005400240491.34,
    "Ez": 801318246447.4642,
    "jx": 104402719842578.58,
    "jy": 301.1269130030409,
    "jz": 191190728788256.94,
    "part_per_cell": 906342557372.5387
  }
}