{
  "lev=0": {
    "Az": 1.730556994029862,
    "By": 15.521137246668234,
    "Ex": 4333723928.147758,
    "jz": 207219729.96381122,
    "phi": 479458089.21137255,
    "rho": 0.6946928324123767
  }
}