{
  "lev=0": {
    "Bx": 1524.8789585554075,
    "By": 639.8314135126764,
    "Bz": 7.476064371022787,
    "Ex": 56500024.54347144,
    "Ey": 75064104.7364582,
    "Ez": 309548482.989921
  },
  "ions": {
    "particle_momentum_x": 7.142955224072594e-15,
    "particle_momentum_y": 7.13807805985974e-15,
    "particle_momentum_z": 7.141134511815448e-15,
    "particle_position_x": 11170689.202853566,
    "particle_position_y": 5585328.08326772,
    "particle_weight": 9.036667901693183e+18
  }
}