{
  "electrons": {
    "particle_momentum_x": 8.787640826001997e-23,
    "particle_momentum_y": 3.78128494181519e-24,
    "particle_momentum_z": 5.39690755047567e-24,
    "particle_position_x": 0.6227948811898453,
    "particle_position_y": 0.5553787034074177,
    "particle_prev_x": 0.615254796149112,
    "particle_prev_z": 0.5559363018627721,
    "particle_weight": 8569335937.5
  },
  "lev=0": {
    "Bx": 0.0,
    "By": 0.0,
    "Bz": 0.0,
    "Ex": 3710588.849990039,
    "Ey": 0.0,
    "Ez": 646727.8074440232,
    "jx": 0.0,
    "jy": 0.0,
    "jz": 0.0
  }
}