{
  "beam": {
    "particle_cpu": 0.0,
    "particle_id": 0.0,
    "particle_momentum_x": 0.0,
    "particle_momentum_y": 0.0,
    "particle_momentum_z": 0.0,
    "particle_position_x": 0.0,
    "particle_weight": 0.0
  },
  "electrons": {
    "particle_cpu": 0.0,
    "particle_id": 0.0,
    "particle_momentum_x": 0.0,
    "particle_momentum_y": 0.0,
    "particle_momentum_z": 0.0,
    "particle_position_x": 0.0,
    "particle_weight": 0.0
  },
  "lev=0": {
    "Bx": 178038.73328943978,
    "By": 21.80404352678598,
    "Bz": 0.0,
    "Ex": 6500587789.693293,
    "Ey": 40880870929309.17,
    "Ez": 2526222236149.224,
    "jx": 1073234194657.4467,
    "jy": 33548056437319.6,
    "jz": 1542998901893716.0,
    "rho": 18186572.727098644
  }
}