{
  "beam": {
    "particle_momentum_x": 1.955541527546819e-22,
    "particle_momentum_y": 0.0,
    "particle_momentum_z": 1.4190442252257073e-16,
    "particle_position_x": 2600.999989574546,
    "particle_position_y": 26127.577882561814,
    "particle_theta": 0.0,
    "particle_weight": 20761165777044.42
  },
  "lev=0": {
    "Ax": 1.3722899938549785e-06,
    "Ay": 0.0,
    "Az": 1.7305569940879035,
    "Bx": 0.0,
    "By": 15.551258360942041,
    "Bz": 0.0,
    "Ex": 4333723928.297134,
    "Ey": 0.0,
    "Ez": 522070839.6548605,
    "jx": 279.0074419744475,
    "jy": 0.0,
    "jz": 207219729.98981962,
    "phi": 479458089.2205651,
    "rho": 0.6946928324999393
  }
}