{
  "lev=0": {
    "Bx": 0.0,
    "By": 9.85331786235039e-06,
    "Bz": 0.0,
    "Ex": 2477786.0791638982,
    "Ey": 0.0,
    "Ez": 4017759.2140356353,
    "jx": 170946239.13826403,
    "jy": 163716416.89360982,
    "jz": 848613192.8323679
  },
  "ions": {
    "particle_momentum_x": 9.137211831335653e-17,
    "particle_momentum_y": 9.137639968843743e-17,
    "particle_momentum_z": 9.135355423932005e-17,
    "particle_position_x": 1197.4950421919652,
    "particle_position_y": 153274.8576288179,
    "particle_weight": 8.032598963696067e+16
  }
}
