{
  "beam": {
    "particle_momentum_x": 1.3728906809911644e-21,
    "particle_momentum_y": 1.3728906809911642e-21,
    "particle_momentum_z": 7.150872952880498e-16,
    "particle_position_x": 11163.999973310167,
    "particle_position_y": 11163.999973310167,
    "particle_position_z": 131662.50031033106,
    "particle_weight": 20895107655113.465
  },
  "lev=0": {
    "Ax": 1.4028589139174843e-05,
    "Ay": 1.402858913917484e-05,
    "Az": 11.377330210541189,
    "Bx": 112.21341789317327,
    "By": 112.21341789317327,
    "Bz": 0.00019140240914441387,
    "Ex": 31418238384.859467,
    "Ey": 31418238384.859463,
    "Ez": 3461330422.559801,
    "jx": 1944.2875240048556,
    "jy": 1944.2875240048556,
    "jz": 1038931606.7571312,
    "phi": 3157908107.0418434,
    "rho": 3.4829614798022415
  }
}