{
  "beam": {
    "particle_Ex": 5756179858433.416,
    "particle_Ey": 5756179858433.41,
    "particle_Ez": 16964931026248.906,
    "particle_cpu": 0.0,
    "particle_id": 302285376.0,
    "particle_momentum_x": 5.708397145757236e-20,
    "particle_momentum_y": 5.708397145757228e-20,
    "particle_momentum_z": 7.574215683313995e-19,
    "particle_position_x": 0.009793902444696391,
    "particle_position_y": 0.00979390244469639,
    "particle_position_z": 0.1047802881481609,
    "particle_weight": 7031249999.999999
  },
  "lev=0": {
    "Ex": 92775315721769.94,
    "Ey": 7074528078305.145,
    "Ez": 83072.0,
    "jx": 1267816446833707.5,
    "jy": 7074528555636.087,
    "jz": 19091561484766.926,
    "part_per_cell": 92775316229673.94
  },
  "plasma": {
    "particle_Ex": 0.0,
    "particle_Ey": 0.0,
    "particle_Ez": 0.0,
    "particle_cpu": 589824.0,
    "particle_id": 514063630336.0,
    "particle_momentum_x": 0.0,
    "particle_momentum_y": 0.0,
    "particle_momentum_z": 0.0,
    "particle_position_x": 58.98240000000005,
    "particle_position_y": 58.98239999999999,
    "particle_position_z": 66.35520000000001,
    "particle_weight": 360000000000.0
  }
}