{
  "beam": {
    "particle_momentum_x": 1.3886924289714561e-21,
    "particle_momentum_y": 1.3886924289714554e-21,
    "particle_momentum_z": 7.15087295286975e-16,
    "particle_position_x": 11163.99997100626,
    "particle_position_y": 11163.999971006258,
    "particle_position_z": 131662.50031033106,
    "particle_weight": 20895107655113.465
  },
  "lev=0": {
    "Ax": 1.4116916803315899e-05,
    "Ay": 1.4116916803315904e-05,
    "Az": 11.423480469582096,
    "Bx": 112.66246443430329,
    "By": 112.6624644343033,
    "Bz": 0.0001921099463763323,
    "Ex": 31418238387.40614,
    "Ey": 31418238387.40614,
    "Ez": 3461330421.967028,
    "jx": 1966.7501948255197,
    "jy": 1966.7501948255194,
    "jz": 1038931606.7566739,
    "phi": 3157908107.1780033,
    "rho": 3.4829614798022397
  }
}