{
  "lev=0": {
    "Bx": 0.0,
    "By": 7.079680033052077e-06,
    "Bz": 0.0,
    "Ex": 2726044.053637523,
    "Ey": 0.0,
    "Ez": 4060168.6413290305,
    "jx": 189189388.79913005,
    "jy": 187432178.76057065,
    "jz": 595062719.4560431
  },
  "ions": {
    "particle_momentum_x": 9.14159469408475e-17,
    "particle_momentum_y": 9.135546407258979e-17,
    "particle_momentum_z": 9.137866220861254e-17,
    "particle_position_x": 1197.334486252443,
    "particle_position_y": 153269.17690371812,
    "particle_weight": 8.032598963696067e+16
  }
}
