{
  "lev=0": {
    "Az": 1.7305569940885583,
    "By": 15.551258360948077,
    "Ex": 4333723928.292574,
    "jz": 207219729.98990253,
    "phi": 479458089.220564,
    "rho": 0.6946928324999393
  }
}