{
  "lev=0": {
    "Bx": 1.3641435093370002,
    "By": 2.064187020248739,
    "Bz": 1.364143507950999,
    "Ex": 424983257.0782249,
    "Ey": 159848274.5435922,
    "Ez": 321466525.1840332
  }
}
