{
  "lev=0": {
    "Bx": 1.2621881003541886,
    "By": 1.1571850673332067,
    "Bz": 256.0,
    "Ex": 53384.918134085194,
    "Ey": 59292.208124717086,
    "Ez": 15645.093703287872,
    "jx": 25665919543.758453,
    "jy": 23576187264.510674,
    "jz": 32611764238.09514
  },
  "beam_ions": {
    "particle_momentum_x": 8.070836347370798e-19,
    "particle_momentum_y": 8.100726296757441e-19,
    "particle_momentum_z": 1.403520972380112e-17,
    "particle_position_x": 4598.451423203875,
    "particle_weight": 2.1101256751388695e+20
  },
  "ions": {
    "particle_momentum_x": 1.614997918201092e-18,
    "particle_momentum_y": 1.6150887741884202e-18,
    "particle_momentum_z": 1.6747538585142622e-18,
    "particle_position_x": 9196.27622502337,
    "particle_weight": 1.0550628375694317e+22
  }
}