{
  "lev=0": {
    "Ex": 1170672.5304594298,
    "Ey": 0.0,
    "Ez": 1181500.3223771458,
    "T_electrons": 1699.5283920623333,
    "T_ions": 854.404135786121,
    "jx": 160011.99110381026,
    "jy": 465704.0865225781,
    "jz": 154829.447754826,
    "phi": 523.2079772374389,
    "rho_electrons": 12.0631083127128,
    "rho_ions": 12.1004924341728
  }
}
