{
  "electrons": {
    "particle_momentum_x": 1.0449418710231497e-19,
    "particle_position_x": 0.0831205701527011,
    "particle_position_y": 0.08192,
    "particle_weight": 8000000000000001.0
  },
  "lev=0": {
    "Ex": 54311177004701.516,
    "jx": 5.639670983525456e+16
  }
}