{
  "lev=0": {
    "Br": 1.9198341331533308,
    "Bt": 3.4656204432782634,
    "Bz": 4095.834435696905,
    "Er": 7646601.115327038,
    "Et": 4429521.598874885,
    "Ez": 4601.148701280405,
    "jr": 753247957.0918608,
    "jt": 624813293.7256727,
    "jz": 980206148.5554552
  },
  "ions": {
    "particle_momentum_x": 5.043873837579827e-17,
    "particle_momentum_y": 5.04445113937769e-17,
    "particle_momentum_z": 5.051930416996439e-17,
    "particle_position_x": 143164.4268324243,
    "particle_position_y": 143166.5184643828,
    "particle_theta": 2573261.7450408577,
    "particle_weight": 8.12868064536689e+18
  }
}