{
  "ions": {
    "particle_momentum_x": 1.614463190784125e-19,
    "particle_momentum_y": 1.614197240042878e-19,
    "particle_momentum_z": 1.614024682888866e-19,
    "particle_position_x": 3.678484650289318e+03,
    "particle_weight": 4.220251350277737e+21
  },
  "lev=0": {
    "Bx": 8.409263968618300e-02,
    "By": 7.442498061564470e-02,
    "Bz": 256.0,
    "Ex": 1.967256269760070e+03,
    "Ey": 2.352257348219634e+03,
    "Ez": 4.873495467659313e+03
  }
}