{
  "lev=0": {
    "Br": 142258.01161290894,
    "Br_0_real": 0.36356680791855334,
    "Br_1_imag": 115.41915541351706,
    "Br_1_real": 142258.0180774376,
    "Bt": 1301.5691003159159,
    "Btheta_0_real": 1299.8813681794945,
    "Btheta_1_imag": 143318.04184449295,
    "Btheta_1_real": 155.37799428725944,
    "Bz": 5993.641173367065,
    "Bz_0_real": 0.4737418612272665,
    "Bz_1_imag": 1.1408917538312353,
    "Bz_1_real": 5993.529100973486,
    "Er": 278531478379.8872,
    "Er_0_real": 276179480674.09875,
    "Er_1_imag": 47911368149173.86,
    "Er_1_real": 46900731766.219345,
    "Et": 47328876349791.85,
    "Etheta_0_real": 135868018.2930996,
    "Etheta_1_imag": 36802947213.299324,
    "Etheta_1_real": 47328835574237.43,
    "Ez": 514006688162.3537,
    "Ez_0_real": 499008057521.7594,
    "Ez_1_imag": 1565161964565.9724,
    "Ez_1_real": 28898941539.846146,
    "Jr_0_real": 1458783813352.7048,
    "Jr_1_imag": 2.335663323286376e+17,
    "Jr_1_real": 2725720908168.6816,
    "Jtheta_0_real": 499386783042.5499,
    "Jtheta_1_imag": 1179203035377.2214,
    "Jtheta_1_real": 2.1766371791828432e+17,
    "Jz_0_real": 1832469778455967.8,
    "Jz_1_imag": 621923937700173.0,
    "Jz_1_real": 660910016274555.4,
    "jr": 2108641839684.7007,
    "jt": 2.1766371088502803e+17,
    "jz": 1954236547059862.2,
    "rho": 39480728.08547403,
    "rho_0_real": 39055923.162689775,
    "rho_1_imag": 21660762.696674515,
    "rho_1_real": 2131498.5888879234
  },
  "electrons": {
    "particle_momentum_x": 1.237777638089911e-24,
    "particle_momentum_y": 3.9465600403988994e-22,
    "particle_momentum_z": 1.0097949593654349e-23,
    "particle_position_x": 0.04160250006989259,
    "particle_position_y": 0.047891250488567585,
    "particle_theta": 7325.162679147719,
    "particle_weight": 813672305.532158
  },
  "beam": {
    "particle_momentum_x": 3.8798818966213747e-20,
    "particle_momentum_y": 5.078274625117952e-20,
    "particle_momentum_z": 1.3503604116563051e-17,
    "particle_position_x": 6.242134249270767e-05,
    "particle_position_y": 0.0026764363296859625,
    "particle_theta": 151.40797595010355,
    "particle_weight": 6241509.074460764
  }
}