{
  "electrons": {
    "particle_momentum_x": 0.0,
      "particle_momentum_y": 1.242649041560969e-20,
      "particle_momentum_z": 1.412788442781501e-21,
      "particle_position_x": 2.243290059525779e-02,
    "particle_weight": 5.20625e+18
  },
  "lev=0": {
    "Bx": 1.780167572837726e+05,
    "By": 0.0,
    "Bz": 0.0,
    "Ex": 0.0,
    "Ey": 4.087822844344770e+13,
    "Ez": 3.426547096153969e+09,
    "jx": 0.0,
    "jy": 3.043956314004305e+13,
    "jz": 3.381784198940749e+12,
    "rho": 3127749.1976868743
  }
}
