{
  "lev=0": {
    "Bx": 0.0,
    "By": 7.424989076390859e-06,
    "Bz": 0.0,
    "Ex": 2722667.713526905,
    "Ey": 0.0,
    "Ez": 3916721.311464439,
    "jx": 179186827.21147788,
    "jy": 168199547.96618968,
    "jz": 577511314.1707228
  },
  "ions": {
    "particle_momentum_x": 9.137197264452501e-17,
    "particle_momentum_y": 9.137639968843748e-17,
    "particle_momentum_z": 9.134594930243624e-17,
    "particle_position_x": 1197.5816678067945,
    "particle_position_y": 153275.0990813125,
    "particle_weight": 8.032598963696062e+16
  }
}