{
  "beam": {
    "particle_momentum_x": 1.23354870289582e-22,
    "particle_momentum_y": 1.2196779719499963e-22,
    "particle_momentum_z": 1.4190442252274862e-16,
    "particle_position_x": 2600.999990377266,
    "particle_position_y": 26127.577882561814,
    "particle_theta": 82073.78442166865,
    "particle_weight": 20761165777044.42
  },
  "lev=0": {
    "Ax": 1.384873860947095e-06,
    "Ay": 1.7647543658570477e-23,
    "Az": 1.727163745340317,
    "Bx": 2.1349570823017486e-22,
    "By": 15.461522638943869,
    "Bz": 2.244070904010023e-22,
    "Ex": 4333723927.697012,
    "Ey": 5.886586932940947e-20,
    "Ez": 522070840.0155388,
    "jx": 276.07053443692695,
    "jy": 2.5032775945199203e-14,
    "jz": 207219729.9164319,
    "phi": 479458089.18270504,
    "rho": 0.6946928322536624
  }
}