{
  "lev=0": {
    "rho_electrons": 0.00443743609125863,
    "rho_he_ions": 0.005198801518328451
  },
  "neutrals": {
    "particle_momentum_x": 1.404700281648976e-19,
    "particle_momentum_y": 1.4028127127618884e-19,
    "particle_momentum_z": 1.4090901433394346e-19,
    "particle_position_x": 1120.7727446759352,
    "particle_weight": 6.4588e+19
  },
  "he_ions": {
    "particle_momentum_x": 2.770386771117138e-19,
    "particle_momentum_y": 2.7568040242914223e-19,
    "particle_momentum_z": 3.619756966185903e-19,
    "particle_position_x": 2200.683185473434,
    "particle_weight": 17185500000000.002
  },
  "electrons": {
    "particle_momentum_x": 3.5129762363657864e-20,
    "particle_momentum_y": 3.5431134517510143e-20,
    "particle_momentum_z": 1.2592093336142964e-19,
    "particle_position_x": 2142.0662480700303,
    "particle_weight": 14593699218750.002
  }
}
