{
  "lev=0": {
    "Ex": 2.310258933500955e-13
  },
  "p1": {
    "particle_momentum_x": 1.140349326924761e-14,
    "particle_momentum_y": 9.372095344830678e-15,
    "particle_momentum_z": 2.158962498101315e-14,
    "particle_opticalDepthQSR": 9.333182432220418e+05,
    "particle_position_x": 1.310720008141928e-01,
    "particle_position_y": 1.310719974888995e-01,
    "particle_weight": 2.4999999999999954e-12
  },
  "p2": {
    "particle_momentum_x": 2.071086117348156e-15,
    "particle_momentum_y": 1.744627077708913e-14,
    "particle_momentum_z": 7.805182958521335e-15,
    "particle_opticalDepthQSR": 8.805495864219903e+05,
    "particle_position_x": 1.310720023432016e-01,
    "particle_position_y": 1.310720059795483e-01,
    "particle_weight": 2.4999999999999954e-12
  },
  "p3": {
    "particle_momentum_x": 4.366193500793744e-14,
    "particle_momentum_y": 2.478003988253161e-14,
    "particle_momentum_z": 2.825737765838384e-13,
    "particle_opticalDepthQSR": 7.452775211308162e+05,
    "particle_position_x": 1.310728081652575e-01,
    "particle_position_y": 1.310720737282286e-01,
    "particle_weight": 2.4999999999999954e-12
  },
  "p4": {
    "particle_momentum_x": 1.568669274190894e-12,
    "particle_momentum_y": 1.589459198209781e-12,
    "particle_momentum_z": 1.610340083236557e-12,
    "particle_opticalDepthQSR": 8.780354512724415e+05,
    "particle_position_x": 1.310721188263106e-01,
    "particle_position_y": 1.310720166746625e-01,
    "particle_weight": 2.4999999999999954e-12
  },
  "qsp_1": {
    "particle_momentum_x": 7.964566923387586e-18,
    "particle_momentum_y": 2.882983074374163e-18,
    "particle_momentum_z": 8.630849787613317e-18,
    "particle_opticalDepthBW": 2.271398807009545e+05,
    "particle_position_x": 2.837973728703766e-02,
    "particle_position_y": 2.840287320106940e-02,
    "particle_weight": 5.416774749755860e-13
  },
  "qsp_2": {
    "particle_momentum_x": 1.252837926937528e-19,
    "particle_momentum_y": 6.871713184911745e-17,
    "particle_momentum_z": 5.473011528118156e-18,
    "particle_opticalDepthBW": 1.516194359232640e+05,
    "particle_position_x": 1.897872632154887e-02,
    "particle_position_y": 1.892998689440130e-02,
    "particle_weight": 3.611183166503906e-13
  },
  "qsp_3": {
    "particle_momentum_x": 7.886304091455133e-16,
    "particle_momentum_y": 4.019288136519303e-16,
    "particle_momentum_z": 2.007176097643083e-14,
    "particle_opticalDepthBW": 4.278771235635406e+05,
    "particle_position_x": 5.368744125014824e-02,
    "particle_position_y": 5.366905634505176e-02,
    "particle_weight": 1.023793220520020e-12
  },
  "qsp_4": {
    "particle_momentum_x": 6.361545282178759e-14,
    "particle_momentum_y": 6.381622393410309e-14,
    "particle_momentum_z": 6.402159959673725e-14,
    "particle_opticalDepthBW": 1.834280871942040e+05,
    "particle_position_x": 2.335495696160912e-02,
    "particle_position_y": 2.334315437183354e-02,
    "particle_weight": 4.456758499145506e-13
  }
}
