{
  "ele_schwinger": {
    "particle_Bx": 2.427093992133572,
    "particle_By": 1707847966720000.0,
    "particle_Bz": 0.6242327166731325,
    "particle_Ex": 2188892724.1036925,
    "particle_Ey": 0.0,
    "particle_Ez": 5.119999999998235e+23,
    "particle_cpu": 1024.0,
    "particle_id": 1049600.0,
    "particle_momentum_x": 6.569424596732217e-12,
    "particle_momentum_y": 3.415212333138646e-27,
    "particle_momentum_z": 5.1218221748103205e-12,
    "particle_position_x": 0.0005120000000000001,
    "particle_position_y": 0.0005120000000000001,
    "particle_position_z": 0.0005119999999999999,
    "particle_weight": 114328.87383674482
  },
  "lev=0": {
    "Bx": 1.441004104936505,
    "By": 1707847966720000.0,
    "Bz": 0.38442074932274817,
    "Ex": 1361894016.1477604,
    "Ey": 0.0,
    "Ez": 5.1199999999982344e+23,
    "jx": 199669613019137.0,
    "jy": 0.0,
    "jz": 1.5904938638728516e+16
  },
  "pos_schwinger": {
    "particle_Bx": 2.430982029295568,
    "particle_By": 1707847966720000.0,
    "particle_Bz": 0.6207425407373603,
    "particle_Ex": 2168497653.9804187,
    "particle_Ey": 0.0,
    "particle_Ez": 5.1199999999982344e+23,
    "particle_cpu": 1024.0,
    "particle_id": 3146752.0,
    "particle_momentum_x": 6.569424596732212e-12,
    "particle_momentum_y": 3.586849036941235e-27,
    "particle_momentum_z": 5.121822174810287e-12,
    "particle_position_x": 0.0005120000000000001,
    "particle_position_y": 0.0005120000000000001,
    "particle_position_z": 0.000512,
    "particle_weight": 114328.87383674482
  }
}