{
  "ele_bw": {
    "particle_cpu": 7868.0,
    "particle_id": 909726920.0,
    "particle_momentum_x": 2.5371833905509472e-14,
    "particle_momentum_y": 2.3900945928864857e-14,
    "particle_momentum_z": 3.195830540752922e-14,
    "particle_position_x": 0.0038628680559308396,
    "particle_position_y": 0.0038691826866907985,
    "particle_position_z": 0.0019396899450056522,
    "particle_weight": 4.751892089843749
  },
  "lev=0": {
    "Ex": 18418958.618769623
  },
  "p1": {
    "particle_cpu": 5543.0,
    "particle_id": 47499255.0,
    "particle_momentum_x": 6.069752862017886e-15,
    "particle_momentum_y": 0.0,
    "particle_momentum_z": 0.0,
    "particle_optical_depth_BW": 11151.849063257036,
    "particle_position_x": 0.0027782891957751693,
    "particle_position_y": 0.002784171875,
    "particle_position_z": 0.0013972031249999998
  },
  "p2": {
    "particle_cpu": 7827.0,
    "particle_id": 199091206.0,
    "particle_momentum_x": 0.0,
    "particle_momentum_y": 2.1396793698330848e-14,
    "particle_momentum_z": 0.0,
    "particle_optical_depth_BW": 15965.491577214689,
    "particle_position_x": 0.00392103125,
    "particle_position_y": 0.003911447515877365,
    "particle_position_z": 0.0019578749999999995
  },
  "p3": {
    "particle_cpu": 4835.0,
    "particle_id": 205936781.0,
    "particle_momentum_x": 0.0,
    "particle_momentum_y": 0.0,
    "particle_momentum_z": 2.6612859552040087e-14,
    "particle_optical_depth_BW": 9728.073455792824,
    "particle_position_x": 0.002453390625,
    "particle_position_y": 0.002459640625,
    "particle_position_z": 0.0012191973174102994
  },
  "p4": {
    "particle_cpu": 6696.0,
    "particle_id": 397669037.0,
    "particle_momentum_x": 2.118611807411617e-13,
    "particle_momentum_y": 2.118611807411617e-13,
    "particle_momentum_z": 2.118611807411617e-13,
    "particle_optical_depth_BW": 13376.081619606364,
    "particle_position_x": 0.003368619791666666,
    "particle_position_y": 0.0033608489583333333,
    "particle_position_z": 0.0016801197916666664
  },
  "pos_bw": {
    "particle_cpu": 7868.0,
    "particle_id": 911804493.0,
    "particle_momentum_x": 2.5161516094347012e-14,
    "particle_momentum_y": 2.4559377145598413e-14,
    "particle_momentum_z": 3.330888308559405e-14,
    "particle_position_x": 0.0038621659133009625,
    "particle_position_y": 0.003867460692695544,
    "particle_position_z": 0.0019361455637321736,
    "particle_weight": 4.751892089843749
  }
}