{
  "ele_schwinger": {
    "particle_momentum_x": 0.0000000000036953013356618679404339996551,
    "particle_momentum_y": 1.071898752739813e-26,
    "particle_momentum_z": 0.0000000000028810249733308377960296374853,
    "particle_position_x": 0.0002880000000000000615063555642336723395,
    "particle_position_y": 0.0002159999999999999919196580489000325542,
    "particle_position_z": 0.0002540000004700523764458730546778042481,
    "particle_weight": 63968.7024717521271668374538421630859375000000
  },
  "lev=0": {
    "Bx": 10.2823324587886126835201139329001307487488,
    "By": 1707847966720000.0,
    "Bz": 0.5093466537801442095556581080018077045679,
    "Ex": 3460290775.8437714576721191406250000000000000000000,
    "Ey": 0.0,
    "Ez": 5.119999999998239e+23,
    "jx": 354749214244724.1250000000000000000000000000000000000000,
    "jy": 0.0,
    "jz": 8899049325589567.0000000000000000000000000000000000000000
  },
  "pos_schwinger": {
    "particle_momentum_x": 0.0000000000036953013356618671326404327088,
    "particle_momentum_y": 1.087938891529572e-26,
    "particle_momentum_z": 0.0000000000028810249733308252752293498174,
    "particle_position_x": 0.0002880000000000000072962469399584506391,
    "particle_position_y": 0.0002159999999999999919196580489000325542,
    "particle_position_z": 0.0002379999995299475479271222866373136640,
    "particle_weight": 63968.7024717521271668374538421630859375000000
  }
}
