{
  "lev=0": {
    "Bx": 0.0,
    "By": 0.0,
    "Bz": 0.0,
    "Ex": 0.0,
    "Ey": 0.0,
    "Ez": 0.0,
    "jx": 0.0,
    "jy": 0.0,
    "jz": 0.0
  },
  "photons": {
    "particle_cpu": 28800.0,
    "particle_id": 897828480.0,
    "particle_momentum_x": 1.257725971841766e-15,
    "particle_momentum_y": 1.2533271477501288e-15,
    "particle_momentum_z": 1.2567654312332688e-15,
    "particle_optical_depth_BW": 57886.05893096988,
    "particle_position_x": 0.8640051523469104,
    "particle_position_y": 0.8640331757950863,
    "particle_weight": 36000000000.0
  }
}