{
  "ele1": {
    "particle_cpu": 75032.0,
    "particle_id": 322639139372.0,
    "particle_momentum_x": 4.09769068083714937569857114e-14,
    "particle_momentum_y": 0.0,
    "particle_momentum_z": 0.0,
    "particle_opticalDepthQSR": 149795.7110893558128736913204193115234375000000,
    "particle_position_x": 0.0374394067025573,
    "particle_position_y": 0.03750066406250001,
    "particle_position_z": 0.037341921875,
    "particle_weight": 1.4289093017578123
  },
  "ele2": {
    "particle_cpu": 9793.0,
    "particle_id": 4.396107317200000e+10,
    "particle_momentum_x": 0.0,
    "particle_momentum_y": 1.32721307693240310365736405e-14,
    "particle_momentum_z": 0.0,
    "particle_opticalDepthQSR": 19478.5291867527776048518717288970947265625000,
    "particle_position_x": 0.00487769140625,
    "particle_position_y": 0.004883663375988306,
    "particle_position_z": 0.0048729921874999995,
    "particle_weight": 0.18597602844238278
  },
  "ele3": {
    "particle_cpu": 9.923400000000000e+04,
    "particle_id": 4.646949065270000e+11,
    "particle_momentum_x": 0.0,
    "particle_momentum_y": 0.0,
    "particle_momentum_z": 2.711548044271540e-13,
    "particle_opticalDepthQSR": 1.984460803517255e+05,
    "particle_position_x": 0.04959472265624999,
    "particle_position_y": 0.049601199218749996,
    "particle_position_z": 0.049660153352435205,
    "particle_weight": 1.8931293487548826
  },
  "ele4": {
    "particle_cpu": 3.914200000000000e+04,
    "particle_id": 1.958835082130000e+11,
    "particle_momentum_x": 6.189976039677416e-13,
    "particle_momentum_y": 6.189976039677416e-13,
    "particle_momentum_z": 6.189976039677416e-13,
    "particle_opticalDepthQSR": 7.852315273174096e+04,
    "particle_position_x": 0.019598247395833334,
    "particle_position_y": 0.019667958333333336,
    "particle_position_z": 0.019563541666666667,
    "particle_weight": 0.7489013671874999
  },
  "lev=0": {
    "Ex": 0.0
  },
  "p1": {
    "particle_cpu": 449256.0,
    "particle_id": 235491419135.0,
    "particle_momentum_x": 4.908804072906878e-13,
    "particle_momentum_y": 0.0,
    "particle_momentum_z": 0.0,
    "particle_opticalDepthBW": 7.819608028275725e+05,
    "particle_position_x": 2.247034657469716e-01,
    "particle_position_y": 0.2246433359375,
    "particle_position_z": 0.22480207812499997,
    "particle_weight": 8.571090698242186
  },
  "p2": {
    "particle_cpu": 514495.0,
    "particle_id": 809317053396.0,
    "particle_momentum_x": 0.0,
    "particle_momentum_y": 1.4051630807345168e-12,
    "particle_momentum_z": 0.0,
    "particle_opticalDepthBW": 1.009495369033705e+06,
    "particle_position_x": 0.25726630859374994,
    "particle_position_y": 2.572655908945999e-01,
    "particle_position_z": 0.25727100781249995,
    "particle_weight": 9.814023971557615
  },
  "p3": {
    "particle_cpu": 425133.0,
    "particle_id": 1114131389020.0,
    "particle_momentum_x": 0.0,
    "particle_momentum_y": 0.0,
    "particle_momentum_z": 2.321468823070715e-12,
    "particle_opticalDepthBW": 7.062292233305923e+05,
    "particle_position_x": 0.21254927734374993,
    "particle_position_y": 0.21254280078124993,
    "particle_position_z": 2.124855863095139e-01,
    "particle_weight": 8.106870651245115
  },
  "p4": {
    "particle_cpu": 485233.0,
    "particle_id": 1779979854691.0,
    "particle_momentum_x": 1.5294746941698488e-11,
    "particle_momentum_y": 1.5294746941698488e-11,
    "particle_momentum_z": 1.5294746941698488e-11,
    "particle_opticalDepthBW": 8.990253739417440e+05,
    "particle_position_x": 2.425470885416667e-01,
    "particle_position_y": 2.424661328125000e-01,
    "particle_position_z": 2.425871354166667e-01,
    "particle_weight": 9.251098632812498
  },
  "pos1": {
    "particle_cpu": 75032.0,
    "particle_id": 328251649436.0,
    "particle_momentum_x": 4.08590066787212354571248997e-14,
    "particle_momentum_y": 0.0,
    "particle_momentum_z": 0.0,
    "particle_opticalDepthQSR": 149619.0538811495061963796615600585937500000000,
    "particle_position_x": 0.0374394067025573,
    "particle_position_y": 0.03750066406250001,
    "particle_position_z": 0.037341921875,
    "particle_weight": 1.4289093017578123
  },
  "pos2": {
    "particle_cpu": 9793.0,
    "particle_id": 4.405615196300000e+10,
    "particle_momentum_x": 0.0,
    "particle_momentum_y": 1.33557460646864680765462173e-14,
    "particle_momentum_z": 0.0,
    "particle_opticalDepthQSR": 19267.4952943192693055607378482818603515625000,
    "particle_position_x": 0.00487769140625,
    "particle_position_y": 0.004883663375988306,
    "particle_position_z": 0.0048729921874999995,
    "particle_weight": 0.18597602844238278
  },
  "pos3": {
    "particle_cpu": 9.923400000000000e+04,
    "particle_id": 4.745464324800000e+11,
    "particle_momentum_x": 0.0,
    "particle_momentum_y": 0.0,
    "particle_momentum_z": 2.709582613108314e-13,
    "particle_opticalDepthQSR": 1.990896442440489e+05,
    "particle_position_x": 0.04959472265624999,
    "particle_position_y": 0.049601199218749996,
    "particle_position_z": 0.049660153352435205,
    "particle_weight": 1.8931293487548826
  },
  "pos4": {
    "particle_cpu": 3.914200000000000e+04,
    "particle_id": 1.974252396110000e+11,
    "particle_momentum_x": 6.191533794665118e-13,
    "particle_momentum_y": 6.191533794665118e-13,
    "particle_momentum_z": 6.191533794665118e-13,
    "particle_opticalDepthQSR": 7.838489768265710e+04,
    "particle_position_x": 0.019598247395833334,
    "particle_position_y": 0.019667958333333336,
    "particle_position_z": 0.019563541666666667,
    "particle_weight": 0.7489013671874999
  }
}
