{
  "ele_schwinger": {
    "particle_cpu": 1024.0,
    "particle_id": 1573888.0,
    "particle_momentum_x": 1.2538560192562119145907523613836e-09,
    "particle_momentum_y": 7.98841234718825980904544944075e-11,
    "particle_momentum_z": 2.802314569448479707680714186416e-10,
    "particle_position_x": 0.0005120000000000001,
    "particle_position_y": 0.000512,
    "particle_position_z": 0.000512,
    "particle_weight": 8.3009747141536481280e+19
  },
  "lev=0": {
    "Bx": 3439183579241.8213,
    "By": 1076561948990.9731,
    "Bz": 3760851107750.2676,
    "Ex": 1.61382622190626294479192064e+26,
    "Ey": 1.0214830510117843745374208e+25,
    "Ez": 3.5684390178813696941228032e+25,
    "jx": 1.4539783886540389390252047859712e+31,
    "jy": 9.20294522889443324046591655936e+29,
    "jz": 3.214947991714962836023450533888e+30
  },
  "pos_schwinger": {
    "particle_cpu": 1024.0,
    "particle_id": 2622464.0,
    "particle_momentum_x": 1.2705199397782006324793234588533e-09,
    "particle_momentum_y": 8.00263182163650910948918243636e-11,
    "particle_momentum_z": 2.809319203195289649657045801174e-10,
    "particle_position_x": 0.0005120000000000001,
    "particle_position_y": 0.000512,
    "particle_position_z": 0.000512,
    "particle_weight": 8.3009747141536481280e+19
  }
}
