{
  "ele1": {
    "particle_cpu": 75032.0,
    "particle_id": 322639139372.0,
    "particle_momentum_x": 4.0897854228962374e-14,
    "particle_momentum_y": 0.0,
    "particle_momentum_z": 0.0,
    "particle_optical_depth_QSR": 149880.74678517494,
    "particle_position_x": 0.0374394067025573,
    "particle_position_y": 0.03750066406250001,
    "particle_position_z": 0.037341921875,
    "particle_weight": 1.4289093017578123
  },
  "ele2": {
    "particle_cpu": 9793.0,
    "particle_id": 43961074159.0,
    "particle_momentum_x": 0.0,
    "particle_momentum_y": 1.3312589623742914e-14,
    "particle_momentum_z": 0.0,
    "particle_optical_depth_QSR": 19479.48663743182,
    "particle_position_x": 0.00487769140625,
    "particle_position_y": 0.004883663375988306,
    "particle_position_z": 0.0048729921874999995,
    "particle_weight": 0.18597602844238278
  },
  "ele3": {
    "particle_cpu": 99155.0,
    "particle_id": 464694872011.0,
    "particle_momentum_x": 0.0,
    "particle_momentum_y": 0.0,
    "particle_momentum_z": 2.711365520034401e-13,
    "particle_optical_depth_QSR": 198913.01145102282,
    "particle_position_x": 0.04959472265624999,
    "particle_position_y": 0.049601199218749996,
    "particle_position_z": 0.049660153352435205,
    "particle_weight": 1.8931293487548826
  },
  "ele4": {
    "particle_cpu": 39055.0,
    "particle_id": 195502228425.0,
    "particle_momentum_x": 6.193421025037789e-13,
    "particle_momentum_y": 6.193421025037789e-13,
    "particle_momentum_z": 6.193421025037789e-13,
    "particle_optical_depth_QSR": 77957.90015282137,
    "particle_position_x": 0.019598247395833334,
    "particle_position_y": 0.019667958333333336,
    "particle_position_z": 0.019563541666666667,
    "particle_weight": 0.7489013671874999
  },
  "lev=0": {
    "Ex": 0.0
  },
  "p1": {
    "particle_cpu": 449256.0,
    "particle_id": 235491419135.0,
    "particle_momentum_x": 4.908804072906878e-13,
    "particle_momentum_y": 0.0,
    "particle_momentum_z": 0.0,
    "particle_optical_depth_BW": 900178.7606581703,
    "particle_position_x": 0.22470459329744272,
    "particle_position_y": 0.2246433359375,
    "particle_position_z": 0.22480207812499997,
    "particle_weight": 8.571090698242186
  },
  "p2": {
    "particle_cpu": 514495.0,
    "particle_id": 809317053396.0,
    "particle_momentum_x": 0.0,
    "particle_momentum_y": 1.4051630807345168e-12,
    "particle_momentum_z": 0.0,
    "particle_optical_depth_BW": 1028419.7570255434,
    "particle_position_x": 0.25726630859374994,
    "particle_position_y": 0.2572603366240118,
    "particle_position_z": 0.25727100781249995,
    "particle_weight": 9.814023971557615
  },
  "p3": {
    "particle_cpu": 425133.0,
    "particle_id": 1114131389020.0,
    "particle_momentum_x": 0.0,
    "particle_momentum_y": 0.0,
    "particle_momentum_z": 2.321468823070715e-12,
    "particle_optical_depth_BW": 849662.7634565933,
    "particle_position_x": 0.21254927734374993,
    "particle_position_y": 0.21254280078124993,
    "particle_position_z": 0.21248384664756478,
    "particle_weight": 8.106870651245115
  },
  "p4": {
    "particle_cpu": 485233.0,
    "particle_id": 1779979854691.0,
    "particle_momentum_x": 1.5294746941698488e-11,
    "particle_momentum_y": 1.5294746941698488e-11,
    "particle_momentum_z": 1.5294746941698488e-11,
    "particle_optical_depth_BW": 969220.1746435867,
    "particle_position_x": 0.2425457526041667,
    "particle_position_y": 0.24247604166666667,
    "particle_position_z": 0.24258045833333322,
    "particle_weight": 9.251098632812498
  },
  "pos1": {
    "particle_cpu": 75032.0,
    "particle_id": 328251649436.0,
    "particle_momentum_x": 4.093805919184031e-14,
    "particle_momentum_y": 0.0,
    "particle_momentum_z": 0.0,
    "particle_optical_depth_QSR": 150046.5133506424,
    "particle_position_x": 0.0374394067025573,
    "particle_position_y": 0.03750066406250001,
    "particle_position_z": 0.037341921875,
    "particle_weight": 1.4289093017578123
  },
  "pos2": {
    "particle_cpu": 9793.0,
    "particle_id": 44056150976.0,
    "particle_momentum_x": 0.0,
    "particle_momentum_y": 1.3315287201956915e-14,
    "particle_momentum_z": 0.0,
    "particle_optical_depth_QSR": 19551.60495686727,
    "particle_position_x": 0.00487769140625,
    "particle_position_y": 0.004883663375988306,
    "particle_position_z": 0.0048729921874999995,
    "particle_weight": 0.18597602844238278
  },
  "pos3": {
    "particle_cpu": 99155.0,
    "particle_id": 474546404744.0,
    "particle_momentum_x": 0.0,
    "particle_momentum_y": 0.0,
    "particle_momentum_z": 2.7097651371595836e-13,
    "particle_optical_depth_QSR": 198450.8855569255,
    "particle_position_x": 0.04959472265624999,
    "particle_position_y": 0.049601199218749996,
    "particle_position_z": 0.049660153352435205,
    "particle_weight": 1.8931293487548826
  },
  "pos4": {
    "particle_cpu": 39055.0,
    "particle_id": 197806670627.0,
    "particle_momentum_x": 6.188088811886082e-13,
    "particle_momentum_y": 6.188088811886082e-13,
    "particle_momentum_z": 6.188088811886082e-13,
    "particle_optical_depth_QSR": 78732.25841661541,
    "particle_position_x": 0.019598247395833334,
    "particle_position_y": 0.019667958333333336,
    "particle_position_z": 0.019563541666666667,
    "particle_weight": 0.7489013671874999
  }
}