{
  "lev=0": {
    "Ex": 2.4557665520375066e-13
  },
  "p1": {
    "particle_cpu": 0.0,
    "particle_id": 558346272768.0,
    "particle_momentum_x": 6.896806070401105e-15,
    "particle_momentum_y": 4.654475643144746e-15,
    "particle_momentum_z": 1.0697888627113783e-14,
    "particle_optical_depth_QSR": 1048955.1020769826,
    "particle_position_x": 0.13107200000000008,
    "particle_position_y": 0.13107200000000002,
    "particle_weight": 2.4999999999999954e-12
  },
  "p2": {
    "particle_cpu": 0.0,
    "particle_id": 1692217638912.0,
    "particle_momentum_x": 7.6353638993587235e-16,
    "particle_momentum_y": 2.2841490402296305e-14,
    "particle_momentum_z": 3.9081407853600924e-15,
    "particle_optical_depth_QSR": 1048986.4015085495,
    "particle_position_x": 0.13107200000000005,
    "particle_position_y": 0.13107200000000002,
    "particle_weight": 2.4999999999999954e-12
  },
  "p3": {
    "particle_cpu": 0.0,
    "particle_id": 2826089005056.0,
    "particle_momentum_x": 2.1865816990177983e-14,
    "particle_momentum_y": 1.1570044529157772e-14,
    "particle_momentum_z": 2.7484540914565454e-13,
    "particle_optical_depth_QSR": 1049154.8088534898,
    "particle_position_x": 0.13107200000000008,
    "particle_position_y": 0.13107199999999997,
    "particle_weight": 2.4999999999999954e-12
  },
  "p4": {
    "particle_cpu": 0.0,
    "particle_id": 3959960371200.0,
    "particle_momentum_x": 1.5790687246283353e-12,
    "particle_momentum_y": 1.589300366634046e-12,
    "particle_momentum_z": 1.5997042183972317e-12,
    "particle_optical_depth_QSR": 1049754.2779184224,
    "particle_position_x": 0.13107200000000002,
    "particle_position_y": 0.131072,
    "particle_weight": 2.4999999999999954e-12
  },
  "qsp_1": {
    "particle_cpu": 0.0,
    "particle_id": 1008487905673.0,
    "particle_momentum_x": 7.894466224679576e-18,
    "particle_momentum_y": 2.8576082950771815e-18,
    "particle_momentum_z": 8.554884753183266e-18,
    "particle_optical_depth_BW": 227494.49951025267,
    "particle_position_x": 0.028415055941352827,
    "particle_position_y": 0.02834775310936641,
    "particle_weight": 5.416560173034668e-13
  },
  "qsp_2": {
    "particle_cpu": 0.0,
    "particle_id": 701038059822.0,
    "particle_momentum_x": 1.2630963495892117e-19,
    "particle_momentum_y": 6.927979791051522e-17,
    "particle_momentum_z": 5.517825357765073e-18,
    "particle_optical_depth_BW": 151579.70043650703,
    "particle_position_x": 0.01892302220922732,
    "particle_position_y": 0.018964137195133967,
    "particle_weight": 3.6111831665039055e-13
  },
  "qsp_3": {
    "particle_cpu": 0.0,
    "particle_id": 2114977111824.0,
    "particle_momentum_x": 7.900987111423728e-16,
    "particle_momentum_y": 4.0267713995641533e-16,
    "particle_momentum_z": 2.0109131342042406e-14,
    "particle_optical_depth_BW": 429783.72938308027,
    "particle_position_x": 0.053834053478149305,
    "particle_position_y": 0.053712181634747606,
    "particle_weight": 1.0250711441040043e-12
  },
  "qsp_4": {
    "particle_cpu": 0.0,
    "particle_id": 974719680146.0,
    "particle_momentum_x": 6.373314404821041e-14,
    "particle_momentum_y": 6.393428659541145e-14,
    "particle_momentum_z": 6.414004221154027e-14,
    "particle_optical_depth_BW": 186195.1656095927,
    "particle_position_x": 0.023341126687714882,
    "particle_position_y": 0.023331879243371344,
    "particle_weight": 4.4456243515014636e-13
  }
}