{
  "lev=0": {
    "Ex": 2.786753684989306e-12
  },
  "p1": {
    "particle_cpu": 524288.0,
    "particle_id": 274878431232.0,
    "particle_momentum_x": 1.741631048990957e-14,
    "particle_momentum_y": 1.407382568220122e-14,
    "particle_momentum_z": 3.483802056536476e-14,
    "particle_opticalDepthQSR": 8.933779081978328e+05,
    "particle_position_x": 1.310720004885732e-01,
    "particle_position_y": 1.310720093340796e-01,
    "particle_position_z": 1.310719997586510e-01,
    "particle_weight": 1.2499999999999974e-18
  },
  "p2": {
    "particle_cpu": 524288.0,
    "particle_id": 824634245120.0,
    "particle_momentum_x": 7.361130113499369e-16,
    "particle_momentum_y": 1.518077832724208e-14,
    "particle_momentum_z": 1.603495173491284e-14,
    "particle_opticalDepthQSR": 7.969064947837949e+05,
    "particle_position_x": 1.310720358386720e-01,
    "particle_position_y": 1.310719229542310e-01,
    "particle_position_z": 1.310718889165358e-01,
    "particle_weight": 1.2499999999999974e-18
  },
  "p3": {
    "particle_cpu": 524288.0,
    "particle_id": 1374390059008.0,
    "particle_momentum_x": 6.887270621502783e-14,
    "particle_momentum_y": 4.244572662732333e-14,
    "particle_momentum_z": 2.829302046630217e-13,
    "particle_opticalDepthQSR": 7.343210555187558e+05,
    "particle_position_x": 1.310693933297537e-01,
    "particle_position_y": 1.310735808915076e-01,
    "particle_position_z": 1.310720598309606e-01,
    "particle_weight": 1.2499999999999974e-18
  },
  "p4": {
    "particle_cpu": 524288.0,
    "particle_id": 1924145872896.0,
    "particle_momentum_x": 1.520397879526353e-12,
    "particle_momentum_y": 1.554435446902422e-12,
    "particle_momentum_z": 1.588048115040964e-12,
    "particle_opticalDepthQSR": 8.060087388515751e+05,
    "particle_position_x": 1.310719895430874e-01,
    "particle_position_y": 1.310721330096115e-01,
    "particle_position_z": 1.310722194126596e-01,
    "particle_weight": 1.2499999999999974e-18
  },
  "qsp_1": {
    "particle_cpu": 1.400740000000000e+05,
    "particle_id": 6.070061074230000e+11,
    "particle_momentum_x": 1.488735151304356e-17,
    "particle_momentum_y": 5.924036687872583e-18,
    "particle_momentum_z": 2.001829024164515e-17,
    "particle_opticalDepthBW": 2.801119479594263e+05,
    "particle_position_x": 3.501229062079142e-02,
    "particle_position_y": 3.501347365076974e-02,
    "particle_position_z": 3.500777875885852e-02,
    "particle_weight": 3.338909149169922e-19
  },
  "qsp_2": {
    "particle_cpu": 1.321710000000000e+05,
    "particle_id": 6.071037641990000e+11,
    "particle_momentum_x": 3.578117929640622e-18,
    "particle_momentum_y": 1.223998299528126e-16,
    "particle_momentum_z": 1.923837611883339e-17,
    "particle_opticalDepthBW": 2.635552834158868e+05,
    "particle_position_x": 3.294367458762226e-02,
    "particle_position_y": 3.295198666244772e-02,
    "particle_position_z": 3.295825016292063e-02,
    "particle_weight": 3.142297267913819e-19
  },
  "qsp_3": {
    "particle_cpu": 3.002850000000000e+05,
    "particle_id": 1.512777290668000e+12,
    "particle_momentum_x": 1.786622846697726e-15,
    "particle_momentum_y": 9.308159337722657e-16,
    "particle_momentum_z": 2.825511784056859e-14,
    "particle_opticalDepthBW": 5.964674808548936e+05,
    "particle_position_x": 7.505588453131683e-02,
    "particle_position_y": 7.505738223085265e-02,
    "particle_position_z": 7.508592403870636e-02,
    "particle_weight": 7.158422470092766e-19
  },
  "qsp_4": {
    "particle_cpu": 1.437930000000000e+05,
    "particle_id": 7.879430118700000e+11,
    "particle_momentum_x": 9.853699228774894e-14,
    "particle_momentum_y": 9.904668082148487e-14,
    "particle_momentum_z": 9.956637922920388e-14,
    "particle_opticalDepthBW": 2.808992369177763e+05,
    "particle_position_x": 3.589732929058465e-02,
    "particle_position_y": 3.591690864961460e-02,
    "particle_position_z": 3.593357485971770e-02,
    "particle_weight": 3.426551818847657e-19
  }
}
