{
  "ele_schwinger": {
    "particle_cpu": 1024.0,
    "particle_id": 1573888.0,
    "particle_momentum_x": 6.569424596732217e-12,
    "particle_momentum_y": 3.358784455760675e-27,
    "particle_momentum_z": 5.121822174810324e-12,
    "particle_position_x": 0.0005120000000000001,
    "particle_position_y": 0.0005120000000000001,
    "particle_position_z": 0.0005119999999999999,
    "particle_weight": 114054.59650147014
  },
  "lev=0": {
    "Bx": 1.4000444810733876,
    "By": 1707847966720000.0,
    "Bz": 0.3684660869216436,
    "Ex": 1316425744.6551433,
    "Ey": 0.0,
    "Ez": 5.119999999998239e+23,
    "jx": 195136858233472.38,
    "jy": 0.0,
    "jz": 1.5866782361655698e+16
  },
  "pos_schwinger": {
    "particle_cpu": 1024.0,
    "particle_id": 2622464.0,
    "particle_momentum_x": 6.569424596732212e-12,
    "particle_momentum_y": 3.4619573459705485e-27,
    "particle_momentum_z": 5.1218221748102914e-12,
    "particle_position_x": 0.0005120000000000001,
    "particle_position_y": 0.0005120000000000001,
    "particle_position_z": 0.000512,
    "particle_weight": 114054.59650147012
  }
}