{
  "ele1": {
    "particle_cpu": 47332.0,
    "particle_id": 208154445255.0,
    "particle_momentum_x": 2.5805499039256087e-14,
    "particle_momentum_y": 0.0,
    "particle_momentum_z": 0.0,
    "particle_optical_depth_QSR": 94529.51365080816,
    "particle_position_x": 0.0236641383450765,
    "particle_position_y": 0.02351792724609375,
    "particle_weight": 900621.4141845703
  },
  "ele2": {
    "particle_cpu": 6073.0,
    "particle_id": 27111876748.0,
    "particle_momentum_x": 0.0,
    "particle_momentum_y": 8.181219259274907e-15,
    "particle_momentum_z": 0.0,
    "particle_optical_depth_QSR": 12119.408123762356,
    "particle_position_x": 0.00300684326171875,
    "particle_position_y": 0.00299909619140625,
    "particle_weight": 114240.64636230469
  },
  "ele3": {
    "particle_cpu": 63189.0,
    "particle_id": 293992974893.0,
    "particle_momentum_x": 0.0,
    "particle_momentum_y": 0.0,
    "particle_momentum_z": 1.7239270362402953e-13,
    "particle_optical_depth_QSR": 126933.6931899759,
    "particle_position_x": 0.0316306396484375,
    "particle_position_y": 0.03171556895151163,
    "particle_weight": 1206226.3488769531
  },
  "ele4": {
    "particle_cpu": 24210.0,
    "particle_id": 117487341191.0,
    "particle_momentum_x": 3.8458857569622376e-13,
    "particle_momentum_y": 3.8458857569622376e-13,
    "particle_momentum_z": 3.8458857569622376e-13,
    "particle_optical_depth_QSR": 48515.612706283275,
    "particle_position_x": 0.012101709192233077,
    "particle_position_y": 0.012111250324900506,
    "particle_weight": 463647.84240722656
  },
  "lev=0": {
    "Ex": 0.0
  },
  "p1": {
    "particle_cpu": 476956.0,
    "particle_id": 257854228043.0,
    "particle_momentum_x": 5.211363201667322e-13,
    "particle_momentum_y": 0.0,
    "particle_momentum_z": 0.0,
    "particle_optical_depth_BW": 955462.1120497078,
    "particle_position_x": 0.23847986165492352,
    "particle_position_y": 0.2386260727539063,
    "particle_weight": 9099378.58581543
  },
  "p2": {
    "particle_cpu": 518215.0,
    "particle_id": 840692712768.0,
    "particle_momentum_x": 0.0,
    "particle_momentum_y": 1.4154340878946218e-12,
    "particle_momentum_z": 0.0,
    "particle_optical_depth_BW": 1035921.4604132524,
    "particle_position_x": 0.25913715673828125,
    "particle_position_y": 0.2591449038085938,
    "particle_weight": 9885759.353637695
  },
  "p3": {
    "particle_cpu": 461099.0,
    "particle_id": 1246333912261.0,
    "particle_momentum_x": 0.0,
    "particle_momentum_y": 0.0,
    "particle_momentum_z": 2.5181691242461693e-12,
    "particle_optical_depth_BW": 921660.859376024,
    "particle_position_x": 0.23051336035156236,
    "particle_position_y": 0.23042843104848845,
    "particle_weight": 8793773.651123047
  },
  "p4": {
    "particle_cpu": 500078.0,
    "particle_id": 1892252377690.0,
    "particle_momentum_x": 1.576635368257434e-11,
    "particle_momentum_y": 1.576635368257434e-11,
    "particle_momentum_z": 1.576635368257434e-11,
    "particle_optical_depth_BW": 999134.306723253,
    "particle_position_x": 0.2500422908077668,
    "particle_position_y": 0.2500327496750996,
    "particle_weight": 9536352.157592773
  },
  "pos1": {
    "particle_cpu": 47332.0,
    "particle_id": 209269334336.0,
    "particle_momentum_x": 2.5774524957415653e-14,
    "particle_momentum_y": 0.0,
    "particle_momentum_z": 0.0,
    "particle_optical_depth_QSR": 94487.08418566745,
    "particle_position_x": 0.0236641383450765,
    "particle_position_y": 0.02351792724609375,
    "particle_weight": 900621.4141845703
  },
  "pos2": {
    "particle_cpu": 6073.0,
    "particle_id": 27129825153.0,
    "particle_momentum_x": 0.0,
    "particle_momentum_y": 8.175651491870845e-15,
    "particle_momentum_z": 0.0,
    "particle_optical_depth_QSR": 12107.084906198124,
    "particle_position_x": 0.00300684326171875,
    "particle_position_y": 0.00299909619140625,
    "particle_weight": 114240.64636230469
  },
  "pos3": {
    "particle_cpu": 63189.0,
    "particle_id": 295992769545.0,
    "particle_momentum_x": 0.0,
    "particle_momentum_y": 0.0,
    "particle_momentum_z": 1.7302007224348058e-13,
    "particle_optical_depth_QSR": 126921.70392915004,
    "particle_position_x": 0.0316306396484375,
    "particle_position_y": 0.03171556895151163,
    "particle_weight": 1206226.3488769531
  },
  "pos4": {
    "particle_cpu": 24210.0,
    "particle_id": 117782832604.0,
    "particle_momentum_x": 3.819556681707568e-13,
    "particle_momentum_y": 3.819556681707568e-13,
    "particle_momentum_z": 3.819556681707568e-13,
    "particle_optical_depth_QSR": 48555.76006193005,
    "particle_position_x": 0.012101709192233077,
    "particle_position_y": 0.012111250324900506,
    "particle_weight": 463647.84240722656
  }
}