{
  "lev=0": {
    "Ex": 2.4557665520375066e-13
  },
  "p1": {
    "particle_cpu": 524288.0,
    "particle_id": 283468365824.0,
    "particle_momentum_x": 6.896720681154606e-15,
    "particle_momentum_y": 4.65442721493361e-15,
    "particle_momentum_z": 1.0697784809522877e-14,
    "particle_optical_depth_QSR": 1050017.7043132966,
    "particle_position_x": 0.13107200000000005,
    "particle_position_y": 0.13107200000000005,
    "particle_weight": 2.4999999999999954e-12
  },
  "p2": {
    "particle_cpu": 524288.0,
    "particle_id": 850404048896.0,
    "particle_momentum_x": 7.635410429284598e-16,
    "particle_momentum_y": 2.2842044294948856e-14,
    "particle_momentum_z": 3.908183483356968e-15,
    "particle_optical_depth_QSR": 1047801.209100131,
    "particle_position_x": 0.13107200000000005,
    "particle_position_y": 0.13107200000000002,
    "particle_weight": 2.4999999999999954e-12
  },
  "p3": {
    "particle_cpu": 524288.0,
    "particle_id": 1417339731968.0,
    "particle_momentum_x": 2.1866042327279702e-14,
    "particle_momentum_y": 1.1570325026879465e-14,
    "particle_momentum_z": 2.748555038494386e-13,
    "particle_optical_depth_QSR": 1047811.8456221101,
    "particle_position_x": 0.13107200000000008,
    "particle_position_y": 0.13107199999999997,
    "particle_weight": 2.4999999999999954e-12
  },
  "p4": {
    "particle_cpu": 524288.0,
    "particle_id": 1984275415040.0,
    "particle_momentum_x": 1.578998340661716e-12,
    "particle_momentum_y": 1.5892298045897782e-12,
    "particle_momentum_z": 1.599633674781459e-12,
    "particle_optical_depth_QSR": 1047705.2737350528,
    "particle_position_x": 0.131072,
    "particle_position_y": 0.131072,
    "particle_weight": 2.4999999999999954e-12
  },
  "qsp_1": {
    "particle_cpu": 113631.0,
    "particle_id": 504133784608.0,
    "particle_momentum_x": 7.984291107050711e-18,
    "particle_momentum_y": 2.890122757950637e-18,
    "particle_momentum_z": 8.65222401524142e-18,
    "particle_optical_depth_BW": 227786.19626986294,
    "particle_position_x": 0.02842415059751323,
    "particle_position_y": 0.028366287900980804,
    "particle_weight": 5.41532039642334e-13
  },
  "qsp_2": {
    "particle_cpu": 75580.0,
    "particle_id": 350286964246.0,
    "particle_momentum_x": 1.2529890782770424e-19,
    "particle_momentum_y": 6.8725422376011e-17,
    "particle_momentum_z": 5.47367183142305e-18,
    "particle_optical_depth_BW": 151105.119137724,
    "particle_position_x": 0.018942800159203972,
    "particle_position_y": 0.01894445769168039,
    "particle_weight": 3.6090135574340815e-13
  },
  "qsp_3": {
    "particle_cpu": 214526.0,
    "particle_id": 1055960290276.0,
    "particle_momentum_x": 7.896982903714332e-16,
    "particle_momentum_y": 4.024730638219433e-16,
    "particle_momentum_z": 2.0098940066241858e-14,
    "particle_optical_depth_BW": 429306.5492123775,
    "particle_position_x": 0.05366968558982738,
    "particle_position_y": 0.05372977966776185,
    "particle_weight": 1.0237002372741703e-12
  },
  "qsp_4": {
    "particle_cpu": 92823.0,
    "particle_id": 485563514854.0,
    "particle_momentum_x": 6.380333382733917e-14,
    "particle_momentum_y": 6.400469789430317e-14,
    "particle_momentum_z": 6.421068011060158e-14,
    "particle_optical_depth_BW": 185761.1291612443,
    "particle_position_x": 0.023203545419946875,
    "particle_position_y": 0.023219827781454767,
    "particle_weight": 4.4302225112915026e-13
  }
}