{
  "lev=0": {
    "Ex": 2.310159307668832e-13
  },
  "p1": {
    "particle_cpu": 524288.0,
    "particle_id": 283468365824.0,
    "particle_momentum_x": 1.140351800328301e-14,
    "particle_momentum_y": 9.372117777979078e-15,
    "particle_momentum_z": 2.158966321694651e-14,
    "particle_opticalDepthQSR":  9.346381782143957e+05,
    "particle_position_x": 1.310720002727596e-01,
    "particle_position_y": 0.13107200000000005,
    "particle_weight": 2.4999999999999954e-12
  },
  "p2": {
    "particle_cpu": 524288.0,
    "particle_id": 850404048896.0,
    "particle_momentum_x": 2.071046023361380e-15,
    "particle_momentum_y": 1.744580587786242e-14,
    "particle_momentum_z": 7.805176131604591e-15,
    "particle_opticalDepthQSR": 8.787265243528293e+05,
    "particle_position_x": 1.310719982586880e-01,
    "particle_position_y": 1.310720075492451e-01,
    "particle_weight": 2.4999999999999954e-12
  },
  "p3": {
    "particle_cpu": 524288.0,
    "particle_id": 1417339731968.0,
    "particle_momentum_x": 4.366245646939197e-14,
    "particle_momentum_y": 2.477993931943700e-14,
    "particle_momentum_z": 2.825568436197207e-13,
    "particle_opticalDepthQSR": 7.435467927194550e+05,
    "particle_position_x": 1.310716989928828e-01,
    "particle_position_y": 1.310723034042406e-01,
    "particle_weight": 2.4999999999999954e-12
  },
  "p4": {
    "particle_cpu": 524288.0,
    "particle_id": 1984275415040.0,
    "particle_momentum_x": 1.568474278739646e-12,
    "particle_momentum_y": 1.589263736171444e-12,
    "particle_momentum_z": 1.610144140694183e-12,
    "particle_opticalDepthQSR": 8.772255119938927e+05,
    "particle_position_x": 1.310717986466400e-01,
    "particle_position_y": 1.310721420301544e-01,
    "particle_weight": 2.4999999999999954e-12
  },
  "qsp_1": {
    "particle_cpu": 1.136150000000000e+05,
    "particle_id": 5.041448135200000e+11,
    "particle_momentum_x": 7.931590384693179e-18,
    "particle_momentum_y": 2.871046354672775e-18,
    "particle_momentum_z": 8.595114567516027e-18,
    "particle_opticalDepthBW": 2.269816429785321e+05,
    "particle_position_x": 2.842828457374065e-02,
    "particle_position_y": 2.836733063518813e-02,
    "particle_weight": 0.0000000000005415463447570800359762889929
  },
  "qsp_2": {
    "particle_cpu": 7.555300000000000e+04,
    "particle_id": 3.502629428920000e+11,
    "particle_momentum_x": 1.262057718116076e-19,
    "particle_momentum_y": 6.922282982681700e-17,
    "particle_momentum_z": 5.513288105257217e-18,
    "particle_opticalDepthBW": 1.515944442117284e+05,
    "particle_position_x": 1.894184929564511e-02,
    "particle_position_y": 1.894395754672509e-02,
    "particle_weight": 0.0000000000003608798980712890230565097739
  },
  "qsp_3": {
    "particle_cpu": 2.145980000000000e+05,
    "particle_id": 1.055986859391000e+12,
    "particle_momentum_x": 7.893066053717525e-16,
    "particle_momentum_y": 4.022734399101322e-16,
    "particle_momentum_z": 2.008897112819372e-14,
    "particle_opticalDepthBW": 4.263697596216251e+05,
    "particle_position_x": 5.366961785844915e-02,
    "particle_position_y": 5.373042003156626e-02,
    "particle_weight": 1.0237169265747073732665847163e-12
  },
  "qsp_4": {
    "particle_cpu": 9.285200000000000e+04,
    "particle_id": 4.855952238100000e+11,
    "particle_momentum_x": 6.381021662579492e-14,
    "particle_momentum_y": 6.401160241495125e-14,
    "particle_momentum_z": 6.421760685162586e-14,
    "particle_opticalDepthBW": 1.825666302117701e+05,
    "particle_position_x": 2.320640656813635e-02,
    "particle_position_y": 2.322088841702820e-02,
    "particle_weight": 4.430484771728514459905705423e-13
  }
}
