{
  "electrons": {
    "particle_cpu": 28800.0,
    "particle_id": 897828480.0,
    "particle_momentum_x": 1.2577259718364536e-15,
    "particle_momentum_y": 1.2533271477447635e-15,
    "particle_momentum_z": 1.2567654312277259e-15,
    "particle_optical_depth_QSR": 57886.05893096988,
    "particle_position_x": 0.8640051455090565,
    "particle_position_y": 0.8640331765233288,
    "particle_weight": 36000000000.0
  },
  "lev=0": {
    "Bx": 0.07184886279682517,
    "By": 0.10667815989827657,
    "Bz": 0.07109069834396708,
    "Ex": 84573993.77188347,
    "Ey": 82514926.82089016,
    "Ez": 88699981.5687077,
    "jx": 634967161798.5266,
    "jy": 619508037314.5645,
    "jz": 665944376473.1846
  },
  "positrons": {
    "particle_cpu": 28800.0,
    "particle_id": 2682046080.0,
    "particle_momentum_x": 1.2564867705042074e-15,
    "particle_momentum_y": 1.2522720470651854e-15,
    "particle_momentum_z": 1.2506801884403616e-15,
    "particle_optical_depth_QSR": 57542.97683982639,
    "particle_position_x": 0.8641071175220609,
    "particle_position_y": 0.863981764528814,
    "particle_weight": 36000000000.0
  }
}