{
  "ele_schwinger": {
    "particle_Bx": 1.3042937108404336,
    "particle_By": 0.0,
    "particle_Bz": 0.34355719945949736,
    "particle_Ex": 0.0,
    "particle_Ey": 1.3440313353219718e+20,
    "particle_Ez": 0.0,
    "particle_cpu": 612.0,
    "particle_id": 569806.0,
    "particle_momentum_x": 7.289927431168735e-28,
    "particle_momentum_y": 3.174417937250583e-15,
    "particle_momentum_z": 2.9053909906901175e-27,
    "particle_position_x": 0.000309625,
    "particle_position_y": 0.0003071018187921037,
    "particle_position_z": 0.0003086875,
    "particle_weight": 1945.0
  },
  "lev=0": {
    "Bx": 1.065534880533175,
    "By": 0.0,
    "Bz": 0.269093161798295,
    "Ex": 0.0,
    "Ey": 2.2342339080801406e+20,
    "Ez": 0.0,
    "jx": 0.0,
    "jy": 382657865641395.0,
    "jz": 0.0
  },
  "pos_schwinger": {
    "particle_Bx": 1.3064762629867945,
    "particle_By": 0.0,
    "particle_Bz": 0.3469280897189317,
    "particle_Ex": 0.0,
    "particle_Ey": 1.344031335321919e+20,
    "particle_Ez": 0.0,
    "particle_cpu": 612.0,
    "particle_id": 949314.0,
    "particle_momentum_x": 7.57845502016764e-28,
    "particle_momentum_y": 3.174417937250244e-15,
    "particle_momentum_z": 3.006886166062379e-27,
    "particle_position_x": 0.000309625,
    "particle_position_y": 0.0003082803300791878,
    "particle_position_z": 0.0003086875,
    "particle_weight": 1945.0
  }
}