{
  "ele1": {
    "particle_cpu": 47332.0,
    "particle_id": 208154445255.0,
    "particle_momentum_x": 2.57709423107595273180238211e-14,
    "particle_momentum_y": 0.0,
    "particle_momentum_z": 0.0,
    "particle_optical_depth_QSR": 94246.7591341843362897634506225585937500000000,
    "particle_position_x": 0.0236641383450765,
    "particle_position_y": 0.02351792724609375,
    "particle_weight": 900621.4141845703
  },
  "ele2": {
    "particle_cpu": 6073.0,
    "particle_id": 27111876748.0,
    "particle_momentum_x": 0.0,
    "particle_momentum_y": 8.2086150525919434735644915e-15,
    "particle_momentum_z": 0.0,
    "particle_optical_depth_QSR": 12056.8520924949807522352784872055053710937500,
    "particle_position_x": 0.00300684326171875,
    "particle_position_y": 0.00299909619140625,
    "particle_weight": 114240.64636230469
  },
  "ele3": {
    "particle_cpu": 63189.0,
    "particle_id": 293992974893.0,
    "particle_momentum_x": 0.0,
    "particle_momentum_y": 0.0,
    "particle_momentum_z": 1.731528513229529117685226695e-13,
    "particle_optical_depth_QSR": 126358.1854020762402797117829322814941406250000,
    "particle_position_x": 0.0316306396484375,
    "particle_position_y": 0.03171556895151163,
    "particle_weight": 1206226.3488769531
  },
  "ele4": {
    "particle_cpu": 24210.0,
    "particle_id": 117487341191.0,
    "particle_momentum_x": 3.846932844403738521737555033e-13,
    "particle_momentum_y": 3.846932844403738521737555033e-13,
    "particle_momentum_z": 3.846932844403738521737555033e-13,
    "particle_optical_depth_QSR": 48710.0360898657454526983201503753662109375000,
    "particle_position_x": 0.012101709192233077,
    "particle_position_y": 0.012111250324900506,
    "particle_weight": 463647.84240722656
  },
  "lev=0": {
    "Ex": 0.0
  },
  "p1": {
    "particle_cpu": 476956.0,
    "particle_id": 257854228043.0,
    "particle_momentum_x": 5.211363201667322e-13,
    "particle_momentum_y": 0.0,
    "particle_momentum_z": 0.0,
    "particle_optical_depth_BW": 955462.1120497078,
    "particle_position_x": 0.23847986165492352,
    "particle_position_y": 0.2386260727539063,
    "particle_weight": 9099378.58581543
  },
  "p2": {
    "particle_cpu": 518215.0,
    "particle_id": 840692712768.0,
    "particle_momentum_x": 0.0,
    "particle_momentum_y": 1.4154340878946218e-12,
    "particle_momentum_z": 0.0,
    "particle_optical_depth_BW": 1035921.4604132524,
    "particle_position_x": 0.25913715673828125,
    "particle_position_y": 0.2591449038085938,
    "particle_weight": 9885759.353637695
  },
  "p3": {
    "particle_cpu": 461099.0,
    "particle_id": 1246333912261.0,
    "particle_momentum_x": 0.0,
    "particle_momentum_y": 0.0,
    "particle_momentum_z": 2.5181691242461693e-12,
    "particle_optical_depth_BW": 921660.859376024,
    "particle_position_x": 0.23051336035156236,
    "particle_position_y": 0.23042843104848845,
    "particle_weight": 8793773.651123047
  },
  "p4": {
    "particle_cpu": 500078.0,
    "particle_id": 1892252377690.0,
    "particle_momentum_x": 1.576635368257434e-11,
    "particle_momentum_y": 1.576635368257434e-11,
    "particle_momentum_z": 1.576635368257434e-11,
    "particle_optical_depth_BW": 999134.306723253,
    "particle_position_x": 0.2500422908077668,
    "particle_position_y": 0.2500327496750996,
    "particle_weight": 9536352.157592773
  },
  "pos1": {
    "particle_cpu": 47332.0,
    "particle_id": 209269334336.0,
    "particle_momentum_x": 2.58090817243161457304400955e-14,
    "particle_momentum_y": 0.0,
    "particle_momentum_z": 0.0,
    "particle_optical_depth_QSR": 94345.5318915035604732111096382141113281250000,
    "particle_position_x": 0.0236641383450765,
    "particle_position_y": 0.02351792724609375,
    "particle_weight": 900621.4141845703
  },
  "pos2": {
    "particle_cpu": 6073.0,
    "particle_id": 27129825153.0,
    "particle_momentum_x": 0.0,
    "particle_momentum_y": 8.1482557014027339063514461e-15,
    "particle_momentum_z": 0.0,
    "particle_optical_depth_QSR": 12112.0276361340838775504380464553833007812500,
    "particle_position_x": 0.00300684326171875,
    "particle_position_y": 0.00299909619140625,
    "particle_weight": 114240.64636230469
  },
  "pos3": {
    "particle_cpu": 63189.0,
    "particle_id": 295992769545.0,
    "particle_momentum_x": 0.0,
    "particle_momentum_y": 0.0,
    "particle_momentum_z": 1.722599247984061510808993121e-13,
    "particle_optical_depth_QSR": 126076.1613833278242964297533035278320312500000,
    "particle_position_x": 0.0316306396484375,
    "particle_position_y": 0.03171556895151163,
    "particle_weight": 1206226.3488769531
  },
  "pos4": {
    "particle_cpu": 24210.0,
    "particle_id": 117782832604.0,
    "particle_momentum_x": 3.819556681707568240452967084e-13,
    "particle_momentum_y": 3.819556681707568240452967084e-13,
    "particle_momentum_z": 3.819556681707568240452967084e-13,
    "particle_optical_depth_QSR": 48600.7378774165772483684122562408447265625000,
    "particle_position_x": 0.012101709192233077,
    "particle_position_y": 0.012111250324900506,
    "particle_weight": 463647.84240722656
  }
}
