{
  "lev=0": {
    "Ex": 2.787567430374546e-12
  },
  "p1": {
    "particle_cpu": 524288.0,
    "particle_id": 274878431232.0,
    "particle_momentum_x": 1.741635426011235e-14,
    "particle_momentum_y": 1.407387076628374e-14,
    "particle_momentum_z": 3.483811195841471e-14,
    "particle_opticalDepthQSR": 8.946490394372127e+05,
    "particle_position_x": 1.310720036851580e-01,
    "particle_position_y": 1.310719998137376e-01,
    "particle_position_z": 1.310720001690328e-01,
    "particle_weight": 1.2499999999999974e-18
  },
  "p2": {
    "particle_cpu": 524288.0,
    "particle_id": 824634245120.0,
    "particle_momentum_x": 7.360739657617597e-16,
    "particle_momentum_y": 1.518090647468762e-14,
    "particle_momentum_z": 1.603490131814328e-14,
    "particle_opticalDepthQSR": 7.952178045861131e+05,
    "particle_position_x": 1.310721086348146e-01,
    "particle_position_y": 1.310720694865942e-01,
    "particle_position_z": 1.310722412382110e-01,
    "particle_weight": 1.2499999999999974e-18
  },
  "p3": {
    "particle_cpu": 524288.0,
    "particle_id": 1374390059008.0,
    "particle_momentum_x": 6.886427694609960e-14,
    "particle_momentum_y": 4.244497336669431e-14,
    "particle_momentum_z": 2.828308272257809e-13,
    "particle_opticalDepthQSR": 7.327995938102768e+05,
    "particle_position_x": 1.310729347874533e-01,
    "particle_position_y": 1.310703330784448e-01,
    "particle_position_z": 1.310714825158822e-01,
    "particle_weight": 1.2499999999999974e-18
  },
  "p4": {
    "particle_cpu": 524288.0,
    "particle_id": 1924145872896.0,
    "particle_momentum_x": 1.521233587923149e-12,
    "particle_momentum_y": 1.555274003884777e-12,
    "particle_momentum_z": 1.588892507914239e-12,
    "particle_opticalDepthQSR": 8.050575306246264e+05,
    "particle_position_x": 1.310716787844609e-01,
    "particle_position_y": 1.310721001925031e-01,
    "particle_position_z": 1.310720790952785e-01,
    "particle_weight": 1.2499999999999974e-18
  },
  "qsp_1": {
    "particle_cpu": 1.396860000000000e+05,
    "particle_id": 6.060052116190000e+11,
    "particle_momentum_x": 1.482055693444722e-17,
    "particle_momentum_y": 5.897457511999091e-18,
    "particle_momentum_z": 1.992847485307599e-17,
    "particle_opticalDepthBW": 2.794462435320541e+05,
    "particle_position_x": 3.493422528948164e-02,
    "particle_position_y": 3.495050383588378e-02,
    "particle_position_z": 3.496446709048678e-02,
    "particle_weight": 3.333568572998047452078e-19
  },
  "qsp_2": {
    "particle_cpu": 131684.0,
    "particle_id": 6.072466206690000e+11,
    "particle_momentum_x": 3.571052033077001e-18,
    "particle_momentum_y": 1.221581206087223e-16,
    "particle_momentum_z": 1.920038509160043e-17,
    "particle_opticalDepthBW": 2.636050482837280e+05,
    "particle_position_x": 3.290399346175153e-02,
    "particle_position_y": 3.300500664234537e-02,
    "particle_position_z": 3.298341347627451e-02,
    "particle_weight": 3.143310546875000280363e-19
  },
  "qsp_3": {
    "particle_cpu": 3.008180000000000e+05,
    "particle_id": 1.513976569310000e+12,
    "particle_momentum_x": 1.792781176104855e-15,
    "particle_momentum_y": 9.340243731741068e-16,
    "particle_momentum_z": 2.835251070858273e-14,
    "particle_opticalDepthBW": 5.954096243535265e+05,
    "particle_position_x": 7.509021652524110e-02,
    "particle_position_y": 7.517563204746196e-02,
    "particle_position_z": 7.516252951963570e-02,
    "particle_weight": 7.164263725280753934436e-19
  },
  "qsp_4": {
    "particle_cpu": 1.434930000000000e+05,
    "particle_id": 7.851735128660000e+11,
    "particle_momentum_x": 9.770172707592569e-14,
    "particle_momentum_y": 9.820709514999248e-14,
    "particle_momentum_z": 9.872238824767991e-14,
    "particle_opticalDepthBW": 2.784910603463870e+05,
    "particle_position_x": 3.579928178796943e-02,
    "particle_position_y": 3.587817229214083e-02,
    "particle_position_z": 3.582933817293383e-02,
    "particle_weight": 3.414738178253174363875e-19
  }
}
