{
  "ele_schwinger": {
    "particle_momentum_x": 5.389220349308058e-10,
    "particle_momentum_y": 3.802325665885952e-11,
    "particle_momentum_z": 1.304165048547374e-10,
    "particle_position_x": 0.0001414301708416780501906262479394627007,
    "particle_position_y": 0.0002559999999999999342054080031516605231,
    "particle_position_z": 0.0002559999999999999884155166274268822235,
    "particle_weight": 41504873569658028032.0
  },
  "lev=0": {
    "Bx": 3439183579241.8213,
    "By": 3467279530258676.5,
    "Bz": 1160277379606216.0,
    "Ex": 80690799093154680420696064.0,
    "Ey": 5505248329779462566576128.0,
    "Ez": 17842195088929589557198848.0,
    "jx": 7269891943075730389116072755200.0,
    "jy": 495989618234384662296063377408.0,
    "jz": 1607473995814483300569405456384.0
  },
  "pos_schwinger": {
    "particle_momentum_x": 5.389212418869713e-10,
    "particle_momentum_y": 3.652400862149359e-11,
    "particle_momentum_z": 1.311928986068885e-10,
    "particle_position_x": 0.0001280000000000000213128126258510519619,
    "particle_position_y": 0.0002559999999999999884155166274268822235,
    "particle_position_z": 0.0002559999999999999884155166274268822235,
    "particle_weight": 41504873569658028032.0
  }
}
