{
  "lev=0": {
    "Ex": 1.3099432828042958e-12
  },
  "p1": {
    "particle_cpu": 524288.0,
    "particle_id": 274878431232.0,
    "particle_momentum_x": 9.775801901537831e-15,
    "particle_momentum_y": 6.749126654270459e-15,
    "particle_momentum_z": 1.714766722515952e-14,
    "particle_optical_depth_QSR": 1049697.2520881167,
    "particle_position_x": 0.13107199999999988,
    "particle_position_y": 0.13107199999999986,
    "particle_position_z": 0.13107200000000002,
    "particle_weight": 1.2499999999999974e-18
  },
  "p2": {
    "particle_cpu": 524288.0,
    "particle_id": 824634245120.0,
    "particle_momentum_x": 5.285242895121332e-16,
    "particle_momentum_y": 2.032602102735048e-14,
    "particle_momentum_z": 7.193159165292933e-15,
    "particle_optical_depth_QSR": 1047582.2474368557,
    "particle_position_x": 0.13107199999999986,
    "particle_position_y": 0.13107199999999994,
    "particle_position_z": 0.131072,
    "particle_weight": 1.2499999999999974e-18
  },
  "p3": {
    "particle_cpu": 524288.0,
    "particle_id": 1374390059008.0,
    "particle_momentum_x": 3.4769495389652274e-14,
    "particle_momentum_y": 1.9247008130847575e-14,
    "particle_momentum_z": 2.7155042168413416e-13,
    "particle_optical_depth_QSR": 1048186.3378726031,
    "particle_position_x": 0.13107199999999974,
    "particle_position_y": 0.13107200000000008,
    "particle_position_z": 0.13107199999999994,
    "particle_weight": 1.2499999999999974e-18
  },
  "p4": {
    "particle_cpu": 524288.0,
    "particle_id": 1924145872896.0,
    "particle_momentum_x": 1.5378976339855642e-12,
    "particle_momentum_y": 1.5544887576813018e-12,
    "particle_momentum_z": 1.5712307409642847e-12,
    "particle_optical_depth_QSR": 1047912.2214527917,
    "particle_position_x": 0.1310719999999999,
    "particle_position_y": 0.1310720000000001,
    "particle_position_z": 0.13107200000000005,
    "particle_weight": 1.2499999999999974e-18
  },
  "qsp_1": {
    "particle_cpu": 139797.0,
    "particle_id": 605980935203.0,
    "particle_momentum_x": 1.4913964019306947e-17,
    "particle_momentum_y": 5.9346264467912466e-18,
    "particle_momentum_z": 2.0054074771483873e-17,
    "particle_optical_depth_BW": 280218.35030860826,
    "particle_position_x": 0.0349320691540925,
    "particle_position_y": 0.034943282791757346,
    "particle_position_z": 0.034961319819471315,
    "particle_weight": 3.3334374427795415e-19
  },
  "qsp_2": {
    "particle_cpu": 131694.0,
    "particle_id": 607296786129.0,
    "particle_momentum_x": 3.5724663679831424e-18,
    "particle_momentum_y": 1.2220650200794168e-16,
    "particle_momentum_z": 1.9207989510296902e-17,
    "particle_optical_depth_BW": 263232.324788787,
    "particle_position_x": 0.03290697523981731,
    "particle_position_y": 0.033005374390995636,
    "particle_position_z": 0.032984933906320846,
    "particle_weight": 3.1435728073120117e-19
  },
  "qsp_3": {
    "particle_cpu": 300725.0,
    "particle_id": 1513943692418.0,
    "particle_momentum_x": 1.7948974891962427e-15,
    "particle_momentum_y": 9.3512695503684e-16,
    "particle_momentum_z": 2.838597981813497e-14,
    "particle_optical_depth_BW": 600851.1581441574,
    "particle_position_x": 0.07508926870858795,
    "particle_position_y": 0.0751758723846516,
    "particle_position_z": 0.0751511120666701,
    "particle_weight": 7.164096832275383e-19
  },
  "qsp_4": {
    "particle_cpu": 143501.0,
    "particle_id": 785178210065.0,
    "particle_momentum_x": 9.824993350352796e-14,
    "particle_momentum_y": 9.875813720839475e-14,
    "particle_momentum_z": 9.92763216263966e-14,
    "particle_optical_depth_BW": 286524.7727601626,
    "particle_position_x": 0.03579987083596932,
    "particle_position_y": 0.035876167211423976,
    "particle_position_z": 0.03582427205786441,
    "particle_weight": 3.4147620201110843e-19
  }
}