{
  "ele1": {
    "particle_cpu": 7.516900000000000e+04,
    "particle_id": 3.229706372140000e+11,
    "particle_momentum_x": 4.111367826819435e-14,
    "particle_momentum_y": 0.0,
    "particle_momentum_z": 0.0,
    "particle_opticalDepthQSR": 1.500847618686847e+05,
    "particle_position_x": 3.752281413000500e-02,
    "particle_position_y": 3.753643750000000e-02,
    "particle_position_z": 3.754731250000000e-02,
    "particle_weight": 1.430339813232422e+00
  },
  "ele2": {
    "particle_cpu": 9.502000000000000e+03,
    "particle_id": 4.302086103100000e+10,
    "particle_momentum_x": 0.0,
    "particle_momentum_y": 1.312081564104811e-14,
    "particle_momentum_z": 0.0,
    "particle_opticalDepthQSR": 1.916668554224755e+04,
    "particle_position_x": 4.723398437500000e-03,
    "particle_position_y": 4.773031169456623e-03,
    "particle_position_z": 4.769421875000000e-03,
    "particle_weight": 1.819992065429687e-01
  },
  "ele3": {
    "particle_cpu": 9.898200000000000e+04,
    "particle_id": 4.636783279370000e+11,
    "particle_momentum_x": 0.0,
    "particle_momentum_y": 0.0,
    "particle_momentum_z": 2.703275178685535e-13,
    "particle_opticalDepthQSR": 1.979969508638462e+05,
    "particle_position_x": 4.960360156250000e-02,
    "particle_position_y": 4.950395312500000e-02,
    "particle_position_z": 4.948470042879365e-02,
    "particle_weight": 1.889324188232422e+00
  },
  "ele4": {
    "particle_cpu": 3.960800000000000e+04,
    "particle_id": 1.977415540710000e+11,
    "particle_momentum_x": 6.270940742446365e-13,
    "particle_momentum_y": 6.270940742446365e-13,
    "particle_momentum_z": 6.270940742446365e-13,
    "particle_opticalDepthQSR": 7.927754339646622e+04,
    "particle_position_x": 1.983232682291667e-02,
    "particle_position_y": 1.987547526041667e-02,
    "particle_position_z": 1.979189843750000e-02,
    "particle_weight": 7.561206817626952e-01
  },
  "lev=0": {
    "Ex": 0.0
  },
  "p1": {
    "particle_cpu": 4.491190000000000e+05,
    "particle_id": 2.355242721220000e+11,
    "particle_momentum_x": 4.907984795547657e-13,
    "particle_momentum_y": 0.0,
    "particle_momentum_z": 0.0,
    "particle_opticalDepthBW": 7.797536899265796e+05,
    "particle_position_x": 2.246257074205084e-01,
    "particle_position_y": 2.246075625000000e-01,
    "particle_position_z": 2.245966875000000e-01,
    "particle_weight": 8.569660186767576e+00
  },
  "p2": {
    "particle_cpu": 5.147860000000000e+05,
    "particle_id": 8.096442682170000e+11,
    "particle_momentum_x": 0.0,
    "particle_momentum_y": 1.405732478499176e-12,
    "particle_momentum_z": 0.0,
    "particle_opticalDepthBW": 1.011632507209970e+06,
    "particle_position_x": 2.574206015625001e-01,
    "particle_position_y": 2.573683204083949e-01,
    "particle_position_z": 2.573745781250001e-01,
    "particle_weight": 9.818000793457029e+00
  },
  "p3": {
    "particle_cpu": 4.253860000000000e+05,
    "particle_id": 1.114689282425000e+12,
    "particle_momentum_x": 0.0,
    "particle_momentum_y": 0.0,
    "particle_momentum_z": 2.322558461958479e-12,
    "particle_opticalDepthBW": 7.079437338077008e+05,
    "particle_position_x": 2.125403984375000e-01,
    "particle_position_y": 2.126400468750000e-01,
    "particle_position_z": 2.126591975715005e-01,
    "particle_weight": 8.110675811767576e+00
  },
  "p4": {
    "particle_cpu": 4.847000000000000e+05,
    "particle_id": 1.778687733974000e+12,
    "particle_momentum_x": 1.528281132260040e-11,
    "particle_momentum_y": 1.528281132260040e-11,
    "particle_momentum_z": 1.528281132260040e-11,
    "particle_opticalDepthBW": 8.991168515237333e+05,
    "particle_position_x": 2.423218372395833e-01,
    "particle_position_y": 2.422665742187501e-01,
    "particle_position_z": 2.423502578125001e-01,
    "particle_weight": 9.243879318237303e+00
  },
  "pos1": {
    "particle_cpu": 7.516900000000000e+04,
    "particle_id": 3.285943423560000e+11,
    "particle_momentum_x": 4.080416298396327e-14,
    "particle_momentum_y": 0.0,
    "particle_momentum_z": 0.0,
    "particle_opticalDepthQSR": 1.504112911918669e+05,
    "particle_position_x": 3.752281413000500e-02,
    "particle_position_y": 3.753643750000000e-02,
    "particle_position_z": 3.754731250000000e-02,
    "particle_weight": 1.430339813232422e+00
  },
  "pos2": {
    "particle_cpu": 9.502000000000000e+03,
    "particle_id": 4.311191706100000e+10,
    "particle_momentum_x": 0.0,
    "particle_momentum_y": 1.293766348114934e-14,
    "particle_momentum_z": 0.0,
    "particle_opticalDepthQSR": 1.907169561484562e+04,
    "particle_position_x": 4.723398437500000e-03,
    "particle_position_y": 4.773031169456623e-03,
    "particle_position_z": 4.769421875000000e-03,
    "particle_weight": 1.819992065429687e-01
  },
  "pos3": {
    "particle_cpu": 9.898200000000000e+04,
    "particle_id": 4.734902789570000e+11,
    "particle_momentum_x": 0.0,
    "particle_momentum_y": 0.0,
    "particle_momentum_z": 2.706959091094172e-13,
    "particle_opticalDepthQSR": 1.976820402897762e+05,
    "particle_position_x": 4.960360156250000e-02,
    "particle_position_y": 4.950395312500000e-02,
    "particle_position_z": 4.948470042879365e-02,
    "particle_weight": 1.889324188232422e+00
  },
  "pos4": {
    "particle_cpu": 3.960800000000000e+04,
    "particle_id": 1.993131142200000e+11,
    "particle_momentum_x": 6.229925285542024e-13,
    "particle_momentum_y": 6.229925285542024e-13,
    "particle_momentum_z": 6.229925285542024e-13,
    "particle_opticalDepthQSR": 7.981778242989839e+04,
    "particle_position_x": 1.983232682291667e-02,
    "particle_position_y": 1.987547526041667e-02,
    "particle_position_z": 1.979189843750000e-02,
    "particle_weight": 7.561206817626952e-01
  }
}
