{
  "lev=0": {
    "Ex": 1.3099432828042958e-12
  },
  "p1": {
    "particle_cpu": 0.0,
    "particle_id": 549756338176.0,
    "particle_momentum_x": 9.775908019006716e-15,
    "particle_momentum_y": 6.7491949158244246e-15,
    "particle_momentum_z": 1.7147831688093518e-14,
    "particle_optical_depth_QSR": 1049131.9816809527,
    "particle_position_x": 0.13107199999999986,
    "particle_position_y": 0.13107199999999986,
    "particle_position_z": 0.13107200000000002,
    "particle_weight": 1.2499999999999974e-18
  },
  "p2": {
    "particle_cpu": 0.0,
    "particle_id": 1649267965952.0,
    "particle_momentum_x": 5.285238926313718e-16,
    "particle_momentum_y": 2.0326128143145286e-14,
    "particle_momentum_z": 7.193173521421898e-15,
    "particle_optical_depth_QSR": 1048601.712994456,
    "particle_position_x": 0.13107199999999986,
    "particle_position_y": 0.13107199999999994,
    "particle_position_z": 0.131072,
    "particle_weight": 1.2499999999999974e-18
  },
  "p3": {
    "particle_cpu": 0.0,
    "particle_id": 2748779593728.0,
    "particle_momentum_x": 3.4769860189284347e-14,
    "particle_momentum_y": 1.924701697910249e-14,
    "particle_momentum_z": 2.7155959168866397e-13,
    "particle_optical_depth_QSR": 1048502.3711884442,
    "particle_position_x": 0.13107199999999974,
    "particle_position_y": 0.13107200000000008,
    "particle_position_z": 0.13107199999999994,
    "particle_weight": 1.2499999999999974e-18
  },
  "p4": {
    "particle_cpu": 0.0,
    "particle_id": 3848291221504.0,
    "particle_momentum_x": 1.5386445290073988e-12,
    "particle_momentum_y": 1.5552393000886137e-12,
    "particle_momentum_z": 1.5719849214529481e-12,
    "particle_optical_depth_QSR": 1048469.6816392982,
    "particle_position_x": 0.1310719999999999,
    "particle_position_y": 0.13107200000000013,
    "particle_position_z": 0.13107200000000002,
    "particle_weight": 1.2499999999999974e-18
  },
  "qsp_1": {
    "particle_cpu": 0.0,
    "particle_id": 1213795553499.0,
    "particle_momentum_x": 1.4797069788621052e-17,
    "particle_momentum_y": 5.88811140947402e-18,
    "particle_momentum_z": 1.989689284188452e-17,
    "particle_optical_depth_BW": 280560.21704117313,
    "particle_position_x": 0.034962374421592717,
    "particle_position_y": 0.035042816608834966,
    "particle_position_z": 0.03500137610360723,
    "particle_weight": 3.3383250236511235e-19
  },
  "qsp_2": {
    "particle_cpu": 0.0,
    "particle_id": 1213001422026.0,
    "particle_momentum_x": 3.5692776570751594e-18,
    "particle_momentum_y": 1.2209742296678645e-16,
    "particle_momentum_z": 1.9190844849056475e-17,
    "particle_optical_depth_BW": 263432.06323170353,
    "particle_position_x": 0.032876831632331044,
    "particle_position_y": 0.03297270945185842,
    "particle_position_z": 0.032934650029446386,
    "particle_weight": 3.1392931938171387e-19
  },
  "qsp_3": {
    "particle_cpu": 0.0,
    "particle_id": 3029043585528.0,
    "particle_momentum_x": 1.794322413660864e-15,
    "particle_momentum_y": 9.348273453724713e-16,
    "particle_momentum_z": 2.8376885102342324e-14,
    "particle_optical_depth_BW": 600608.1192368851,
    "particle_position_x": 0.07512232151506212,
    "particle_position_y": 0.07519929091873827,
    "particle_position_z": 0.07507864191232703,
    "particle_weight": 7.16660022735595e-19
  },
  "qsp_4": {
    "particle_cpu": 0.0,
    "particle_id": 1571722436208.0,
    "particle_momentum_x": 9.750342150739452e-14,
    "particle_momentum_y": 9.800776383395158e-14,
    "particle_momentum_z": 9.852201103927089e-14,
    "particle_optical_depth_BW": 287293.4956183653,
    "particle_position_x": 0.035776275708892795,
    "particle_position_y": 0.035833433476348035,
    "particle_position_z": 0.035839674338916785,
    "particle_weight": 3.417491912841797e-19
  }
}