{
  "electrons": {
    "particle_cpu": 16384.0,
    "particle_id": 268451840.0,
    "particle_momentum_x": 2.441720970290429e-19,
    "particle_momentum_y": 2.4564842258504588e-19,
    "particle_momentum_z": 2.434157527179439e-19,
    "particle_position_x": 16379.247611900064,
    "particle_position_y": 16382.836088184762,
    "particle_position_z": 16382.833910756759,
    "particle_weight": 800000003014656.0
  },
  "lev=0": {
    "Bx": 0.08424076243170475,
    "By": 0.08475179390317322,
    "Bz": 0.08796453154337058,
    "Ex": 106872501.50568771,
    "Ey": 107805476.44736862,
    "Ez": 107783029.62442589,
    "jx": 728220.0582114309,
    "jy": 736403.7788231075,
    "jz": 734813.6176411062,
    "rho": 0.027750853105895423,
    "rho_electrons": 0.5250012279730072,
    "rho_protons": 0.5250012273099856
  },
  "photons": {
    "particle_cpu": 16384.0,
    "particle_id": 1342193664.0,
    "particle_momentum_x": 1.428291590249666e-18,
    "particle_momentum_y": 1.4222174024686332e-18,
    "particle_momentum_z": 1.4246585206989104e-18,
    "particle_position_x": 16376.414849636145,
    "particle_position_y": 16409.713781019993,
    "particle_position_z": 16378.407608640264,
    "particle_weight": 800000003014656.0
  },
  "protons": {
    "particle_cpu": 16384.0,
    "particle_id": 805322752.0,
    "particle_momentum_x": 1.4104800123456525e-19,
    "particle_momentum_y": 1.4120344417599842e-19,
    "particle_momentum_z": 1.3903171547264748e-19,
    "particle_position_x": 16383.951009677723,
    "particle_position_y": 16383.991230150685,
    "particle_position_z": 16384.03309544921,
    "particle_weight": 800000003014656.0
  }
}