{
  "electrons": {
    "particle_cpu": 16384.0,
    "particle_id": 268451840.0,
    "particle_momentum_x": 2.4417125927603126e-19,
    "particle_momentum_y": 2.456468598610582e-19,
    "particle_momentum_z": 2.434153074340732e-19,
    "particle_position_x": 16379.244991465632,
    "particle_position_y": 16382.841014201738,
    "particle_position_z": 16382.837773497944,
    "particle_weight": 800000003014656.0
  },
  "lev=0": {
    "Bx": 0.08422020691772758,
    "By": 0.08474171379286588,
    "Bz": 0.08796084985731767,
    "Ex": 106868316.96530533,
    "Ey": 107811746.10470963,
    "Ez": 107784295.0916481,
    "jx": 728230.8080639392,
    "jy": 736385.4055081308,
    "jz": 734814.8562675565,
    "rho": 0.02775110017056015,
    "rho_electrons": 0.5250012277265341,
    "rho_protons": 0.5250012273154425
  },
  "photons": {
    "particle_cpu": 16384.0,
    "particle_id": 1342193664.0,
    "particle_momentum_x": 1.428291590249666e-18,
    "particle_momentum_y": 1.4222174024686332e-18,
    "particle_momentum_z": 1.4246585206989104e-18,
    "particle_position_x": 16376.414870020933,
    "particle_position_y": 16409.713763734646,
    "particle_position_z": 16378.407626760076,
    "particle_weight": 800000003014656.0
  },
  "protons": {
    "particle_cpu": 16384.0,
    "particle_id": 805322752.0,
    "particle_momentum_x": 1.4104878866079966e-19,
    "particle_momentum_y": 1.4120310230664703e-19,
    "particle_momentum_z": 1.3903061583932131e-19,
    "particle_position_x": 16383.951016088948,
    "particle_position_y": 16383.991241348907,
    "particle_position_z": 16384.03310307674,
    "particle_weight": 800000003014656.0
  }
}