{
  "electrons": {
    "particle_momentum_x": 2.4417210113801336e-19,
    "particle_momentum_y": 2.4564851493412593e-19,
    "particle_momentum_z": 2.4341594564719795e-19,
    "particle_position_x": 16379.247754118871,
    "particle_position_y": 16382.836191849463,
    "particle_position_z": 16382.833818260406,
    "particle_weight": 800000003014656.0
  },
  "lev=0": {
    "Bx": 0.084241235376183,
    "By": 0.084751961809296,
    "Bz": 0.08796431812220362,
    "Ex": 106872513.1172905,
    "Ey": 107805221.85876846,
    "Ez": 107782819.9927826,
    "jx": 728219.9166720062,
    "jy": 736402.6373479366,
    "jz": 734813.3440347463,
    "rho": 0.0277508111536644,
    "rho_electrons": 0.52500122784204,
    "rho_protons": 0.5250012273481843
  },
  "photons": {
    "particle_momentum_x": 1.428291590249666e-18,
    "particle_momentum_y": 1.4222174024686332e-18,
    "particle_momentum_z": 1.4246585206989104e-18,
    "particle_position_x": 16376.414786216803,
    "particle_position_y": 16409.713810583897,
    "particle_position_z": 16378.407601130079,
    "particle_weight": 800000003014656.0
  },
  "protons": {
    "particle_momentum_x": 1.4104799077996007e-19,
    "particle_momentum_y": 1.4120357666424943e-19,
    "particle_momentum_z": 1.3903168923764969e-19,
    "particle_position_x": 16383.951009266078,
    "particle_position_y": 16383.991230053827,
    "particle_position_z": 16384.033095981926,
    "particle_weight": 800000003014656.0
  }
}
