{
  "electrons": {
    "particle_momentum_x": 2.441720869016668e-19,
    "particle_momentum_y": 2.456481313629533e-19,
    "particle_momentum_z": 2.434157770814882e-19,
    "particle_position_x": 16379.247624470314,
    "particle_position_y": 16382.836430045034,
    "particle_position_z": 16382.83386090216,
    "particle_weight": 800000003014656.0
  },
  "lev=0": {
    "Bx": 0.08424077006868202,
    "By": 0.08475162318143958,
    "Bz": 0.0879638695257583,
    "Ex": 106872406.23206902,
    "Ey": 107805796.05268478,
    "Ez": 107783300.6896553,
    "jx": 728221.4094335437,
    "jy": 736401.7841227949,
    "jz": 734813.4235675633,
    "rho": 0.02775090560003779,
    "rho_electrons": 0.5250012280648662,
    "rho_protons": 0.5250012270062143
  },
  "photons": {
    "particle_momentum_x": 1.428291590249666e-18,
    "particle_momentum_y": 1.4222174024686332e-18,
    "particle_momentum_z": 1.4246585206989104e-18,
    "particle_position_x": 16376.414787647314,
    "particle_position_y": 16409.71380140478,
    "particle_position_z": 16378.407592070173,
    "particle_weight": 800000003014656.0
  },
  "protons": {
    "particle_momentum_x": 1.4104804792534928e-19,
    "particle_momentum_y": 1.4120362404591128e-19,
    "particle_momentum_z": 1.3903172753601875e-19,
    "particle_position_x": 16383.951009282842,
    "particle_position_y": 16383.991230854765,
    "particle_position_z": 16384.03309576772,
    "particle_weight": 800000003014656.0
  }
}