{
  "electrons": {
    "particle_cpu": 16384.0,
    "particle_id": 268451840.0,
    "particle_momentum_x": 2.433513100910759e-19,
    "particle_momentum_y": 2.4633148520027533e-19,
    "particle_momentum_z": 2.445296743879953e-19,
    "particle_position_x": 16386.79272675649,
    "particle_position_y": 16383.137717233834,
    "particle_position_z": 16385.771013436024,
    "particle_weight": 800000000000000.0
  },
  "lev=0": {
    "Bx": 0.08405082842287043,
    "By": 0.0839544233958724,
    "Bz": 0.08318206628870212,
    "Ex": 102195850.9414543,
    "Ey": 106377257.86603768,
    "Ez": 102627869.95880055,
    "jx": 714393.4493262022,
    "jy": 739611.1829573747,
    "jz": 719566.2651192012
  },
  "photons": {
    "particle_cpu": 16384.0,
    "particle_id": 1342193664.0,
    "particle_momentum_x": 1.4328434977988592e-18,
    "particle_momentum_y": 1.4351771291657078e-18,
    "particle_momentum_z": 1.430939323220736e-18,
    "particle_position_x": 16387.992590659625,
    "particle_position_y": 16333.846364327002,
    "particle_position_z": 16371.683058136738,
    "particle_weight": 800000000000000.0
  },
  "protons": {
    "particle_cpu": 16384.0,
    "particle_id": 805322752.0,
    "particle_momentum_x": 1.4305311394194743e-19,
    "particle_momentum_y": 1.4342178041433108e-19,
    "particle_momentum_z": 1.378886053708302e-19,
    "particle_position_x": 16384.020927263282,
    "particle_position_y": 16384.01049132875,
    "particle_position_z": 16383.994708420258,
    "particle_weight": 800000000000000.0
  }
}