{
  "electrons": {
    "particle_cpu": 16384.0,
    "particle_id": 268451840.0,
    "particle_momentum_x": 2.4417124822148858e-19,
    "particle_momentum_y": 2.4564698155132326e-19,
    "particle_momentum_z": 2.434155441672695e-19,
    "particle_position_x": 16379.24499391581,
    "particle_position_y": 16382.840998123618,
    "particle_position_z": 16382.837631902934,
    "particle_weight": 800000003014656.0
  },
  "lev=0": {
    "Bx": 0.08422077889129298,
    "By": 0.08474185034192772,
    "Bz": 0.08796110725891992,
    "Ex": 106868572.2155056,
    "Ey": 107811792.53196335,
    "Ez": 107784504.93240738,
    "jx": 728230.3082938194,
    "jy": 736387.2473942935,
    "jz": 734816.9984187633,
    "rho": 0.027751126286021055,
    "rho_electrons": 0.5250012279866496,
    "rho_protons": 0.5250012273554603
  },
  "photons": {
    "particle_cpu": 16384.0,
    "particle_id": 1342193664.0,
    "particle_momentum_x": 1.428291590249666e-18,
    "particle_momentum_y": 1.4222174024686332e-18,
    "particle_momentum_z": 1.4246585206989104e-18,
    "particle_position_x": 16376.414870020933,
    "particle_position_y": 16409.713763734646,
    "particle_position_z": 16378.407626760076,
    "particle_weight": 800000003014656.0
  },
  "protons": {
    "particle_cpu": 16384.0,
    "particle_id": 805322752.0,
    "particle_momentum_x": 1.4104878276155584e-19,
    "particle_momentum_y": 1.412031782648702e-19,
    "particle_momentum_z": 1.3903075870189561e-19,
    "particle_position_x": 16383.951016319916,
    "particle_position_y": 16383.991241529584,
    "particle_position_z": 16384.033103412017,
    "particle_weight": 800000003014656.0
  }
}