{
  "electrons": {
    "particle_cpu": 16384.0,
    "particle_id": 268451840.0,
    "particle_momentum_x": 2.4417212503278005e-19,
    "particle_momentum_y": 2.4564848534619294e-19,
    "particle_momentum_z": 2.434157491249898e-19,
    "particle_position_x": 16379.247699920481,
    "particle_position_y": 16382.836164549284,
    "particle_position_z": 16382.833915042822,
    "particle_weight": 800000003014656.0
  },
  "lev=0": {
    "Bx": 0.08424062892077444,
    "By": 0.08475186723996586,
    "Bz": 0.08796440505066272,
    "Ex": 106872540.64410019,
    "Ey": 107805501.93848419,
    "Ez": 107783078.61432838,
    "jx": 728220.4602749646,
    "jy": 736403.7514596283,
    "jz": 734813.9692403525,
    "rho": 0.027750860941553768,
    "rho_electrons": 0.525001227832945,
    "rho_protons": 0.5250012272590538
  },
  "photons": {
    "particle_cpu": 16384.0,
    "particle_id": 1342193664.0,
    "particle_momentum_x": 1.428291590249666e-18,
    "particle_momentum_y": 1.4222174024686332e-18,
    "particle_momentum_z": 1.4246585206989104e-18,
    "particle_position_x": 16376.414799568243,
    "particle_position_y": 16409.71378429825,
    "particle_position_z": 16378.407592666219,
    "particle_weight": 800000003014656.0
  },
  "protons": {
    "particle_cpu": 16384.0,
    "particle_id": 805322752.0,
    "particle_momentum_x": 1.4104802628011656e-19,
    "particle_momentum_y": 1.4120349291716893e-19,
    "particle_momentum_z": 1.3903171427087353e-19,
    "particle_position_x": 16383.951009619981,
    "particle_position_y": 16383.99123002775,
    "particle_position_z": 16384.033095447347,
    "particle_weight": 800000003014656.0
  }
}