{
  "beam": {
    "particle_cpu": 0.0,
    "particle_id": 5050.0,
    "particle_momentum_x": 4.561019131383119e-20,
    "particle_momentum_y": 4.149842919134552e-20,
    "particle_momentum_z": 1.364708476750903e-17,
    "particle_position_x": 4.652770082118157e-05,
    "particle_position_y": 0.001484501913502292,
    "particle_weight": 12483018148921.525
  },
  "electrons": {
    "particle_cpu": 15846.0,
    "particle_id": 136508842.0,
    "particle_momentum_x": 1.6448471633168762e-19,
    "particle_momentum_y": 7.798609849233592e-19,
    "particle_momentum_z": 3.2439317401014397e-19,
    "particle_position_x": 0.13260655641686475,
    "particle_position_y": 0.28106090693937097,
    "particle_weight": 394602539062500.8
  },
  "lev=0": {
    "Bx": 24119699.6575415,
    "By": 87094.0661991887,
    "Bz": 600598.2291145048,
    "Ex": 25891949821782.2,
    "Ey": 6508230928470527.0,
    "Ez": 39495360953248.33,
    "jx": 4382926196149959.0,
    "jy": 2.333130852769437e+18,
    "jz": 1.198749858479581e+16,
    "rho": 506013819.1055747
  },
  "lev=1": {
    "Bx": 53303352.85256407,
    "By": 229340.2527555132,
    "Bz": 1321676.328125808,
    "Ex": 52873151117961.77,
    "Ey": 1.455090881912273e+16,
    "Ez": 67855870768719.61,
    "jx": 121460903131204.2,
    "jy": 9.274942706868505e+18,
    "jz": 1.927066428524446e+16,
    "rho": 76242140.83674599
  }
}