{
  "beam": {
    "particle_momentum_x": 4.5603891309748695e-20,
    "particle_momentum_y": 4.191542084127545e-20,
    "particle_momentum_z": 1.3639473020680873e-17,
    "particle_position_x": 4.672031083580292e-05,
    "particle_position_y": 0.00024387147640563223,
    "particle_weight": 12483018148921.525
  },
  "electrons": {
    "particle_momentum_x": 4.599605609558194e-19,
    "particle_momentum_y": 5.498912551464532e-19,
    "particle_momentum_z": 2.142770005689478e-19,
    "particle_position_x": 0.14677470680495958,
    "particle_position_y": 0.3695766840020302,
    "particle_weight": 216500976562500.75
  },
  "lev=0": {
    "Bx": 26338374.373111926,
    "By": 160257.72166249255,
    "Bz": 694868.2285977077,
    "Ex": 56513906231023.23,
    "Ey": 7806074074131350.0,
    "Ez": 65816739650510.41,
    "jx": 6873283806747787.0,
    "jy": 4287548168385626.0,
    "jz": 7506499988309156.0,
    "rho": 278060758.9118884
  },
  "lev=1": {
    "Bx": 41971136.54331098,
    "By": 347834.7278019931,
    "Bz": 1093489.2683702512,
    "Ex": 136247072735332.94,
    "Ey": 1.2435931966910904e+16,
    "Ez": 92449079327852.47,
    "jx": 1.6499002410844978e+16,
    "jy": 1571736982192226.2,
    "jz": 2.219065825058093e+16,
    "rho": 298322648.1883917
  }
}