{
  "beam": {
    "particle_cpu": 0.0,
    "particle_id": 5050.0,
    "particle_momentum_x": 4.3785345639333354e-20,
    "particle_momentum_y": 4.5440374032866614e-20,
    "particle_momentum_z": 1.348138890866396e-17,
    "particle_position_x": 3.836799666768163e-05,
    "particle_position_y": 0.001490074265584233,
    "particle_weight": 12483018148921.525
  },
  "electrons": {
    "particle_cpu": 15846.0,
    "particle_id": 136508842.0,
    "particle_momentum_x": 1.6448471633168762e-19,
    "particle_momentum_y": 7.798609849233592e-19,
    "particle_momentum_z": 3.2439317401014397e-19,
    "particle_position_x": 0.13260655641686475,
    "particle_position_y": 0.28106090693937097,
    "particle_weight": 394602539062500.8
  },
  "lev=0": {
    "Bx": 24119688.20584074,
    "By": 87315.32440053509,
    "Bz": 600586.7930819589,
    "Ex": 26032021009087.73,
    "Ey": 6508227418601333.0,
    "Ez": 39544191578998.8,
    "jx": 4383675458520986.0,
    "jy": 2.333130671194721e+18,
    "jz": 1.198749349133761e+16,
    "rho": 506013819.1055747
  },
  "lev=1": {
    "Bx": 53303327.222981274,
    "By": 229903.55338890036,
    "Bz": 1321653.7230882503,
    "Ex": 53125086357106.9,
    "Ey": 1.4550901540823512e+16,
    "Ez": 67452603999177.39,
    "jx": 123341864381051.17,
    "jy": 9.274944060660285e+18,
    "jz": 1.9270643911409416e+16,
    "rho": 76242140.83674599
  }
}