{
  "beam": {
    "particle_cpu": 0.0,
    "particle_id": 5050.0,
    "particle_momentum_x": 4.5610191313831193e-20,
    "particle_momentum_y": 4.1498429191345516e-20,
    "particle_momentum_z": 1.3647084767509034e-17,
    "particle_position_x": 4.6527700821181575e-05,
    "particle_position_y": 0.001484501913502292,
    "particle_weight": 12483018148921.525
  },
  "electrons": {
    "particle_cpu": 15846.0,
    "particle_id": 136508842.0,
    "particle_momentum_x": 1.7019663108287842e-19,
    "particle_momentum_y": 7.804841508613444e-19,
    "particle_momentum_z": 3.6023951025729006e-19,
    "particle_position_x": 0.13262784674591108,
    "particle_position_y": 0.28121954338547195,
    "particle_weight": 122071289062500.27
  },
  "lev=0": {
    "Bx": 24121596.196462017,
    "By": 78274.29859712059,
    "Bz": 601058.4634075701,
    "Ex": 22866959486331.44,
    "Ey": 6508550078474765.0,
    "Ez": 32117037637504.49,
    "jx": 1125098206038016.2,
    "jy": 2.3251392468384067e+18,
    "jz": 6796866375752497.0,
    "rho": 156567078.90542063
  },
  "lev=1": {
    "Bx": 53303287.754619256,
    "By": 213834.35319447558,
    "Bz": 1321619.3400202503,
    "Ex": 47849984748795.125,
    "Ey": 1.4551014572946544e+16,
    "Ez": 65308104831571.74,
    "jx": 43901994433620.09,
    "jy": 9.274835473220729e+18,
    "jz": 1.9263572931827268e+16,
    "rho": 67240256.28814039
  }
}