{
  "beam": {
    "particle_momentum_x": 4.5603842543853726e-20,
    "particle_momentum_y": 4.191542263916011e-20,
    "particle_momentum_z": 1.363947302075425e-17,
    "particle_position_x": 4.672031050423284e-05,
    "particle_position_y": 0.00024387147640533396,
    "particle_weight": 12483018148921.525
  },
  "electrons": {
    "particle_momentum_x": 4.599605609558194e-19,
    "particle_momentum_y": 5.498912551464532e-19,
    "particle_momentum_z": 2.142770005689478e-19,
    "particle_position_x": 0.14677470680495958,
    "particle_position_y": 0.3695766840020302,
    "particle_weight": 216500976562500.75
  },
  "lev=0": {
    "Bx": 26338374.3731115,
    "By": 160257.72168459874,
    "Bz": 694868.2285976049,
    "Ex": 56513906233209.63,
    "Ey": 7806074074131210.0,
    "Ez": 65816739650512.98,
    "jx": 6873283793354275.0,
    "jy": 4287548168426209.0,
    "jz": 7506499988368183.0,
    "rho": 278060758.9118884
  },
  "lev=1": {
    "Bx": 41971136.54330983,
    "By": 347834.7278931723,
    "Bz": 1093489.2683699469,
    "Ex": 136247072743280.97,
    "Ey": 1.2435931966910504e+16,
    "Ez": 92449079327862.72,
    "jx": 1.6499002357270928e+16,
    "jy": 1571736982354559.0,
    "jz": 2.219065825081704e+16,
    "rho": 298322648.1883917
  }
}