{
  "beam": {
    "particle_momentum_x": 4.5610191313831193e-20,
    "particle_momentum_y": 4.1498429191345516e-20,
    "particle_momentum_z": 1.3647084767509034e-17,
    "particle_position_x": 4.6527700821181575e-05,
    "particle_position_y": 0.001484501913502292,
    "particle_weight": 12483018148921.525
  },
  "electrons": {
    "particle_momentum_x": 1.701962385014116e-19,
    "particle_momentum_y": 7.804483053552035e-19,
    "particle_momentum_z": 3.6023937355618695e-19,
    "particle_position_x": 0.13035674941360564,
    "particle_position_y": 0.2792572644186751,
    "particle_weight": 119232421875000.25
  },
  "lev=0": {
    "Bx": 24121596.46539713,
    "By": 78274.29859708338,
    "Bz": 601059.1001251702,
    "Ex": 22866961334698.695,
    "Ey": 6508550266827824.0,
    "Ez": 32117002621363.535,
    "jx": 1125083620993366.5,
    "jy": 2.325138134178515e+18,
    "jz": 6796844511773390.0,
    "rho": 152886703.9390533
  },
  "lev=1": {
    "Bx": 53303287.79524416,
    "By": 213834.37094616296,
    "Bz": 1321619.3483672105,
    "Ex": 47849992572011.23,
    "Ey": 1.4551014574617832e+16,
    "Ez": 65308101458272.28,
    "jx": 43895764938937.25,
    "jy": 9.274835323597818e+18,
    "jz": 1.926356834571391e+16,
    "rho": 67208930.86201674
  }
}