{
  "lev=0": {
    "By": 3.178515201113084e-05,
    "Ex": 9529.425434595534,
    "Ey": 9531.035358841318,
    "Ez": 91658.41951432818,
    "jx": 0.0,
    "jy": 0.0,
    "jz": 785848.6496458045
  }
}