{
  "lev=0": {
    "By": 3.176136185686860e-05,
    "Ex": 9.522292819119155e+03,
    "Ey": 9.516582886012895e+03,
    "Ez": 8.118976924626002,
    "jx": 0.0,
    "jy": 0.0,
    "jz": 785848.6496458045
  }
}
