{
  "lev=0": {
    "By": 3.176263886981776e-05,
    "Ex": 9522.675677098947,
    "Ey": 9516.965640013383,
    "Ez": 8.144197849495919,
    "jx": 0.0,
    "jy": 0.0,
    "jz": 785848.6496458045
  }
}
