{
  "beam": {
    "particle_Bx": 0.00019892751984856865,
    "particle_By": 0.00019867076666566045,
    "particle_Bz": 8.94307420849923e-31,
    "particle_Ex": 61164.31942738008,
    "particle_Ey": 61234.00764128965,
    "particle_Ez": 454264.34879202663,
    "particle_cpu": 0.0,
    "particle_id": 200010000.0,
    "particle_momentum_x": 3.678747510259592e-40,
    "particle_momentum_y": 3.6543779476186407e-40,
    "particle_momentum_z": 5.461849061475647e-16,
    "particle_position_x": 0.031880969779242374,
    "particle_position_y": 0.03175704658379704,
    "particle_position_z": 0.03183674192207976,
    "particle_weight": 0.06241509074460764
  },
  "lev=0": {
    "Bx": 3.1790521877469176e-05,
    "By": 3.178515201108831e-05,
    "Bz": 1.3304812187919717e-31,
    "Ex": 9529.425284841402,
    "Ey": 9531.035210773096,
    "Ez": 91658.41950468597,
    "jx": 0.0,
    "jy": 0.0,
    "jz": 785846.9479367874
  }
}