{
  "lev=0": {
    "By": 3.176295702090909e-05,
    "Ex": 9522.771061731508,
    "Ey": 9524.387833670155,
    "Ez": 82111.48351889937,
    "jx": 0.0,
    "jy": 0.0,
    "jz": 785848.6496458045
  }
}