{
  "beam": {
    "particle_Bx": 0.00019892751984782207,
    "particle_By": 0.00019867076666492232,
    "particle_Bz": 1.066790899481338e-25,
    "particle_Ex": 61164.319121642184,
    "particle_Ey": 61234.00714894394,
    "particle_Ez": 454264.34884279425,
    "particle_cpu": 0.0,
    "particle_id": 200010000.0,
    "particle_momentum_x": 3.678747389198891e-35,
    "particle_momentum_y": 3.65437794218946e-35,
    "particle_momentum_z": 5.461849061475647e-16,
    "particle_position_x": 0.031880969779242374,
    "particle_position_y": 0.03175704658379704,
    "particle_position_z": 0.03183674165146306,
    "particle_weight": 0.06241509074460764
  },
  "lev=0": {
    "Bx": 3.1790521877511596e-05,
    "By": 3.178515201113084e-05,
    "Bz": 1.3538135474676288e-26,
    "Ex": 9529.425434595534,
    "Ey": 9531.035358841318,
    "Ez": 91658.41951432818,
    "jx": 0.0,
    "jy": 0.0,
    "jz": 785848.6496458045
  }
}