{
  "electron1": {
    "particle_cpu": 0.0,
    "particle_id": 1.0,
    "particle_momentum_x": 7.290949775645051e-23,
    "particle_momentum_y": 0.0,
    "particle_momentum_z": 1.513278897057852e-34,
    "particle_position_x": 1.2979353623843636e-05,
    "particle_position_y": 2.5918801452693848e-17,
    "particle_weight": 5000000000000.0
  },
  "electron2": {
    "particle_cpu": 0.0,
    "particle_id": 2.0,
    "particle_momentum_x": 7.290949775607332e-23,
    "particle_momentum_y": 0.0,
    "particle_momentum_z": 5.946822451302689e-36,
    "particle_position_x": 1.2979353623849498e-05,
    "particle_position_y": 1.965966968442628e-17,
    "particle_weight": 5000000000000.0
  },
  "lev=0": {
    "Bx": 0.0,
    "By": 10242.068161511446,
    "Bz": 0.0,
    "Ex": 11293464466157.39,
    "Ey": 0.0,
    "Ez": 15385290305753.018,
    "F": 8593.555096981512,
    "divE": 1.709174685907196e+18,
    "jx": 495250727461219.1,
    "jy": 0.0,
    "jz": 564.3956467573765,
    "rho": 6408706.535999998
  }
}