{
  "electron1": {
    "particle_momentum_x": 7.291372825198814e-23,
    "particle_momentum_y": 0.0,
    "particle_position_x": 1.2979933414857606e-05,
    "particle_position_y": 1.457699043121899e-19,
    "particle_weight": 5000000000000.0
  },
  "electron2": {
    "particle_momentum_x": 7.291372825198502e-23,
    "particle_momentum_y": 0.0,
    "particle_position_x": 1.2979933414857252e-05,
    "particle_position_y": 1.389403707390620e-19,
    "particle_weight": 5000000000000.0
  },
  "lev=0": {
    "Bx": 0.0,
    "By": 10242.829286325377,
    "Bz": 0.0,
    "Ex": 11290112090935.816,
    "Ey": 0.0,
    "Ez": 15386357337389.652,
    "F": 8585.384852879466,
    "divE": 1.2346989211242322e+18,
    "jx": 495277180757311.75,
    "jy": 0.0,
    "rho": 6408706.535999998
  }
}