{
  "electron1": {
    "particle_momentum_x": 7.303686586478214e-23,
    "particle_momentum_y": 0.0,
    "particle_momentum_z": 1.556862195127266e-36,
    "particle_position_x": 1.293487226551532e-05,
    "particle_position_y": 1.777889117487881e-19,
    "particle_weight": 5000000000000.0
  },
  "electron2": {
    "particle_momentum_x": 7.303686586477884e-23,
    "particle_momentum_y": 0.0,
    "particle_momentum_z": 1.567350238825104e-36,
    "particle_position_x": 1.293487226551495e-05,
    "particle_position_y": 1.797289839952283e-19,
    "particle_weight": 5000000000000.0
  },
  "lev=0": {
    "Bx": 0.0,
    "By": 10603.68142196111,
    "Bz": 0.0,
    "Ex": 12084698236273.04,
    "Ey": 0.0,
    "Ez": 16282812598779.53,
    "F": 21124.39775810061,
    "divE": 1.495787831639981e+18,
    "jx": 496020344341011.4,
    "jy": 0.0,
    "jz": 10.93513947024536,
    "rho": 6408706.535999998
  }
}