{
  "electron1": {
    "particle_cpu": 0.0,
    "particle_id": 1.0,
    "particle_momentum_x": 7.291372825198814e-23,
    "particle_momentum_y": 0.0,
    "particle_momentum_z": 1.546448492277708e-36,
    "particle_position_x": 1.297993341485761e-05,
    "particle_position_y": 1.779311800015497e-19,
    "particle_weight": 5000000000000.0
  },
  "electron2": {
    "particle_cpu": 0.0,
    "particle_id": 2.0,
    "particle_momentum_x": 7.291372825198502e-23,
    "particle_momentum_y": 0.0,
    "particle_momentum_z": 1.566783697283594e-36,
    "particle_position_x": 1.297993341485725e-05,
    "particle_position_y": 1.79978846968537e-19,
    "particle_weight": 5000000000000.0
  },
  "lev=0": {
    "Bx": 0.0,
    "By": 10242.82951116687,
    "Bz": 0.0,
    "Ex": 11290112090935.82,
    "Ey": 0.0,
    "Ez": 15386357337389.65,
    "F": 8585.384852879466,
    "divE": 1.234698921124232e+18,
    "jx": 495277180757311.8,
    "jy": 0.0,
    "jz": 10.64185986759511,
    "rho": 6408706.535999998
  }
}