{
  "lev=0": {
    "Bx": 115361.74185283793,
    "By": 242516.32397638055,
    "Bz": 62078.1602361236,
    "Ex": 119701543932824.69,
    "Ey": 20420953176049.12,
    "Ez": 53561498853753.336,
    "jx": 2.1550943713704252e+16,
    "jy": 328452566832977.2,
    "jz": 4525238578330174.0,
    "rho": 22112877.392750103
  }
}
