{
  "lev=0": {
    "Bx": 0.0,
    "By": 0.0,
    "Bz": 0.0,
    "Ex": 0.0,
    "Ey": 0.0,
    "Ez": 0.0,
    "jx": 446940.15667708137,
    "jy": 336466.65511462884,
    "jz": 643477.3558271098
  },
  "hydrogen": {
    "particle_momentum_x": 1.7755922493150967e-17,
    "particle_momentum_y": 1.7560695740967348e-17,
    "particle_momentum_z": 2.0942155069912784e-17,
    "particle_position_x": 6674.798229881123,
    "particle_weight": 1.0000000000000003e+18
  }
}
