{
  "lev=0": {
    "Bx": 0.0,
    "By": 0.0,
    "Bz": 0.0,
    "Ex": 0.0,
    "Ey": 0.0,
    "Ez": 0.0,
    "jx": 445352.62905907497,
    "jy": 335237.32650563214,
    "jz": 642843.0772638841
  },
  "hydrogen": {
    "particle_momentum_x": 1.7601356825356232e-17,
    "particle_momentum_y": 1.7588852052729974e-17,
    "particle_momentum_z": 2.0751411594168337e-17,
    "particle_position_x": 6611.0243157372515,
    "particle_weight": 1.0000000000000003e+18
  }
}
