{
  "lev=0": {
    "Bx": 0.0,
    "By": 0.0,
    "Bz": 0.0,
    "Ex": 0.0,
    "Ey": 0.0,
    "Ez": 0.0,
    "jx": 445352.6292086709,
    "jy": 335237.3262978513,
    "jz": 642843.0772638473
  },
  "hydrogen": {
    "particle_momentum_x": 1.7601357872757153e-17,
    "particle_momentum_y": 1.7588853107483516e-17,
    "particle_momentum_z": 2.0751412792415234e-17,
    "particle_position_x": 6611.0243157372515,
    "particle_weight": 1.0000000000000003e+18
  }
}
