{
  "beam": {
    "particle_cpu": 0.0,
    "particle_id": 1500500.0,
    "particle_momentum_x": 4.275414307401172e-19,
    "particle_momentum_y": 4.17353489404236e-19,
    "particle_momentum_z": 2.7466540338095267e-17,
    "particle_position_x": 0.00038227754420858974,
    "particle_position_y": 0.00040084804060639605,
    "particle_position_z": 1.9017769844040127,
    "particle_weight": 3120754537.230381
  },
  "driver": {
    "particle_cpu": 0.0,
    "particle_id": 500500.0,
    "particle_momentum_x": 4.747251762692473e+21,
    "particle_momentum_y": 4.957368621566193e+21,
    "particle_momentum_z": 2.9967719884827463e+25,
    "particle_position_x": 0.0015291127683050845,
    "particle_position_y": 0.001603376452180436,
    "particle_position_z": 0.30618320800027976,
    "particle_weight": 6241509074.460762
  },
  "driverback": {
    "particle_cpu": 0.0,
    "particle_id": 2500500.0,
    "particle_momentum_x": 4.683153456335865e+21,
    "particle_momentum_y": 5.084648482174756e+21,
    "particle_momentum_z": 2.999729460061163e+25,
    "particle_position_x": 0.0015293780426403722,
    "particle_position_y": 0.0016041310861395035,
    "particle_position_z": 0.4918072823278685,
    "particle_weight": 6241509074.460762
  },
  "lev=0": {
    "Bx": 114349.7136863132,
    "By": 237246.4505566202,
    "Bz": 61241.65304787143,
    "Ex": 113310775378373.7,
    "Ey": 18419345522461.79,
    "Ez": 50966995988143.75,
    "jx": 2.343757835716762e+16,
    "jy": 264693118058691.5,
    "jz": 4106460962001447.0,
    "rho": 20831979.8447518
  },
  "plasma_e": {
    "particle_cpu": 9680.0,
    "particle_id": 117349672.0,
    "particle_momentum_x": 1.47392140617758e-19,
    "particle_momentum_y": 1.029536412438356e-20,
    "particle_momentum_z": 2.631936992393973e-17,
    "particle_position_x": 0.4991563943788139,
    "particle_position_y": 0.49917524942325764,
    "particle_position_z": 0.4562708055573991,
    "particle_weight": 33067341227104.625
  },
  "plasma_p": {
    "particle_cpu": 9680.0,
    "particle_id": 128125448.0,
    "particle_momentum_x": 1.477316212213828e-19,
    "particle_momentum_y": 3.334213119544454e-21,
    "particle_momentum_z": 4.8296010015063954e-14,
    "particle_position_x": 0.4991250009706611,
    "particle_position_y": 0.49912499871191435,
    "particle_position_z": 0.4563845474003356,
    "particle_weight": 33067341227104.625
  }
}