{
  "beam": {
    "particle_cpu": 0.0,
    "particle_id": 1500500.0,
    "particle_momentum_x": 4.178482505909375e-19,
    "particle_momentum_y": 4.56492260137707e-19,
    "particle_momentum_z": 2.733972888170628e-17,
    "particle_position_x": 0.0003995213395426269,
    "particle_position_y": 0.0004148795632360405,
    "particle_position_z": 1.901942694291968,
    "particle_weight": 3120754537.230381
  },
  "driver": {
    "particle_cpu": 0.0,
    "particle_id": 500500.0,
    "particle_momentum_x": 4.700436405078562e+21,
    "particle_momentum_y": 4.678586211309308e+21,
    "particle_momentum_z": 2.999596093018443e+25,
    "particle_position_x": 0.001581173031177189,
    "particle_position_y": 0.001621237314969941,
    "particle_position_z": 0.3041777949865339,
    "particle_weight": 6241509074.460762
  },
  "driverback": {
    "particle_cpu": 0.0,
    "particle_id": 2500500.0,
    "particle_momentum_x": 4.813131349021332e+21,
    "particle_momentum_y": 5.16548074090123e+21,
    "particle_momentum_z": 3.005830430844926e+25,
    "particle_position_x": 0.001649481123084974,
    "particle_position_y": 0.001617221874542843,
    "particle_position_z": 0.4899808854005956,
    "particle_weight": 6241509074.460762
  },
  "lev=0": {
    "Bx": 113640.3418756688,
    "By": 233876.9447488167,
    "Bz": 58917.37343833208,
    "Ex": 110724534784295.0,
    "Ey": 17737373912585.38,
    "Ez": 49992244546329.05,
    "jx": 2.303285553934353e+16,
    "jy": 248219033027724.7,
    "jz": 4052890440175054.0,
    "rho": 20554175.26636195
  },
  "plasma_e": {
    "particle_cpu": 9680.0,
    "particle_id": 117349672.0,
    "particle_momentum_x": 1.388826001839711e-19,
    "particle_momentum_y": 9.584782996406928e-21,
    "particle_momentum_z": 2.631835513502191e-17,
    "particle_position_x": 0.4991533519422161,
    "particle_position_y": 0.4991708669676737,
    "particle_position_z": 0.4562788429072069,
    "particle_weight": 33067341227104.625
  },
  "plasma_p": {
    "particle_cpu": 9680.0,
    "particle_id": 128125448.0,
    "particle_momentum_x": 1.395633447277729e-19,
    "particle_momentum_y": 3.33014596181184e-21,
    "particle_momentum_z": 4.829601144915125e-14,
    "particle_position_x": 0.4991250015925794,
    "particle_position_y": 0.4991249991800695,
    "particle_position_z": 0.4563845474251499,
    "particle_weight": 33067341227104.625
  }
}