{
  "beam": {
    "particle_cpu": 0.0,
    "particle_id": 1500500.0,
    "particle_momentum_x": 4.275414307401172e-19,
    "particle_momentum_y": 4.17353489404236e-19,
    "particle_momentum_z": 2.7466540338095267e-17,
    "particle_position_x": 0.00038227754420858974,
    "particle_position_y": 0.00040084804060639605,
    "particle_position_z": 1.9017769844040127,
    "particle_weight": 3120754537.230381
  },
  "driver": {
    "particle_cpu": 0.0,
    "particle_id": 500500.0,
    "particle_momentum_x": 4.747251762692473e+21,
    "particle_momentum_y": 4.957368621566193e+21,
    "particle_momentum_z": 2.9967719884827463e+25,
    "particle_position_x": 0.0015291127683050845,
    "particle_position_y": 0.001603376452180436,
    "particle_position_z": 0.30618320800027976,
    "particle_weight": 6241509074.460762
  },
  "driverback": {
    "particle_cpu": 0.0,
    "particle_id": 2500500.0,
    "particle_momentum_x": 4.683153456335865e+21,
    "particle_momentum_y": 5.084648482174756e+21,
    "particle_momentum_z": 2.999729460061163e+25,
    "particle_position_x": 0.0015293780426403722,
    "particle_position_y": 0.0016041310861395035,
    "particle_position_z": 0.4918072823278685,
    "particle_weight": 6241509074.460762
  },
  "lev=0": {
    "Bx": 113572.32066454006,
    "By": 233769.68176084137,
    "Bz": 58935.90471405687,
    "Ex": 111077830627827.34,
    "Ey": 18104292500486.71,
    "Ez": 49957933531975.0,
    "jx": 2.3032421193292172e+16,
    "jy": 252044670800869.56,
    "jz": 4052661521670030.0,
    "rho": 2.059636421853461e+07
  },
  "plasma_e": {
    "particle_cpu": 9680.0,
    "particle_id": 117349672.0,
    "particle_momentum_x": 1.3889342284437047e-19,
    "particle_momentum_y": 9.709966613374186e-21,
    "particle_momentum_z": 2.6318578216093305e-17,
    "particle_position_x": 0.4991547138014627,
    "particle_position_y": 0.49917221491130515,
    "particle_position_z": 0.4562788688974234,
    "particle_weight": 33067341227104.625
  },
  "plasma_p": {
    "particle_cpu": 9680.0,
    "particle_id": 128125448.0,
    "particle_momentum_x": 1.3957368399934083e-19,
    "particle_momentum_y": 3.3829656839017584e-21,
    "particle_momentum_z": 4.829601122286012e-14,
    "particle_position_x": 0.4991250008410111,
    "particle_position_y": 0.4991249984371928,
    "particle_position_z": 0.4563845474251499,
    "particle_weight": 33067341227104.625
  }
}
