{
  "beam": {
    "particle_cpu": 0.0,
    "particle_id": 1500500.0,
    "particle_momentum_x": 4.275414307401172e-19,
    "particle_momentum_y": 4.17353489404236e-19,
    "particle_momentum_z": 2.7466540338095267e-17,
    "particle_position_x": 0.00038227754420858974,
    "particle_position_y": 0.00040084804060639605,
    "particle_position_z": 1.9017769844040127,
    "particle_weight": 3120754537.230381
  },
  "driver": {
    "particle_cpu": 0.0,
    "particle_id": 500500.0,
    "particle_momentum_x": 4.747251762692473e+21,
    "particle_momentum_y": 4.957368621566193e+21,
    "particle_momentum_z": 2.9967719884827463e+25,
    "particle_position_x": 0.0015291127683050845,
    "particle_position_y": 0.001603376452180436,
    "particle_position_z": 0.30618320800027976,
    "particle_weight": 6241509074.460762
  },
  "driverback": {
    "particle_cpu": 0.0,
    "particle_id": 2500500.0,
    "particle_momentum_x": 4.683153456335865e+21,
    "particle_momentum_y": 5.084648482174756e+21,
    "particle_momentum_z": 2.999729460061163e+25,
    "particle_position_x": 0.0015293780426403722,
    "particle_position_y": 0.0016041310861395035,
    "particle_position_z": 0.4918072823278685,
    "particle_weight": 6241509074.460762
  },
  "lev=0": {
    "Bx": 97799.68920761721,
    "By": 97809.22760976445,
    "Bz": 31.138421896287632,
    "Ex": 12848024095028.355,
    "Ey": 12847124613971.557,
    "Ez": 32437971780449.27,
    "jx": 308194378521.1045,
    "jy": 182890492089.67697,
    "jz": 904274843199463.8
  },
  "plasma_e": {
    "particle_cpu": 4116.0,
    "particle_id": 22919946.0,
    "particle_momentum_x": 5.744112487812186e-22,
    "particle_momentum_y": 5.721125891605127e-22,
    "particle_momentum_z": 1.1184397774190402e-17,
    "particle_position_x": 0.13505927138536114,
    "particle_position_y": 0.13505924998293056,
    "particle_position_z": 0.20362720922167785,
    "particle_weight": 126912632943.36244
  },
  "plasma_p": {
    "particle_cpu": 4116.0,
    "particle_id": 25328394.0,
    "particle_momentum_x": 5.744307393038055e-22,
    "particle_momentum_y": 5.721328534468911e-22,
    "particle_momentum_z": 2.0535791479091845e-14,
    "particle_position_x": 0.13505624835441166,
    "particle_position_y": 0.13505624836606694,
    "particle_position_z": 0.20362719494726217,
    "particle_weight": 126912632943.36244
  }
}