{
  "beam": {
    "particle_cpu": 0.0,
    "particle_id": 1500500.0,
    "particle_momentum_x": 4.275414307401172e-19,
    "particle_momentum_y": 4.1735348940423594e-19,
    "particle_momentum_z": 2.7466540338095267e-17,
    "particle_position_x": 0.00038227754420858974,
    "particle_position_y": 0.0004008480406063961,
    "particle_position_z": 1.9017769844040129,
    "particle_weight": 3120754537.230381
  },
  "driver": {
    "particle_cpu": 0.0,
    "particle_id": 500500.0,
    "particle_momentum_x": 4.747251762692475e+21,
    "particle_momentum_y": 4.957368621566192e+21,
    "particle_momentum_z": 2.9967719884827463e+25,
    "particle_position_x": 0.0015291127683050845,
    "particle_position_y": 0.001603376452180436,
    "particle_position_z": 0.30618320800027976,
    "particle_weight": 6241509074.460762
  },
  "driverback": {
    "particle_cpu": 0.0,
    "particle_id": 2500500.0,
    "particle_momentum_x": 4.683153456335865e+21,
    "particle_momentum_y": 5.084648482174756e+21,
    "particle_momentum_z": 2.999729460061163e+25,
    "particle_position_x": 0.0015293780426403722,
    "particle_position_y": 0.0016041310861395035,
    "particle_position_z": 0.4918072823278686,
    "particle_weight": 6241509074.460762
  },
  "lev=0": {
    "Bx": 115327.15140818382,
    "By": 242416.19187313571,
    "Bz": 62096.66973827369,
    "Ex": 120130722555567.77,
    "Ey": 20867597109617.934,
    "Ez": 53551348241648.52,
    "jx": 2.1551699509760676e+16,
    "jy": 332122730528260.0,
    "jz": 4524888666510641.0,
    "rho": 2.215823510934440e+07
  },
  "plasma_e": {
    "particle_cpu": 9680.0,
    "particle_id": 117349672.0,
    "particle_momentum_x": 2.6417827387235982e-19,
    "particle_momentum_y": 1.3246227891556811e-20,
    "particle_momentum_z": 2.632691328351647e-17,
    "particle_position_x": 0.49916178543521594,
    "particle_position_y": 0.4991848022446371,
    "particle_position_z": 0.45626376648502054,
    "particle_weight": 33067341227104.594
  },
  "plasma_p": {
    "particle_cpu": 9680.0,
    "particle_id": 128125448.0,
    "particle_momentum_x": 2.6389034754489564e-19,
    "particle_momentum_y": 5.3122104782787265e-21,
    "particle_momentum_z": 4.8296005971893094e-14,
    "particle_position_x": 0.4991250026192299,
    "particle_position_y": 0.4991249980376633,
    "particle_position_z": 0.4563845472659988,
    "particle_weight": 33067341227104.594
  }
}
