{
  "beam": {
    "particle_cpu": 0.0,
    "particle_id": 1500500.0,
    "particle_momentum_x": 4.275414307401172e-19,
    "particle_momentum_y": 4.1735348940423594e-19,
    "particle_momentum_z": 2.7466540338095267e-17,
    "particle_position_x": 0.00038227754420858974,
    "particle_position_y": 0.0004008480406063961,
    "particle_position_z": 1.9017769844040129,
    "particle_weight": 3120754537.230381
  },
  "driver": {
    "particle_cpu": 0.0,
    "particle_id": 500500.0,
    "particle_momentum_x": 4.747251762692475e+21,
    "particle_momentum_y": 4.957368621566192e+21,
    "particle_momentum_z": 2.9967719884827463e+25,
    "particle_position_x": 0.0015291127683050845,
    "particle_position_y": 0.001603376452180436,
    "particle_position_z": 0.30618320800027976,
    "particle_weight": 6241509074.460762
  },
  "driverback": {
    "particle_cpu": 0.0,
    "particle_id": 2500500.0,
    "particle_momentum_x": 4.683153456335865e+21,
    "particle_momentum_y": 5.084648482174756e+21,
    "particle_momentum_z": 2.999729460061163e+25,
    "particle_position_x": 0.0015293780426403722,
    "particle_position_y": 0.0016041310861395035,
    "particle_position_z": 0.4918072823278686,
    "particle_weight": 6241509074.460762
  },
  "lev=0": {
    "Bx": 98192.19947145433,
    "By": 98202.24044988544,
    "Bz": 32.176883437432316,
    "Ex": 14065714408245.07,
    "Ey": 14064073072398.174,
    "Ez": 33307954593489.707,
    "jx": 304667056543.9146,
    "jy": 180701392073.9691,
    "jz": 904275753595636.4
  },
  "plasma_e": {
    "particle_cpu": 4116.0,
    "particle_id": 22919946.0,
    "particle_momentum_x": 5.40817681171179e-22,
    "particle_momentum_y": 5.385133314763837e-22,
    "particle_momentum_z": 1.1184395632063724e-17,
    "particle_position_x": 0.1350593467304257,
    "particle_position_y": 0.1350593241232737,
    "particle_position_z": 0.20362721013846566,
    "particle_weight": 126912632943.3621
  },
  "plasma_p": {
    "particle_cpu": 4116.0,
    "particle_id": 25328394.0,
    "particle_momentum_x": 5.408310433658191e-22,
    "particle_momentum_y": 5.385274435809097e-22,
    "particle_momentum_z": 2.0535791481240203e-14,
    "particle_position_x": 0.13505624831336835,
    "particle_position_y": 0.13505624832567958,
    "particle_position_z": 0.2036271949467523,
    "particle_weight": 126912632943.3621
  }
}