{
  "lev=0": {
    "Bx": 115622.1878941125,
    "By": 243403.66715242947,
    "Bz": 63602.66529020351,
    "Ex": 117118934931289.56,
    "Ey": 18448377440588.27,
    "Ez": 50821967818817.24,
    "jx": 2.1044522674691452e+16,
    "jy": 329314843111847.94,
    "jz": 4524787623275627.0,
    "rho": 22128883.53068064
  },
  "driverback": {
    "particle_momentum_x": 4.813131349021332e+21,
    "particle_momentum_y": 5.16548074090123e+21,
    "particle_momentum_z": 3.005830430844926e+25,
    "particle_position_x": 0.001649481123084974,
    "particle_position_y": 0.0016172218745428432,
    "particle_position_z": 0.4899808854005956,
    "particle_weight": 6241509074.460762
  },
  "beam": {
    "particle_momentum_x": 4.178482505909375e-19,
    "particle_momentum_y": 4.56492260137707e-19,
    "particle_momentum_z": 2.733972888170628e-17,
    "particle_position_x": 0.0003995213395426269,
    "particle_position_y": 0.0004148795632360405,
    "particle_position_z": 1.901942694291968,
    "particle_weight": 3120754537.230381
  },
  "plasma_e": {
    "particle_momentum_x": 1.9905288525315664e-19,
    "particle_momentum_y": 1.2685401564810352e-20,
    "particle_momentum_z": 2.6334746597885943e-17,
    "particle_position_x": 0.4991702885212871,
    "particle_position_y": 0.4991949978513417,
    "particle_position_z": 0.4562491611716817,
    "particle_weight": 33067341227104.625
  },
  "plasma_p": {
    "particle_momentum_x": 2.002897995377179e-19,
    "particle_momentum_y": 2.87423099731012e-21,
    "particle_momentum_z": 4.8296000849128737e-14,
    "particle_position_x": 0.49912500259846493,
    "particle_position_y": 0.4991249979476612,
    "particle_position_z": 0.45638454712861487,
    "particle_weight": 33067341227104.625
  },
  "driver": {
    "particle_momentum_x": 4.700436405078562e+21,
    "particle_momentum_y": 4.6785862113093076e+21,
    "particle_momentum_z": 2.9995960930184427e+25,
    "particle_position_x": 0.0015811730311771888,
    "particle_position_y": 0.0016212373149699414,
    "particle_position_z": 0.30417779498653386,
    "particle_weight": 6241509074.460762
  }
}