{
  "beam": {
    "particle_cpu": 0.0,
    "particle_id": 1500500.0,
    "particle_momentum_x": 4.210792541741028e-19,
    "particle_momentum_y": 4.1138261183560033e-19,
    "particle_momentum_z": 2.7237823668172713e-17,
    "particle_position_x": 0.0015091134632009644,
    "particle_position_y": 0.001484901544080785,
    "particle_position_z": 1.9017767912783692,
    "particle_weight": 3120754537.230381
  },
  "driver": {
    "particle_cpu": 0.0,
    "particle_id": 500500.0,
    "particle_momentum_x": 4.747251762692475e+21,
    "particle_momentum_y": 4.957368621566193e+21,
    "particle_momentum_z": 2.9967719884827463e+25,
    "particle_position_x": 0.0015297460887947526,
    "particle_position_y": 0.001602556980708184,
    "particle_position_z": 0.3061832080602548,
    "particle_weight": 6241509074.460762
  },
  "driverback": {
    "particle_cpu": 0.0,
    "particle_id": 2500500.0,
    "particle_momentum_x": 4.683153456335865e+21,
    "particle_momentum_y": 5.084648482174756e+21,
    "particle_momentum_z": 2.999729460061163e+25,
    "particle_position_x": 0.0015293780426403722,
    "particle_position_y": 0.0016041310861395035,
    "particle_position_z": 0.4918072823278686,
    "particle_weight": 6241509074.460762
  },
  "lev=0": {
    "Bx": 115296.65565449776,
    "By": 242386.2705357566,
    "Bz": 62096.393862883466,
    "Ex": 120122093356179.39,
    "Ey": 20858270461863.47,
    "Ez": 53552371026094.766,
    "jx": 2.1552051141207756e+16,
    "jy": 332588591386196.75,
    "jz": 4524889367872466.0
  },
  "plasma_e": {
    "particle_cpu": 9680.0,
    "particle_id": 117349672.0,
    "particle_momentum_x": 2.641782734076515e-19,
    "particle_momentum_y": 1.3246231927074273e-20,
    "particle_momentum_z": 2.632691328323135e-17,
    "particle_position_x": 0.49916178544464895,
    "particle_position_y": 0.4991848022680044,
    "particle_position_z": 0.4562637664817451,
    "particle_weight": 33067341227104.594
  },
  "plasma_p": {
    "particle_cpu": 9680.0,
    "particle_id": 128125448.0,
    "particle_momentum_x": 2.638903462415846e-19,
    "particle_momentum_y": 5.312212416807752e-21,
    "particle_momentum_z": 4.8296005971893094e-14,
    "particle_position_x": 0.49912500261923,
    "particle_position_y": 0.4991249980376525,
    "particle_position_z": 0.4563845472659988,
    "particle_weight": 33067341227104.594
  }
}