{
  "lev=0": {
    "Bx": 116102.13010406512,
    "By": 245467.5412026496,
    "Bz": 65305.35287114741,
    "Ex": 118565481099326.73,
    "Ey": 18640100573642.96,
    "Ez": 51777969821120.38,
    "jx": 2.1177246490642464e+16,
    "jy": 351544815339900.3,
    "jz": 4573466562652713.0,
    "rho": 22294533.587530266
  },
  "beam": {
    "particle_momentum_x": 4.178482505909375e-19,
    "particle_momentum_y": 4.56492260137707e-19,
    "particle_momentum_z": 2.733972888170628e-17,
    "particle_position_x": 0.0003995213395426269,
    "particle_position_y": 0.0004148795632360405,
    "particle_position_z": 1.901942694291968,
    "particle_weight": 3120754537.230381
  },
  "driver": {
    "particle_momentum_x": 4.700436405078562e+21,
    "particle_momentum_y": 4.6785862113093076e+21,
    "particle_momentum_z": 2.9995960930184427e+25,
    "particle_position_x": 0.0015811730311771888,
    "particle_position_y": 0.0016212373149699414,
    "particle_position_z": 0.30417779498653386,
    "particle_weight": 6241509074.460762
  },
  "driverback": {
    "particle_momentum_x": 4.813131349021332e+21,
    "particle_momentum_y": 5.16548074090123e+21,
    "particle_momentum_z": 3.005830430844926e+25,
    "particle_position_x": 0.001649481123084974,
    "particle_position_y": 0.0016172218745428432,
    "particle_position_z": 0.4899808854005956,
    "particle_weight": 6241509074.460762
  },
  "plasma_e": {
    "particle_momentum_x": 2.0912364079892767e-19,
    "particle_momentum_y": 1.3510804924903876e-20,
    "particle_momentum_z": 2.6336070297356917e-17,
    "particle_position_x": 0.49917333523960167,
    "particle_position_y": 0.49919828074154127,
    "particle_position_z": 0.45624167532314724,
    "particle_weight": 33067341227104.625
  },
  "plasma_p": {
    "particle_momentum_x": 2.1053025446547977e-19,
    "particle_momentum_y": 3.3272838305044046e-21,
    "particle_momentum_z": 4.829599953646669e-14,
    "particle_position_x": 0.49912500297599893,
    "particle_position_y": 0.49912499825258866,
    "particle_position_z": 0.45638454709795806,
    "particle_weight": 33067341227104.625
  }
}