{
  "beam": {
    "particle_cpu": 0.0,
    "particle_id": 1500500.0,
    "particle_momentum_x": 4.178482505909375e-19,
    "particle_momentum_y": 4.56492260137707e-19,
    "particle_momentum_z": 2.733972888170628e-17,
    "particle_position_x": 0.0003995213395426269,
    "particle_position_y": 0.0004148795632360405,
    "particle_position_z": 1.901942694291968,
    "particle_weight": 3120754537.230381
  },
  "driver": {
    "particle_cpu": 0.0,
    "particle_id": 500500.0,
    "particle_momentum_x": 4.700436405078562e+21,
    "particle_momentum_y": 4.678586211309308e+21,
    "particle_momentum_z": 2.999596093018443e+25,
    "particle_position_x": 0.001581173031177189,
    "particle_position_y": 0.001621237314969941,
    "particle_position_z": 0.3041777949865339,
    "particle_weight": 6241509074.460762
  },
  "driverback": {
    "particle_cpu": 0.0,
    "particle_id": 2500500.0,
    "particle_momentum_x": 4.813131349021332e+21,
    "particle_momentum_y": 5.16548074090123e+21,
    "particle_momentum_z": 3.005830430844926e+25,
    "particle_position_x": 0.001649481123084974,
    "particle_position_y": 0.001617221874542843,
    "particle_position_z": 0.4899808854005956,
    "particle_weight": 6241509074.460762
  },
  "lev=0": {
    "Bx": 114419.4530647947,
    "By": 237357.3069340034,
    "Bz": 61222.57415443816,
    "Ex": 112951263088621.0,
    "Ey": 18046643403106.45,
    "Ez": 51001411566869.4,
    "jx": 2.343804803356361e+16,
    "jy": 260779750661908.3,
    "jz": 4106706564662903.0,
    "rho": 20789992.3902211
  },
  "plasma_e": {
    "particle_cpu": 9680.0,
    "particle_id": 117349672.0,
    "particle_momentum_x": 1.473741556000155e-19,
    "particle_momentum_y": 1.017067297999503e-20,
    "particle_momentum_z": 2.631914757990082e-17,
    "particle_position_x": 0.4991550302254794,
    "particle_position_y": 0.4991738993905907,
    "particle_position_z": 0.4562707780957934,
    "particle_weight": 33067341227104.625
  },
  "plasma_p": {
    "particle_cpu": 9680.0,
    "particle_id": 128125448.0,
    "particle_momentum_x": 1.477221121488074e-19,
    "particle_momentum_y": 3.297815182102652e-21,
    "particle_momentum_z": 4.829601024084073e-14,
    "particle_position_x": 0.4991250017240317,
    "particle_position_y": 0.4991249994564745,
    "particle_position_z": 0.4563845474003356,
    "particle_weight": 33067341227104.625
  }
}