{
  "beam": {
    "particle_cpu": 0.0,
    "particle_id": 1500500.0,
    "particle_momentum_x": 4.275414307401172e-19,
    "particle_momentum_y": 4.17353489404236e-19,
    "particle_momentum_z": 2.7466540338095267e-17,
    "particle_position_x": 0.00038227754420858974,
    "particle_position_y": 0.00040084804060639605,
    "particle_position_z": 1.9017769844040127,
    "particle_weight": 3120754537.230381
  },
  "driver": {
    "particle_cpu": 0.0,
    "particle_id": 500500.0,
    "particle_momentum_x": 4.747251762692473e+21,
    "particle_momentum_y": 4.957368621566193e+21,
    "particle_momentum_z": 2.9967719884827463e+25,
    "particle_position_x": 0.0015291127683050845,
    "particle_position_y": 0.001603376452180436,
    "particle_position_z": 0.30618320800027976,
    "particle_weight": 6241509074.460762
  },
  "driverback": {
    "particle_cpu": 0.0,
    "particle_id": 2500500.0,
    "particle_momentum_x": 4.683153456335865e+21,
    "particle_momentum_y": 5.084648482174756e+21,
    "particle_momentum_z": 2.999729460061163e+25,
    "particle_position_x": 0.0015293780426403722,
    "particle_position_y": 0.0016041310861395035,
    "particle_position_z": 0.4918072823278685,
    "particle_weight": 6241509074.460762
  },
  "lev=0": {
    "Bx": 97806.19840108546,
    "By": 97815.85756771098,
    "Bz": 31.732427701722912,
    "Ex": 12877754924119.082,
    "Ey": 12876901684280.229,
    "Ez": 32448463177834.543,
    "jx": 307666015585.9687,
    "jy": 182363554739.9786,
    "jz": 904274413323325.2
  },
  "plasma_e": {
    "particle_cpu": 4116.0,
    "particle_id": 22919946.0,
    "particle_momentum_x": 5.685881126709523e-22,
    "particle_momentum_y": 5.6629711844429285e-22,
    "particle_momentum_z": 1.1184398018026139e-17,
    "particle_position_x": 0.1350592433885383,
    "particle_position_y": 0.1350592219411637,
    "particle_position_z": 0.20362720921987482,
    "particle_weight": 126912632943.36244
  },
  "plasma_p": {
    "particle_cpu": 4116.0,
    "particle_id": 25328394.0,
    "particle_momentum_x": 5.686071969908394e-22,
    "particle_momentum_y": 5.663169754132697e-22,
    "particle_momentum_z": 2.0535791478848e-14,
    "particle_position_x": 0.13505624836966013,
    "particle_position_y": 0.13505624838133984,
    "particle_position_z": 0.20362719494726383,
    "particle_weight": 126912632943.36244
  }
}