{
  "beam": {
    "particle_momentum_x": 4.178482505909375e-19,
    "particle_momentum_y": 4.56492260137707e-19,
    "particle_momentum_z": 2.733972888170628e-17,
    "particle_position_x": 0.0003995213395426269,
    "particle_position_y": 0.0004148795632360405,
    "particle_position_z": 1.901942694291968,
    "particle_weight": 3120754537.230381
  },
  "driver": {
    "particle_momentum_x": 4.700436405078562e+21,
    "particle_momentum_y": 4.6785862113093076e+21,
    "particle_momentum_z": 2.9995960930184427e+25,
    "particle_position_x": 0.0015811730311771888,
    "particle_position_y": 0.0016212373149699414,
    "particle_position_z": 0.30417779498653386,
    "particle_weight": 6241509074.460762
  },
  "driverback": {
    "particle_momentum_x": 4.813131349021332e+21,
    "particle_momentum_y": 5.16548074090123e+21,
    "particle_momentum_z": 3.005830430844926e+25,
    "particle_position_x": 0.001649481123084974,
    "particle_position_y": 0.0016172218745428432,
    "particle_position_z": 0.4899808854005956,
    "particle_weight": 6241509074.460762
  },
  "lev=0": {
    "Bx": 116102.28415732287,
    "By": 245468.57438100342,
    "Bz": 65305.38781838063,
    "Ex": 118565257880521.4,
    "Ey": 18640027127418.004,
    "Ez": 51777964618631.914,
    "jx": 2.1177240176169996e+16,
    "jy": 351529204246424.9,
    "jz": 4573419547907262.0,
    "rho": 22294773.912022192
  },
  "plasma_e": {
    "particle_momentum_x": 2.0912370354448323e-19,
    "particle_momentum_y": 1.3510736736168866e-20,
    "particle_momentum_z": 2.633607024821822e-17,
    "particle_position_x": 0.4991733347875822,
    "particle_position_y": 0.49919828067421096,
    "particle_position_z": 0.4562416755755165,
    "particle_weight": 33067341227104.625
  },
  "plasma_p": {
    "particle_momentum_x": 2.105303160755537e-19,
    "particle_momentum_y": 3.3281768098792752e-21,
    "particle_momentum_z": 4.829599953650214e-14,
    "particle_position_x": 0.4991250029759827,
    "particle_position_y": 0.49912499825258744,
    "particle_position_z": 0.4563845470979585,
    "particle_weight": 33067341227104.625
  }
}