{
  "beam": {
    "particle_cpu": 0.0,
    "particle_id": 1500500.0,
    "particle_momentum_x": 4.2546919797509896e-19,
    "particle_momentum_y": 4.1535435963437147e-19,
    "particle_momentum_z": 2.728767021901075e-17,
    "particle_position_x": 0.001517680460798969,
    "particle_position_y": 0.001493038909816312,
    "particle_position_z": 1.9017771013093303,
    "particle_weight": 3120754537.230381
  },
  "driver": {
    "particle_cpu": 0.0,
    "particle_id": 500500.0,
    "particle_momentum_x": 4.747251762692475e+21,
    "particle_momentum_y": 4.957368621566193e+21,
    "particle_momentum_z": 2.9967719884827463e+25,
    "particle_position_x": 0.0015297460887947526,
    "particle_position_y": 0.0016025569807081841,
    "particle_position_z": 0.30618320806025484,
    "particle_weight": 6241509074.460762
  },
  "driverback": {
    "particle_cpu": 0.0,
    "particle_id": 2500500.0,
    "particle_momentum_x": 4.683153456335865e+21,
    "particle_momentum_y": 5.084648482174756e+21,
    "particle_momentum_z": 2.999729460061163e+25,
    "particle_position_x": 0.0015293780426403722,
    "particle_position_y": 0.0016041310861395035,
    "particle_position_z": 0.4918072823278685,
    "particle_weight": 6241509074.460762
  },
  "lev=0": {
    "Bx": 113543.24539482682,
    "By": 233741.17393981531,
    "Bz": 58935.77448801328,
    "Ex": 111068606765582.56,
    "Ey": 18094673560389.668,
    "Ez": 49958619770867.51,
    "jx": 2.3032748111150644e+16,
    "jy": 252474073442391.66,
    "jz": 4052662270416592.5
  },
  "plasma_e": {
    "particle_cpu": 9680.0,
    "particle_id": 117349672.0,
    "particle_momentum_x": 1.3889342265260038e-19,
    "particle_momentum_y": 9.709969988419179e-21,
    "particle_momentum_z": 2.6318578216372713e-17,
    "particle_position_x": 0.49915471382358884,
    "particle_position_y": 0.49917221493691577,
    "particle_position_z": 0.45627886889049274,
    "particle_weight": 33067341227104.625
  },
  "plasma_p": {
    "particle_cpu": 9680.0,
    "particle_id": 128125448.0,
    "particle_momentum_x": 1.3957368376090204e-19,
    "particle_momentum_y": 3.382968002613272e-21,
    "particle_momentum_z": 4.8296011222859755e-14,
    "particle_position_x": 0.4991250008410124,
    "particle_position_y": 0.49912499843718144,
    "particle_position_z": 0.4563845474251499,
    "particle_weight": 33067341227104.625
  }
}