{
  "beam": {
    "particle_cpu": 0.0,
    "particle_id": 1500500.0,
    "particle_momentum_x": 4.254150716302384e-19,
    "particle_momentum_y": 4.152774664953137e-19,
    "particle_momentum_z": 2.7285024671598035e-17,
    "particle_position_x": 0.001517617677859585,
    "particle_position_y": 0.0014929352020519265,
    "particle_position_z": 1.9017771002859827,
    "particle_weight": 3120754537.230381
  },
  "driver": {
    "particle_cpu": 0.0,
    "particle_id": 500500.0,
    "particle_momentum_x": 4.747251762692475e+21,
    "particle_momentum_y": 4.957368621566193e+21,
    "particle_momentum_z": 2.9967719884827463e+25,
    "particle_position_x": 0.0015297460887947526,
    "particle_position_y": 0.0016025569807081841,
    "particle_position_z": 0.30618320806025484,
    "particle_weight": 6241509074.460762
  },
  "driverback": {
    "particle_cpu": 0.0,
    "particle_id": 2500500.0,
    "particle_momentum_x": 4.683153456335865e+21,
    "particle_momentum_y": 5.084648482174756e+21,
    "particle_momentum_z": 2.999729460061163e+25,
    "particle_position_x": 0.0015293780426403722,
    "particle_position_y": 0.0016041310861395035,
    "particle_position_z": 0.4918072823278685,
    "particle_weight": 6241509074.460762
  },
  "lev=0": {
    "Bx": 114299.37916425528,
    "By": 237304.07842645195,
    "Bz": 61328.49052738358,
    "Ex": 113280400608769.45,
    "Ey": 18401475569489.21,
    "Ez": 50955294196884.17,
    "jx": 2.343769831642369e+16,
    "jy": 266597833674456.97,
    "jz": 4104671453588115.0
  },
  "plasma_e": {
    "particle_cpu": 9680.0,
    "particle_id": 117349672.0,
    "particle_momentum_x": 1.4744722246571575e-19,
    "particle_momentum_y": 1.0328031381914741e-20,
    "particle_momentum_z": 2.631938050965806e-17,
    "particle_position_x": 0.49915650160997227,
    "particle_position_y": 0.49917524176859507,
    "particle_position_z": 0.4562708215421726,
    "particle_weight": 33067341227104.625
  },
  "plasma_p": {
    "particle_cpu": 9680.0,
    "particle_id": 128125448.0,
    "particle_momentum_x": 1.4783893377114437e-19,
    "particle_momentum_y": 3.3820433620546598e-21,
    "particle_momentum_z": 4.829601002121202e-14,
    "particle_position_x": 0.49912500094748385,
    "particle_position_y": 0.4991249987019034,
    "particle_position_z": 0.4563845474006914,
    "particle_weight": 33067341227104.625
  }
}