{
  "beam": {
    "particle_cpu": 0.0,
    "particle_id": 1500500.0,
    "particle_momentum_x": 4.178482505909375e-19,
    "particle_momentum_y": 4.56492260137707e-19,
    "particle_momentum_z": 2.733972888170628e-17,
    "particle_position_x": 0.0003995213395426269,
    "particle_position_y": 0.0004148795632360405,
    "particle_position_z": 1.901942694291968,
    "particle_weight": 3120754537.230381
  },
  "driver": {
    "particle_cpu": 0.0,
    "particle_id": 500500.0,
    "particle_momentum_x": 4.700436405078562e+21,
    "particle_momentum_y": 4.6785862113093076e+21,
    "particle_momentum_z": 2.9995960930184427e+25,
    "particle_position_x": 0.0015811730311771888,
    "particle_position_y": 0.0016212373149699414,
    "particle_position_z": 0.30417779498653386,
    "particle_weight": 6241509074.460762
  },
  "driverback": {
    "particle_cpu": 0.0,
    "particle_id": 2500500.0,
    "particle_momentum_x": 4.813131349021332e+21,
    "particle_momentum_y": 5.16548074090123e+21,
    "particle_momentum_z": 3.005830430844926e+25,
    "particle_position_x": 0.001649481123084974,
    "particle_position_y": 0.0016172218745428432,
    "particle_position_z": 0.4899808854005956,
    "particle_weight": 6241509074.460762
  },
  "lev=0": {
    "Bx": 115622.38124168929,
    "By": 243405.25199746038,
    "Bz": 63602.713209078014,
    "Ex": 117118723119070.72,
    "Ey": 18448325716024.688,
    "Ez": 50821980097172.29,
    "jx": 2.104451599585796e+16,
    "jy": 329301545706958.4,
    "jz": 4524740919108259.0,
    "rho": 22129124.901803844
  },
  "plasma_e": {
    "particle_cpu": 9680.0,
    "particle_id": 117349672.0,
    "particle_momentum_x": 1.9905296213155052e-19,
    "particle_momentum_y": 1.2685326003720766e-20,
    "particle_momentum_z": 2.6334746549552728e-17,
    "particle_position_x": 0.4991702881158205,
    "particle_position_y": 0.4991949977965001,
    "particle_position_z": 0.45624916139143146,
    "particle_weight": 33067341227104.625
  },
  "plasma_p": {
    "particle_cpu": 9680.0,
    "particle_id": 128125448.0,
    "particle_momentum_x": 2.0028987523417718e-19,
    "particle_momentum_y": 2.875037979316222e-21,
    "particle_momentum_z": 4.8296000849162443e-14,
    "particle_position_x": 0.49912500259844994,
    "particle_position_y": 0.4991249979476608,
    "particle_position_z": 0.4563845471286154,
    "particle_weight": 33067341227104.625
  }
}