{
  "beam": {
    "particle_cpu": 0.0,
    "particle_id": 1500500.0,
    "particle_momentum_x": 4.275414307401172e-19,
    "particle_momentum_y": 4.17353489404236e-19,
    "particle_momentum_z": 2.7466540338095267e-17,
    "particle_position_x": 0.00038227754420858974,
    "particle_position_y": 0.00040084804060639605,
    "particle_position_z": 1.9017769844040127,
    "particle_weight": 3120754537.230381
  },
  "driver": {
    "particle_cpu": 0.0,
    "particle_id": 500500.0,
    "particle_momentum_x": 4.747251762692473e+21,
    "particle_momentum_y": 4.957368621566193e+21,
    "particle_momentum_z": 2.9967719884827463e+25,
    "particle_position_x": 0.0015291127683050845,
    "particle_position_y": 0.001603376452180436,
    "particle_position_z": 0.30618320800027976,
    "particle_weight": 6241509074.460762
  },
  "driverback": {
    "particle_cpu": 0.0,
    "particle_id": 2500500.0,
    "particle_momentum_x": 4.683153456335865e+21,
    "particle_momentum_y": 5.084648482174756e+21,
    "particle_momentum_z": 2.999729460061163e+25,
    "particle_position_x": 0.0015293780426403722,
    "particle_position_y": 0.0016041310861395035,
    "particle_position_z": 0.4918072823278685,
    "particle_weight": 6241509074.460762
  },
  "lev=0": {
    "Bx": 113572.3239223123,
    "By": 233769.8242879395,
    "Bz": 58935.98363962277,
    "Ex": 111077937889086.8,
    "Ey": 18104293959089.8,
    "Ez": 49957937094952.45,
    "jx": 2.303244526071982e+16,
    "jy": 252044805284445.3,
    "jz": 4052662504124792.0,
    "rho": 20596372.2122716
  },
  "plasma_e": {
    "particle_cpu": 9680.0,
    "particle_id": 117349672.0,
    "particle_momentum_x": 1.388935278083215e-19,
    "particle_momentum_y": 9.70997286808454e-21,
    "particle_momentum_z": 2.6318578216093305e-17,
    "particle_position_x": 0.4991547138014627,
    "particle_position_y": 0.49917221491130515,
    "particle_position_z": 0.4562788688974234,
    "particle_weight": 33067341227104.625
  },
  "plasma_p": {
    "particle_cpu": 9680.0,
    "particle_id": 128125448.0,
    "particle_momentum_x": 1.395737954842001e-19,
    "particle_momentum_y": 3.382976343745492e-21,
    "particle_momentum_z": 4.829601122286012e-14,
    "particle_position_x": 0.4991250008410111,
    "particle_position_y": 0.4991249984371928,
    "particle_position_z": 0.4563845474251499,
    "particle_weight": 33067341227104.625
  }
}