{
  "beam": {
    "particle_cpu": 0.0,
    "particle_id": 1500500.0,
    "particle_momentum_x": 4.275414307401172e-19,
    "particle_momentum_y": 4.17353489404236e-19,
    "particle_momentum_z": 2.7466540338095267e-17,
    "particle_position_x": 0.00038227754420858974,
    "particle_position_y": 0.00040084804060639605,
    "particle_position_z": 1.9017769844040127,
    "particle_weight": 3120754537.230381
  },
  "driver": {
    "particle_cpu": 0.0,
    "particle_id": 500500.0,
    "particle_momentum_x": 4.747251762692473e+21,
    "particle_momentum_y": 4.957368621566193e+21,
    "particle_momentum_z": 2.9967719884827463e+25,
    "particle_position_x": 0.0015291127683050845,
    "particle_position_y": 0.001603376452180436,
    "particle_position_z": 0.30618320800027976,
    "particle_weight": 6241509074.460762
  },
  "driverback": {
    "particle_cpu": 0.0,
    "particle_id": 2500500.0,
    "particle_momentum_x": 4.683153456335865e+21,
    "particle_momentum_y": 5.084648482174756e+21,
    "particle_momentum_z": 2.999729460061163e+25,
    "particle_position_x": 0.0015293780426403722,
    "particle_position_y": 0.0016041310861395035,
    "particle_position_z": 0.4918072823278685,
    "particle_weight": 6241509074.460762
  },
  "lev=0": {
    "Bx": 114328.53386931714,
    "By": 237332.66116130582,
    "Bz": 61328.62374673553,
    "Ex": 113289650532167.0,
    "Ey": 18411076207998.273,
    "Ez": 50954501122480.19,
    "jx": 2.3437371454127536e+16,
    "jy": 266168547416099.03,
    "jz": 4104670692854565.0
  },
  "plasma_e": {
    "particle_cpu": 9680.0,
    "particle_id": 117349672.0,
    "particle_momentum_x": 1.4744722147189704e-19,
    "particle_momentum_y": 1.0328027449990434e-20,
    "particle_momentum_z": 2.6319380509387873e-17,
    "particle_position_x": 0.4991565015863617,
    "particle_position_y": 0.49917524174247196,
    "particle_position_z": 0.4562708215498326,
    "particle_weight": 33067341227104.625
  },
  "plasma_p": {
    "particle_cpu": 9680.0,
    "particle_id": 128125448.0,
    "particle_momentum_x": 1.4783893414226017e-19,
    "particle_momentum_y": 3.382041641073599e-21,
    "particle_momentum_z": 4.8296010021212387e-14,
    "particle_position_x": 0.49912500094748236,
    "particle_position_y": 0.49912499870191485,
    "particle_position_z": 0.4563845474006914,
    "particle_weight": 33067341227104.625
  }
}