{
  "beam": {
    "particle_cpu": 0.0,
    "particle_id": 1500500.0,
    "particle_momentum_x": 4.178482505909375e-19,
    "particle_momentum_y": 4.56492260137707e-19,
    "particle_momentum_z": 2.733972888170628e-17,
    "particle_position_x": 0.0003995213395426269,
    "particle_position_y": 0.0004148795632360405,
    "particle_position_z": 1.9019426942919677,
    "particle_weight": 3120754537.230381
  },
  "driver": {
    "particle_cpu": 0.0,
    "particle_id": 500500.0,
    "particle_momentum_x": 4.700436405078562e+21,
    "particle_momentum_y": 4.6785862113093076e+21,
    "particle_momentum_z": 2.9995960930184427e+25,
    "particle_position_x": 0.0015811730311771888,
    "particle_position_y": 0.0016212373149699414,
    "particle_position_z": 0.3041777949865338,
    "particle_weight": 6241509074.460762
  },
  "driverback": {
    "particle_cpu": 0.0,
    "particle_id": 2500500.0,
    "particle_momentum_x": 4.813131349021332e+21,
    "particle_momentum_y": 5.16548074090123e+21,
    "particle_momentum_z": 3.005830430844926e+25,
    "particle_position_x": 0.001649481123084974,
    "particle_position_y": 0.001617221874542843,
    "particle_position_z": 0.4899808854005956,
    "particle_weight": 6241509074.460762
  },
  "lev=0": {
    "Bx": 115361.85363382133,
    "By": 242516.41036288123,
    "Bz": 62078.12299476949,
    "Ex": 119701563770527.33,
    "Ey": 20420746160110.2,
    "Ez": 53561518084714.88,
    "jx": 2.155094272131813e+16,
    "jy": 328438528912277.4,
    "jz": 4525204093100645.0,
    "rho": 22113102.212642767
  },
  "plasma_e": {
    "particle_cpu": 9680.0,
    "particle_id": 117349672.0,
    "particle_momentum_x": 2.6421618201433585e-19,
    "particle_momentum_y": 1.3141433018232061e-20,
    "particle_momentum_z": 2.6326692402728787e-17,
    "particle_position_x": 0.49916042906025937,
    "particle_position_y": 0.4991834641855549,
    "particle_position_z": 0.45626372602154797,
    "particle_weight": 33067341227104.594
  },
  "plasma_p": {
    "particle_cpu": 9680.0,
    "particle_id": 128125448.0,
    "particle_momentum_x": 2.639231047445633e-19,
    "particle_momentum_y": 5.302522423284582e-21,
    "particle_momentum_z": 4.829600619851657e-14,
    "particle_position_x": 0.4991250033821394,
    "particle_position_y": 0.49912499879083844,
    "particle_position_z": 0.45638454727260425,
    "particle_weight": 33067341227104.594
  }
}