{
  "beam": {
    "particle_cpu": 0.0,
    "particle_id": 1500500.0,
    "particle_momentum_x": 4.178482505909375e-19,
    "particle_momentum_y": 4.56492260137707e-19,
    "particle_momentum_z": 2.733972888170628e-17,
    "particle_position_x": 0.0003995213395426269,
    "particle_position_y": 0.0004148795632360405,
    "particle_position_z": 1.901942694291968,
    "particle_weight": 3120754537.230381
  },
  "driver": {
    "particle_cpu": 0.0,
    "particle_id": 500500.0,
    "particle_momentum_x": 4.700436405078562e+21,
    "particle_momentum_y": 4.678586211309308e+21,
    "particle_momentum_z": 2.999596093018443e+25,
    "particle_position_x": 0.001581173031177189,
    "particle_position_y": 0.001621237314969941,
    "particle_position_z": 0.3041777949865338,
    "particle_weight": 6241509074.460762
  },
  "driverback": {
    "particle_cpu": 0.0,
    "particle_id": 2500500.0,
    "particle_momentum_x": 4.813131349021332e+21,
    "particle_momentum_y": 5.16548074090123e+21,
    "particle_momentum_z": 3.005830430844926e+25,
    "particle_position_x": 0.001649481123084974,
    "particle_position_y": 0.001617221874542843,
    "particle_position_z": 0.4899808854005956,
    "particle_weight": 6241509074.460762
  },
  "lev=0": {
    "Bx": 115361.0038275536,
    "By": 242516.8555782368,
    "Bz": 62078.65620313522,
    "Ex": 119698593202911.8,
    "Ey": 20421432908163.69,
    "Ez": 53560655051850.47,
    "jx": 2.155178594647461e+16,
    "jy": 328297136463053.0,
    "jz": 4525013870501478.0,
    "rho": 22112419.13179081
  },
  "plasma_e": {
    "particle_cpu": 9680.0,
    "particle_id": 117349672.0,
    "particle_momentum_x": 2.641865715316341e-19,
    "particle_momentum_y": 1.313717889703809e-20,
    "particle_momentum_z": 2.632668992281552e-17,
    "particle_position_x": 0.4991604237395723,
    "particle_position_y": 0.4991834514585262,
    "particle_position_z": 0.4562637432653081,
    "particle_weight": 33067341227104.594
  },
  "plasma_p": {
    "particle_cpu": 9680.0,
    "particle_id": 128125448.0,
    "particle_momentum_x": 2.638931267762474e-19,
    "particle_momentum_y": 5.297651308472016e-21,
    "particle_momentum_z": 4.829600620023004e-14,
    "particle_position_x": 0.4991250033770061,
    "particle_position_y": 0.4991249987855237,
    "particle_position_z": 0.4563845472659988,
    "particle_weight": 33067341227104.594
  }
}