{
  "beam": {
    "particle_cpu": 0.0,
    "particle_id": 1500500.0,
    "particle_momentum_x": 4.254691979750989e-19,
    "particle_momentum_y": 4.1535435963437147e-19,
    "particle_momentum_z": 2.728767021901075e-17,
    "particle_position_x": 0.001517680460798969,
    "particle_position_y": 0.001493038909816312,
    "particle_position_z": 1.9017771013093303,
    "particle_weight": 3120754537.230381
  },
  "driver": {
    "particle_cpu": 0.0,
    "particle_id": 500500.0,
    "particle_momentum_x": 4.747251762692475e+21,
    "particle_momentum_y": 4.957368621566193e+21,
    "particle_momentum_z": 2.9967719884827463e+25,
    "particle_position_x": 0.0015297460887947526,
    "particle_position_y": 0.0016025569807081841,
    "particle_position_z": 0.30618320806025484,
    "particle_weight": 6241509074.460762
  },
  "driverback": {
    "particle_cpu": 0.0,
    "particle_id": 2500500.0,
    "particle_momentum_x": 4.683153456335865e+21,
    "particle_momentum_y": 5.084648482174756e+21,
    "particle_momentum_z": 2.999729460061163e+25,
    "particle_position_x": 0.0015293780426403722,
    "particle_position_y": 0.0016041310861395035,
    "particle_position_z": 0.4918072823278685,
    "particle_weight": 6241509074.460762
  },
  "lev=0": {
    "Bx": 97770.61191599404,
    "By": 97780.70810712027,
    "Bz": 31.008136828149073,
    "Ex": 12838801235406.88,
    "Ey": 12837507519031.262,
    "Ez": 32438660943782.914,
    "jx": 635272636369.7802,
    "jy": 612269127739.1005,
    "jz": 904274462562314.8
  },
  "plasma_e": {
    "particle_cpu": 4116.0,
    "particle_id": 22919946.0,
    "particle_momentum_x": 5.744114065909579e-22,
    "particle_momentum_y": 5.721131408219794e-22,
    "particle_momentum_z": 1.1184397774427398e-17,
    "particle_position_x": 0.1350592713852672,
    "particle_position_y": 0.13505925001090735,
    "particle_position_z": 0.20362720922167768,
    "particle_weight": 126912632943.36244
  },
  "plasma_p": {
    "particle_cpu": 4116.0,
    "particle_id": 25328394.0,
    "particle_momentum_x": 5.7443089782205155e-22,
    "particle_momentum_y": 5.721334024352466e-22,
    "particle_momentum_z": 2.0535791479091608e-14,
    "particle_position_x": 0.1350562483544117,
    "particle_position_y": 0.13505624836605168,
    "particle_position_z": 0.20362719494726217,
    "particle_weight": 126912632943.36244
  }
}