{
  "beam": {
    "particle_momentum_x": 2.2080215038948936e-16,
    "particle_momentum_y": 2.18711072170811e-16,
    "particle_momentum_z": 2.730924530737497e-15,
    "particle_position_x": 0.0260823588888081,
    "particle_position_y": 0.5049438607316916,
    "particle_weight": 62415.090744607645
  },
  "lev=0": {
    "Bx": 3.721807007218884e-05,
    "By": 0.004860056238272468,
    "Bz": 5.5335765596325185e-06,
    "Ex": 1466447.517373168,
    "Ey": 11214.10223280318,
    "Ez": 283216.0961218869,
    "jx": 16437877.898892513,
    "jy": 2492340.3149980404,
    "jz": 215102423.57036877,
    "rho": 0.7246235591902177
  }
}