{
  "beam": {
    "particle_Bx": 2.6566894511996866e-05,
    "particle_By": 0.0008575397894793725,
    "particle_Bz": 3.651332298602814e-06,
    "particle_Ex": 257689.1138980855,
    "particle_Ey": 8160.730985703307,
    "particle_Ez": 51350.93704570909,
    "particle_cpu": 0.0,
    "particle_id": 2001000.0,
    "particle_momentum_x": 4.2999340454016905e-17,
    "particle_momentum_y": 4.344696093202282e-17,
    "particle_momentum_z": 5.461849061470348e-16,
    "particle_position_x": 0.0034456111132112137,
    "particle_position_y": 0.07923233649650094,
    "particle_weight": 62415.090744607616
  },
  "lev=0": {
    "Bx": 1.513941198974888e-06,
    "By": 8.85534584168081e-05,
    "Bz": 4.396707074392023e-07,
    "Ex": 25441.485248624682,
    "Ey": 459.34935225699587,
    "Ez": 10678.070547975445,
    "jx": 424921.1694915149,
    "jy": 35470.355067401484,
    "jz": 6080440.214795654
  }
}