{
  "electron": {
    "particle_cpu": 0.0,
    "particle_id": 16722176.0,
    "particle_momentum_x": 8.674581973510689e-20,
    "particle_momentum_y": 9.152418326004834e-20,
    "particle_momentum_z": 0.0,
    "particle_position_x": 52.162491649125094,
    "particle_position_y": 128.0,
    "particle_theta": 804.545382888733,
    "particle_weight": 4.841626861764053e+18
  },
  "lev=0": {
    "Ex": 0.0
  },
  "lev=1": {
    "Ex": 0.0
  }
}