{
  "lev=0": {
    "Bx": 4.931220344956312e-09,
    "By": 2.6635901661658562e-08,
    "Bz": 2.746855325939257e-08,
    "Ex": 4.675020865940622,
    "Ey": 7.5577852490766375,
    "Ez": 7.587012481515581,
    "jx": 0.0,
    "jy": 2.96970387975164e-46,
    "jz": 0.0
  }
}