{
  "lev=0": {
    "Bx": 1.4781462317936469e-08,
    "By": 1.512917442958286e-08,
    "Bz": 5.915429077408832e-09,
    "Ex": 4.1350322135643385,
    "Ey": 4.001762235229215,
    "Ez": 1.5351893138260357,
    "jx": 0.0,
    "jy": 3.872879366838377e-62,
    "jz": 0.0
  }
}