{
  "lev=0": {
    "Bx": 2.690805904263046e-08,
    "By": 2.67901440544351e-08,
    "Bz": 6.131245514836944e-09,
    "Ex": 7.670630107132959,
    "Ey": 7.171047170462589,
    "Ez": 4.470310276166253,
    "jx": 0.0,
    "jy": 2.96970387975164e-46,
    "jz": 0.0
  }
}