{
  "lev=0": {
    "Bx": 5.3173130498255016e-09,
    "By": 2.7171916142338513e-08,
    "Bz": 2.795222039240815e-08,
    "Ex": 4.152944711886871,
    "Ey": 7.867836700647592,
    "Ez": 7.8177914065231064,
    "jx": 0.0,
    "jy": 2.9697038995489428e-46,
    "jz": 0.0
  }
}