{
  "lev=0": {
    "Bx": 2.690806271178625e-08,
    "By": 2.679014566496276e-08,
    "Bz": 6.13124241846022e-09,
    "Ex": 7.670630187960505,
    "Ey": 7.171046771146453,
    "Ez": 4.470308884626526,
    "jx": 0.0,
    "jy": 2.96970387975164e-46,
    "jz": 0.0
  }
}