{
  "lev=0": {
    "Bx": 1.477460729891479e-08,
    "By": 1.510559316787155e-08,
    "Bz": 5.811173045189853e-09,
    "Ex": 4.115800746189268,
    "Ey": 3.996703230466946,
    "Ez": 1.535198100311953,
    "jx": 0.0,
    "jy": 3.872879366838377e-62,
    "jz": 0.0
  }
}