{
  "lev=0": {
    "Bx": 3.318520628514503e-08,
    "By": 2.6648419184433823e-08,
    "Bz": 6.4401328323822576e-09,
    "Ex": 7.6666469410765306,
    "Ey": 9.349822701716787,
    "Ez": 4.46803850658491,
    "jx": 0.0,
    "jy": 2.96970387975164e-46,
    "jz": 0.0
  }
}