{
  "lev=0": {
    "Bx": 6.1312424184606115e-09,
    "By": 2.679014566360329e-08,
    "Bz": 2.6908062711786136e-08,
    "Ex": 4.470308886992601,
    "Ey": 7.171046771146154,
    "Ez": 7.670630188490648,
    "jx": 0.0,
    "jy": 2.96970387975164e-46,
    "jz": 0.0
  }
}