{
  "lev=0": {
    "Bx": 8.745514819610906e-16,
    "By": 8.745514819610906e-16,
    "Bz": 0.0,
    "Ex": 2.6218388163301576e-07,
    "Ey": 2.6218388163301576e-07,
    "Ez": 0.0,
    "jx": 1.246187625728227e-47,
    "jy": 1.246187625728227e-47,
    "jz": 0.0
  }
}