{
  "lev=0": {
    "Bx": 1.058149811118771e-06,
    "By": 2.920455686260345e-05,
    "Bz": 2.919471331112547e-05,
    "Ex": 320.9399363664942,
    "Ey": 8755.146273525259,
    "Ez": 8754.28635601422,
    "jx": 0.0,
    "jy": 2.96970387975164e-46,
    "jz": 0.0
  }
}