{
  "lev=0": {
    "Ex": 7439.901947646065,
    "Ey": 0.0,
    "Ez": 7441.226830550871,
    "jx": 0.0,
    "jy": 0.0,
    "jz": 0.0
  }
}