{
  "lev=0": {
    "Ex": 7874.567902742338,
    "Ey": 7876.183218584557,
    "Ez": 7875.262728446799,
    "jx": 0.0,
    "jy": 0.0,
    "jz": 0.0
  }
}
