{
  "beam": {
    "particle_cpu": 0.0,
    "particle_id": 200010000.0,
    "particle_momentum_x": 1.8686640646244794e-32,
    "particle_momentum_y": 1.855704199149793e-32,
    "particle_momentum_z": 1.869671183283969e-32,
    "particle_position_x": 0.031866021988156114,
    "particle_position_y": 0.032281276107277185,
    "particle_position_z": 0.03185444043880588,
    "particle_weight": 0.06241509074460764
  },
  "lev=0": {
    "Ex": 7869.6596181638515,
    "Ey": 7863.981043503829,
    "Ez": 7869.780361756294,
    "jx": 0.0,
    "jy": 0.0,
    "jz": 0.0
  }
}