{
  "lev=0": {
    "Er": 72255.96606177672,
    "Ez": 71623.51168010246,
    "phi": 58464.93722465359,
    "rho": 1.0772761078031449e-06,
    "rho_electrons": 6.438711088973022e-06,
    "rho_protons": 6.929480640191932e-06
  },
  "electrons": {
    "particle_position_x": 38130.08255224234,
    "particle_position_y": 37790.58404346845,
    "particle_position_z": 44977.92212724028,
    "particle_momentum_x": 8.279230649097975e-20,
    "particle_momentum_y": 8.272051432173837e-20,
    "particle_momentum_z": 8.270870644981149e-20,
    "particle_weight": 1141280880062.1797
  },
  "protons": {
    "particle_position_x": 751419.7692410687,
    "particle_position_y": 751691.415610976,
    "particle_position_z": 644518.8462357194,
    "particle_momentum_x": 1.469801034820224e-17,
    "particle_momentum_y": 1.4667040809460947e-17,
    "particle_momentum_z": 1.1629252978273013e-17,
    "particle_weight": 1176105602013.059
  }
}