{
  "lev=0": {
    "Ex": 7869.6596181638515,
    "Ey": 7863.981043503829,
    "Ez": 7869.780361756294,
    "jx": 0.0,
    "jy": 0.0,
    "jz": 0.0
  }
}
