{
  "lev=0": {
    "Ex": 7869.638188829999,
    "Ey": 7871.253214446194,
    "Ez": 7870.333060894928,
    "jx": 0.0,
    "jy": 0.0,
    "jz": 0.0
  }
}