{
  "lev=0": {
    "Ex": 7442.398274068142,
    "Ey": 0.0,
    "Ez": 7443.723183299575,
    "jx": 0.0,
    "jy": 0.0,
    "jz": 0.0
  }
}
