{
  "lev=0": {
    "Ex": 7438.125125466449,
    "Ey": 0.0,
    "Ez": 7438.329203373256,
    "jx": 0.0,
    "jy": 0.0,
    "jz": 0.0
  }
}