{
  "lev=0": {
    "Bx": 58018.206830778014,
    "By": 88412.25641248813,
    "Bz": 63028.38785568341,
    "Ex": 87294986087984.7,
    "Ey": 14567455995937.832,
    "Ez": 84319563939131.92,
    "divE": 9.3547754444717e+22,
    "jx": 2.549397791350535e+19,
    "jy": 2.9362818951630856e+19,
    "jz": 2.6731439000207606e+19,
    "rho": 846359286867.8794
  },
  "protons": {
    "particle_momentum_x": 2.088019539997887e-17,
    "particle_momentum_y": 2.086947126875785e-17,
    "particle_momentum_z": 2.0940357594177255e-17,
    "particle_position_x": 0.004251274413463975,
    "particle_position_y": 0.004251274300177974,
    "particle_weight": 2823958719279159.5
  },
  "electrons": {
    "particle_momentum_x": 4.858827793011859e-19,
    "particle_momentum_y": 4.862445227619648e-19,
    "particle_momentum_z": 4.880462723064323e-19,
    "particle_position_x": 0.004251055434189128,
    "particle_position_y": 0.004251294960418283,
    "particle_weight": 2823958719279159.5
  }
}
