{
  "beam": {
    "particle_cpu": 0.0,
    "particle_id": 150005000.0,
    "particle_momentum_x": 4.341970536840507e-19,
    "particle_momentum_y": 0.0,
    "particle_momentum_z": 4.854125969816336e-17,
    "particle_position_x": 0.000631595029496105,
    "particle_position_y": 0.08491248490855219,
    "particle_weight": 62415090744607.65
  },
  "driver": {
    "particle_cpu": 0.0,
    "particle_id": 50005000.0,
    "particle_momentum_x": 3.7542838320569383e-19,
    "particle_momentum_y": 0.0,
    "particle_momentum_z": 2.7309079886894665e-12,
    "particle_position_x": 0.024301436190284513,
    "particle_position_y": 0.16525755884764823,
    "particle_weight": 208050302482025.38
  },
  "lev=0": {
    "Bx": 0.0,
    "By": 999414.3581034234,
    "Bz": 0.0,
    "Ex": 388778725968159.1,
    "Ey": 0.0,
    "Ez": 475738753763627.9,
    "jx": 3.8453235309975706e+17,
    "jy": 0.0,
    "jz": 6.358921323286822e+17
  },
  "lev=1": {
    "Bx": 0.0,
    "By": 1869003.9426403372,
    "Bz": 0.0,
    "Ex": 876798193970146.4,
    "Ey": 0.0,
    "Ez": 918415238562273.8,
    "jx": 1.536648937833682e+17,
    "jy": 0.0,
    "jz": 4.129783535034742e+17
  },
  "plasma_e": {
    "particle_cpu": 30217.0,
    "particle_id": 1048674286.0,
    "particle_momentum_x": 1.1023996684852916e-18,
    "particle_momentum_y": 0.0,
    "particle_momentum_z": 1.430708750836071e-18,
    "particle_position_x": 0.23607832427125558,
    "particle_position_y": 0.29029734645671285,
    "particle_weight": 5532897949218750.0
  },
  "plasma_p": {
    "particle_cpu": 31872.0,
    "particle_id": 1058217024.0,
    "particle_momentum_x": 1.856467736176977e-18,
    "particle_momentum_y": 0.0,
    "particle_momentum_z": 2.416775960843685e-18,
    "particle_position_x": 0.2390466856387225,
    "particle_position_y": 0.31004658573281996,
    "particle_weight": 5835937500000001.0
  }
}