{
  "beam": {
    "particle_momentum_x": 4.387311767094113e-19,
    "particle_momentum_y": 0.0,
    "particle_momentum_z": 4.8517704675491335e-17,
    "particle_position_x": 0.0006657033783750815,
    "particle_position_y": 0.0849140891423501,
    "particle_weight": 62415090744607.65
  },
  "driver": {
    "particle_momentum_x": 3.7542838320569383e-19,
    "particle_momentum_y": 0.0,
    "particle_momentum_z": 2.7309079886894665e-12,
    "particle_position_x": 0.024301436190284513,
    "particle_position_y": 0.16525755884764823,
    "particle_weight": 208050302482025.38
  },
  "lev=0": {
    "Bx": 0.0,
    "By": 1003061.0884665609,
    "Bz": 0.0,
    "Ex": 392507850324287.3,
    "Ey": 0.0,
    "Ez": 474756663379922.6,
    "jx": 3.88537943199684e+17,
    "jy": 0.0,
    "jz": 6.354163086053307e+17
  },
  "lev=1": {
    "Bx": 0.0,
    "By": 1852424.496345662,
    "Bz": 0.0,
    "Ex": 869799620435717.6,
    "Ey": 0.0,
    "Ez": 917784231212460.1,
    "jx": 1.5425231891252467e+17,
    "jy": 0.0,
    "jz": 4.132752674206236e+17
  },
  "plasma_e": {
    "particle_momentum_x": 1.1104588339830376e-18,
    "particle_momentum_y": 0.0,
    "particle_momentum_z": 1.430771356992691e-18,
    "particle_position_x": 0.2360890298892107,
    "particle_position_y": 0.29029221403997085,
    "particle_weight": 5532897949218750.0
  },
  "plasma_p": {
    "particle_momentum_x": 1.8415768930713125e-18,
    "particle_momentum_y": 0.0,
    "particle_momentum_z": 2.4177122400240747e-18,
    "particle_position_x": 0.23904653079854968,
    "particle_position_y": 0.31004660311791954,
    "particle_weight": 5835937500000001.0
  }
}