{
  "lev=0": {
    "Bx": 60986.14027968379,
    "By": 81807.16925197575,
    "Bz": 51620.23830412359,
    "Ex": 56569963234064.06,
    "Ey": 15735696324387.898,
    "Ez": 53301895885240.7,
    "divE": 5.10172977366128e+22,
    "jx": 1.7511741282649858e+19,
    "jy": 2.1441037234086957e+19,
    "jz": 1.8956446467052007e+19,
    "rho": 451716735861.51776
  },
  "electrons": {
    "particle_momentum_x": 4.864934380680235e-19,
    "particle_momentum_y": 4.862649855848387e-19,
    "particle_momentum_z": 4.884107133942756e-19,
    "particle_position_x": 0.004250258285605058,
    "particle_position_y": 0.004250550955854736,
    "particle_weight": 2823958719279159.5
  },
  "protons": {
    "particle_momentum_x": 2.088034298114596e-17,
    "particle_momentum_y": 2.0869487719950244e-17,
    "particle_momentum_z": 2.094045881084313e-17,
    "particle_position_x": 0.004251274413462257,
    "particle_position_y": 0.004251274300177191,
    "particle_weight": 2823958719279159.5
  }
}
