{
  "electrons": {
    "particle_cpu": 65536.0,
    "particle_id": 4514709504.0,
    "particle_momentum_x": 2.7516595357013116e-19,
    "particle_momentum_y": 2.800047416977248e-19,
    "particle_momentum_z": 2.806640757461264e-19,
    "particle_position_x": 1.3107178154236696,
    "particle_position_y": 1.3107217288877115,
    "particle_position_z": 1.3107252280878405,
    "particle_weight": 640000000000.0001
  },
  "lev=0": {
    "Bx": 24033.816183126673,
    "By": 26073.70179692275,
    "Bz": 26368.743925150877,
    "Ex": 19071548908194.086,
    "Ey": 13964737275990.637,
    "Ez": 14183197019682.756,
    "jx": 2.133950217949798e+16,
    "jy": 2.4009322702647948e+16,
    "jz": 2.381280948141096e+16,
    "rho": 105000247885.82397
  }
}