{
  "electrons": {
    "particle_cpu": 32768.0,
    "particle_id": 1123057664.0,
    "particle_momentum_x": 1.351015959339252e-19,
    "particle_momentum_y": 1.4247897414482528e-19,
    "particle_momentum_z": 1.358343918790746e-19,
    "particle_position_x": 0.6553599081141356,
    "particle_position_y": 0.6553620079552859,
    "particle_weight": 1.6000000000000002e+16
  },
  "lev=0": {
    "Bx": 6362.562365105747,
    "By": 9622.626616045134,
    "Bz": 6417.953753398021,
    "Ex": 10607778038019.984,
    "Ey": 1627265270356.6423,
    "Ez": 10450213691298.174,
    "jx": 1.2606677884787384e+16,
    "jy": 1.219056667096164e+16,
    "jz": 1.2408942160248124e+16
  }
}