{
  "lev=0": {
    "Bx": 0.0811140162469097,
    "By": 0.07058099254757608,
    "Bz": 0.0005729526575400734,
    "Ex": 21266592.9716952,
    "Ey": 24440951.973547883,
    "Ez": 7582365.040786855,
    "F": 0.027190307812199957,
    "divE": 24536354.190878473,
    "jx": 1366.1033003414032,
    "jy": 1637.9645074634182,
    "jz": 35568.5351154838,
    "rho": 0.00011957601037049085
  },
  "electrons": {
    "particle_momentum_x": 2.9815197391565616e-21,
    "particle_momentum_y": 3.408273367343654e-21,
    "particle_momentum_z": 8.90386067484371e-17,
    "particle_position_x": 158433.48185289957,
    "particle_position_y": 158433.09200450795,
    "particle_position_z": 158433.27893320384,
    "particle_weight": 2.041377132710917e+18
  },
  "ions": {
    "particle_momentum_x": 1.309065115439886e-18,
    "particle_momentum_y": 1.2980829210817213e-18,
    "particle_momentum_z": 1.6348805503228205e-13,
    "particle_position_x": 158433.37544640875,
    "particle_position_y": 158433.1034899643,
    "particle_position_z": 158433.2774668064,
    "particle_weight": 2.041377132710917e+18
  }
}