{
  "electron": {
    "particle_momentum_x": 1.349066061e-13,
    "particle_momentum_y": 0.0,
    "particle_momentum_z": 1.349066061e-13,
    "particle_position_x": 14.351043713724023,
    "particle_position_y": 14.351043713724023,
    "particle_weight": 1.0
  },
  "ion": {
    "particle_momentum_x": 1.349066061e-13,
    "particle_momentum_y": 0.0,
    "particle_momentum_z": 1.349066061e-13,
    "particle_position_x": 14.351043713724023,
    "particle_position_y": 14.351043713724023,
    "particle_weight": 1.0
  },
  "lev=0": {
    "By": 4.885006871760807e-15,
    "Ex": 1.574809855540070e-06,
    "Ez": 1.574543299081378e-06,
    "divE": 7.364328594717978e-08,
    "jx": 7.964213055335040e-11,
    "jz": 7.969656127556990e-11,
    "rho": 6.481496783075554e-19
  }
}