{
  "electron": {
    "particle_cpu": 0.0,
    "particle_id": 1.0,
    "particle_momentum_x": 1.349066061e-13,
    "particle_momentum_y": 0.0,
    "particle_momentum_z": 1.349066061e-13,
    "particle_position_x": 14.351043713724023,
    "particle_position_y": 14.351043713724023,
    "particle_weight": 1.0
  },
  "ion": {
    "particle_cpu": 0.0,
    "particle_id": 2.0,
    "particle_momentum_x": 1.349066061e-13,
    "particle_momentum_y": 0.0,
    "particle_momentum_z": 1.349066061e-13,
    "particle_position_x": 14.351043713724023,
    "particle_position_y": 14.351043713724023,
    "particle_weight": 1.0
  },
  "lev=0": {
    "By": 4.885006871760804e-15,
    "Ex": 1.57480985554007e-06,
    "Ez": 1.5745432990813782e-06,
    "divE": 7.36432859471803e-08,
    "jx": 7.964213055335061e-11,
    "jz": 7.969656127556963e-11,
    "rho": 6.481496783075554e-19
  }
}