{
  "electron": {
    "ux": 0.5,
    "uy": 0.0,
    "uz": 0.5,
    "x": 14.351043713724023,
    "z": 14.351043713724023,
    "w": 1.0
  },
  "ion": {
    "ux": 0.5,
    "uy": 0.0,
    "uz": 0.5,
    "x": 14.351043713724023,
    "z": 14.351043713724023,
    "w": 1.0
  },
  "lev=0": {
    "By": 4.8850423335524976e-15,
    "Ex": 1.5748554237210878e-06,
    "Ez": 1.5745640654762762e-06,
    "divE": 7.364434433257197e-08,
    "jx": 7.96477185276095e-11,
    "jz": 7.971109000864354e-11,
    "rho": 6.481496783075554e-19
  }
}
