{
  "electron": {
    "ux": 0.5,
    "uy": 0.5,
    "uz": 0.5,
    "x": 13.286484722880228,
    "y": 13.286484722880228,
    "z": 13.286484722880228,
    "w": 1.0
  },
  "ion": {
    "ux": 0.5,
    "uy": 0.5,
    "uz": 0.5,
    "x": 13.286484722880228,
    "y": 13.286484722880228,
    "z": 13.286484722880228,
    "w": 1.0
  },
  "lev=0": {
    "Bx": 8.481813081143231e-16,
    "By": 8.481813081143229e-16,
    "Bz": 8.481813081143229e-16,
    "Ex": 3.0819459288113856e-07,
    "Ey": 3.0819459288113856e-07,
    "Ez": 3.0819459288113856e-07,
    "divE": 1.317737929174611e-08,
    "jx": 1.3111027684847054e-11,
    "jy": 1.311102768484716e-11,
    "jz": 1.3111027684847218e-11,
    "rho": 1.1522660947689872e-19
  }
}
