{
  "electron": {
    "particle_momentum_x": 1.349066061e-13,
    "particle_momentum_y": 1.349066061e-13,
    "particle_momentum_z": 1.349066061e-13,
    "particle_position_x": 13.286484722880228,
    "particle_position_y": 13.286484722880228,
    "particle_position_z": 13.286484722880228,
    "particle_weight": 1.0
  },
  "ion": {
    "particle_momentum_x": 1.349066061e-13,
    "particle_momentum_y": 1.349066061e-13,
    "particle_momentum_z": 1.349066061e-13,
    "particle_position_x": 13.286484722880228,
    "particle_position_y": 13.286484722880228,
    "particle_position_z": 13.286484722880228,
    "particle_weight": 1.0
  },
  "lev=0": {
    "Bx": 8.466212321098806e-16,
    "By": 8.466212321098808e-16,
    "Bz": 8.466212321098809e-16,
    "Ex": 3.0867166727949433e-07,
    "Ey": 3.086716672794942e-07,
    "Ez": 3.0867166727949423e-07,
    "divE": 1.3491757221733262e-08,
    "jx": 1.323125382083379e-11,
    "jy": 1.32312538208339e-11,
    "jz": 1.323125382083396e-11,
    "rho": 1.1522660947689872e-19
  }
}