{
  "electron": {
    "particle_cpu": 0.0,
    "particle_id": 1.0,
    "particle_momentum_x": 1.349066061e-13,
    "particle_momentum_y": 7.155178944292396e-54,
    "particle_momentum_z": 1.349066061e-13,
    "particle_position_x": 14.351043713724023,
    "particle_position_y": 1.5654358403878406e-39,
    "particle_position_z": 14.351043713724023,
    "particle_weight": 1.0
  },
  "ion": {
    "particle_cpu": 0.0,
    "particle_id": 2.0,
    "particle_momentum_x": 1.349066061e-13,
    "particle_momentum_y": 1.9246395851942322e-52,
    "particle_momentum_z": 1.349066061e-13,
    "particle_position_x": 14.351043713724023,
    "particle_position_y": 7.981996231069982e-39,
    "particle_position_z": 14.351043713724023,
    "particle_weight": 1.0
  },
  "lev=0": {
    "Bx": 6.399959533845253e-16,
    "By": 9.013727732078368e-16,
    "Bz": 6.399959533845283e-16,
    "Ex": 3.1021542114719134e-07,
    "Ey": 2.2395520899789646e-07,
    "Ez": 3.102154211471903e-07,
    "divE": 1.3117989373270456e-08,
    "jx": 1.416184073009036e-11,
    "jy": 0.0,
    "jz": 1.4161840730090395e-11,
    "rho": 1.1522660947689874e-19
  }
}